# Blender 4.5.3 LTS
# www.blender.org
mtllib mago.mtl
o Mage_ArmRight
v -0.157360 1.185870 0.081038
v -0.157362 1.185870 -0.081040
v -0.157360 1.023793 0.081038
v -0.157362 1.023793 -0.081040
v -0.934774 1.021093 0.079652
v -0.934774 1.180399 0.079652
v -0.934774 1.021093 -0.079654
v -0.934774 1.180399 -0.079654
v -0.798557 1.024632 0.078654
v -0.798557 1.176907 0.078654
v -0.798556 1.024632 -0.078045
v -0.798556 1.176907 -0.078045
v -0.462370 1.185436 0.080608
v -0.157361 1.208662 -0.044319
v -0.157360 1.208662 0.044317
v -0.462369 1.185436 -0.080602
v -0.157362 1.060513 -0.103832
v -0.157362 1.149149 -0.103832
v -0.462369 1.024226 -0.080603
v -0.157360 1.001000 0.044317
v -0.157361 1.001000 -0.044319
v -0.462370 1.024226 0.080607
v -0.157360 1.149149 0.103830
v -0.157360 1.060513 0.103830
v -0.946392 1.009474 -0.046369
v -0.946392 1.009474 0.046366
v -0.946392 1.055394 0.091271
v -0.946392 1.147457 0.091271
v -0.946392 1.192018 0.046366
v -0.946392 1.192018 -0.046368
v -0.946392 1.147457 -0.091273
v -0.946392 1.055394 -0.091273
v -0.835221 1.009474 -0.091273
v -0.110916 1.186144 0.041951
v -0.904604 1.009474 -0.091273
v -0.904604 1.192018 -0.091273
v -0.110916 1.186144 -0.041954
v -0.835221 1.192018 -0.091273
v -0.798556 1.145419 -0.089473
v -0.798556 1.057419 -0.089473
v -0.798557 1.013526 0.045913
v -0.798556 1.013526 -0.045304
v -0.798556 1.188013 -0.045304
v -0.798557 1.188013 0.045913
v -0.798557 1.145419 0.090083
v -0.798557 1.057419 0.090083
v -0.904604 1.009474 0.091271
v -0.110916 1.024094 -0.041954
v -0.835221 1.009474 0.091271
v -0.835221 1.192018 0.091271
v -0.110915 1.024094 0.041951
v -0.904605 1.192018 0.091271
v -0.462609 1.208113 0.044082
v -0.462609 1.208113 -0.044077
v -0.462608 1.148910 -0.103279
v -0.462608 1.060752 -0.103279
v -0.462609 1.001550 -0.044077
v -0.462609 1.001550 0.044082
v -0.462609 1.060752 0.103284
v -0.462610 1.148910 0.103284
v -0.971253 1.055394 0.046366
v -0.971253 1.147457 0.046366
v -0.971253 1.055394 -0.046368
v -0.971253 1.147457 -0.046368
v -0.904604 1.055394 -0.116134
v -0.904604 1.147457 -0.116134
v -0.110917 1.063166 -0.081026
v -0.110917 1.147072 -0.081026
v -0.835221 1.055394 -0.116134
v -0.835221 1.147457 -0.116134
v -0.088846 1.149830 0.044710
v -0.835221 1.055394 0.116131
v -0.088846 1.060407 0.044710
v -0.835221 1.147457 0.116131
v -0.088847 1.149830 -0.044713
v -0.904604 1.055394 0.116131
v -0.088846 1.060407 -0.044713
v -0.904604 1.147457 0.116132
v -0.904604 0.984613 -0.046369
v -0.121231 1.175830 -0.070712
v -0.835221 0.984613 -0.046369
v -0.904604 0.984613 0.046366
v -0.121231 1.034408 -0.070712
v -0.835221 0.984613 0.046366
v -0.835221 1.206182 -0.046369
v -0.121229 1.175830 0.070710
v -0.904604 1.206182 -0.046368
v -0.110915 1.063166 0.081024
v -0.110915 1.147072 0.081024
v -0.835221 1.206182 0.046366
v -0.121229 1.034408 0.070710
v -0.904605 1.206182 0.046366
v -0.775529 1.218549 0.104377
v -0.775527 1.218549 -0.104378
v -0.775527 0.991190 -0.104379
v -0.775529 0.991190 0.104377
v -0.775529 1.252455 0.052476
v -0.775528 1.252455 -0.052477
v -0.775527 1.162022 -0.135510
v -0.775527 1.047716 -0.135510
v -0.775527 0.957284 -0.052477
v -0.775528 0.957284 0.052476
v -0.775529 1.047716 0.135508
v -0.775529 1.162022 0.135508
v -0.544741 1.183918 0.079088
v -0.544740 1.183918 -0.079085
v -0.544740 1.025744 -0.079085
v -0.544741 1.025744 0.079088
v -0.544861 1.206189 0.043245
v -0.544860 1.206189 -0.043241
v -0.544859 1.148074 -0.101356
v -0.544859 1.061588 -0.101356
v -0.544860 1.003473 -0.043241
v -0.544861 1.003473 0.043245
v -0.544861 1.061588 0.101360
v -0.544861 1.148074 0.101360
v -0.157362 1.104831 -0.103832
v -0.157360 1.104831 0.103830
v -0.946392 1.103134 0.091271
v -0.946392 1.103134 -0.091273
v -0.798556 1.103052 -0.089473
v -0.798557 1.103052 0.090083
v -0.462608 1.103135 -0.103279
v -0.462609 1.103135 0.103284
v -0.971253 1.103134 0.046366
v -0.971253 1.103134 -0.046368
v -0.904604 1.103135 -0.116134
v -0.835221 1.103135 -0.116134
v -0.088847 1.105119 -0.044713
v -0.835221 1.103134 0.116131
v -0.904604 1.103134 0.116132
v -0.110917 1.105119 -0.081026
v -0.088846 1.105119 0.044710
v -0.110915 1.105119 0.081024
v -0.775527 1.102920 -0.135510
v -0.775529 1.102919 0.135508
v -0.544861 1.103135 0.101360
v -0.544859 1.103135 -0.101356
v -0.382663 1.185653 0.080824
v -0.382665 1.185653 -0.080820
v -0.382665 1.024009 -0.080820
v -0.382663 1.024009 0.080824
v -0.382784 1.208387 0.044201
v -0.382784 1.208387 -0.044197
v -0.382785 1.149030 -0.103554
v -0.382785 1.060632 -0.103554
v -0.382784 1.001275 -0.044197
v -0.382784 1.001275 0.044201
v -0.382783 1.060632 0.103558
v -0.382783 1.149030 0.103558
v -0.382783 1.104831 0.103558
v -0.382785 1.104831 -0.103554
v -0.610435 1.103010 -0.108865
v -0.610437 1.103010 0.108866
v -0.610437 1.151288 0.108866
v -0.610437 1.058412 0.108866
v -0.610436 0.995985 0.046439
v -0.610435 0.995985 -0.046437
v -0.610434 1.058412 -0.108865
v -0.610435 1.151288 -0.108865
v -0.610435 1.213716 -0.046437
v -0.610436 1.213716 0.046439
v -0.610372 1.189785 0.084936
v -0.610371 1.019915 0.084936
v -0.610370 1.019915 -0.084934
v -0.610370 1.189785 -0.084934
v -0.270012 1.185762 0.080931
v -0.270071 1.104831 0.103694
v -0.270074 1.104831 -0.103693
v -0.270013 1.185762 -0.080930
v -0.270013 1.023901 -0.080930
v -0.270011 1.023901 0.080931
v -0.270072 1.208525 0.044259
v -0.270073 1.208525 -0.044258
v -0.270074 1.149089 -0.103693
v -0.270073 1.060573 -0.103693
v -0.270073 1.001138 -0.044258
v -0.270072 1.001137 0.044259
v -0.270071 1.060573 0.103694
v -0.270071 1.149090 0.103694
v -0.683242 1.202716 0.097901
v -0.706914 1.206869 0.100847
v -0.695089 1.195237 0.090125
v -0.706912 1.206869 -0.100847
v -0.683240 1.202716 -0.097901
v -0.695087 1.195237 -0.090125
v -0.706913 1.002769 -0.100847
v -0.683240 1.006914 -0.097901
v -0.695087 1.014347 -0.090125
v -0.706915 1.002769 0.100847
v -0.683242 1.006914 0.097901
v -0.695089 1.014347 0.090125
v -0.683229 1.232179 0.049702
v -0.706827 1.237713 0.050741
v -0.695066 1.222574 0.045469
v -0.706826 1.237713 -0.050742
v -0.683228 1.232179 -0.049702
v -0.695065 1.222574 -0.045469
v -0.707011 1.156180 -0.131367
v -0.683228 1.154516 -0.127365
v -0.695106 1.150425 -0.117377
v -0.707012 1.053458 -0.131368
v -0.683228 1.055113 -0.127365
v -0.695106 1.059159 -0.117377
v -0.683229 0.977450 -0.049702
v -0.706828 0.971925 -0.050742
v -0.695065 0.987010 -0.045469
v -0.706829 0.971925 0.050741
v -0.683230 0.977450 0.049702
v -0.695066 0.987010 0.045468
v -0.707015 1.053458 0.131367
v -0.683231 1.055113 0.127365
v -0.695109 1.059159 0.117377
v -0.707014 1.156180 0.131367
v -0.683231 1.154516 0.127365
v -0.695108 1.150425 0.117377
v -0.683229 1.103230 -0.127365
v -0.707016 1.103207 -0.131368
v -0.695107 1.103361 -0.117377
v -0.683232 1.103230 0.127365
v -0.707019 1.103207 0.131368
v -0.695110 1.103361 0.117377
v -0.798556 1.198864 -0.093587
v -0.798556 1.221808 -0.049955
v -0.798555 1.052049 -0.115726
v -0.798556 1.006786 -0.093587
v -0.798557 0.983842 0.050564
v -0.798557 1.006786 0.094197
v -0.798557 1.198864 0.094197
v -0.798557 1.221809 0.050564
v -0.798557 1.154239 0.116335
v -0.798556 1.154239 -0.115726
v -0.798556 0.983842 -0.049955
v -0.798557 1.052049 0.116335
v -0.798557 1.102941 0.116335
v -0.798556 1.102941 -0.115726
vn 0.2414 0.6862 0.6862
vn 0.2498 0.2599 0.9328
vn 0.1886 0.2720 0.9436
vn 0.1852 0.6949 0.6948
vn -0.0025 0.9617 -0.2742
vn -0.0145 0.9615 -0.2745
vn -0.0145 0.9615 0.2745
vn -0.0025 0.9617 0.2742
vn -0.6529 0.1706 0.7380
vn -0.2893 0.2513 0.9237
vn -0.7097 0.5005 0.4958
vn -0.8925 0.2938 0.3421
vn 0.0502 0.7062 0.7062
vn -0.0148 0.7070 0.7070
vn 0.0495 0.9609 0.2724
vn -0.0013 0.7071 0.7071
vn 0.1967 0.6931 0.6935
vn 0.2093 0.9433 0.2576
vn -0.0013 0.9617 0.2742
vn -0.9093 -0.3971 0.1246
vn -0.7346 -0.6571 0.1689
vn -0.2658 -0.6755 0.6878
vn -0.6549 -0.5016 0.5653
vn -0.0013 0.9617 -0.2742
vn 0.2093 0.9433 -0.2576
vn 0.1967 0.6931 -0.6935
vn -0.0014 0.7071 -0.7071
vn 0.0495 0.9609 -0.2724
vn -0.0148 0.7070 -0.7070
vn 0.0503 0.7062 -0.7062
vn -1.0000 -0.0000 -0.0000
vn -0.0023 -0.0000 1.0000
vn -0.0025 0.2742 0.9617
vn -0.0134 -0.0000 0.9999
vn -0.0134 -0.0000 -0.9999
vn -0.0145 0.2745 -0.9615
vn -0.0025 0.2742 -0.9617
vn -0.6639 0.1691 -0.7284
vn -0.2955 0.2505 -0.9219
vn -0.3190 -0.0000 -0.9478
vn -0.6517 -0.0000 -0.7585
vn 0.0495 0.2724 -0.9609
vn 0.2111 0.2571 -0.9430
vn -0.0013 0.2742 -0.9617
vn -0.9261 0.3600 -0.1131
vn -0.8953 0.2913 -0.3371
vn -0.0013 -0.2742 -0.9617
vn 0.2123 -0.2579 -0.9425
vn 0.2005 -0.6929 -0.6926
vn -0.0014 -0.7071 -0.7071
vn 0.0494 -0.2724 -0.9609
vn -0.0145 -0.2745 -0.9615
vn -0.0148 -0.7070 -0.7070
vn 0.0501 -0.7062 -0.7062
vn -0.6398 -0.0000 0.7685
vn -0.3117 -0.0000 0.9502
vn -0.2702 -0.6740 -0.6875
vn 0.4882 -0.6024 -0.6315
vn 0.5119 -0.8238 -0.2435
vn 0.2017 -0.9421 -0.2680
vn -0.0025 -0.9617 0.2742
vn -0.0145 -0.9615 0.2745
vn -0.0145 -0.9615 -0.2745
vn -0.0025 -0.9617 -0.2742
vn -0.9103 -0.3954 -0.1225
vn -0.7364 -0.6549 -0.1700
vn 0.0493 -0.9609 -0.2724
vn 0.2141 -0.9423 -0.2575
vn -0.0013 -0.9617 -0.2742
vn -0.0013 -0.9617 0.2742
vn 0.2141 -0.9423 0.2575
vn 0.2005 -0.6929 0.6926
vn -0.0013 -0.7071 0.7071
vn 0.0493 -0.9609 0.2724
vn -0.0148 -0.7070 0.7070
vn 0.0500 -0.7062 0.7062
vn 0.0879 0.2463 -0.9652
vn 0.0603 -0.0000 -0.9982
vn 0.0494 -0.2724 0.9609
vn -0.0145 -0.2745 0.9615
vn -0.0025 -0.2742 0.9617
vn 0.0603 -0.0000 0.9982
vn 0.0879 0.2463 0.9652
vn 0.2123 -0.2579 0.9425
vn -0.0013 -0.2742 0.9617
vn -0.0013 0.2742 0.9617
vn 0.2111 0.2571 0.9430
vn 0.0494 0.2724 0.9609
vn -0.0145 0.2745 0.9615
vn 0.1887 -0.2719 0.9437
vn 0.1804 -0.0000 0.9836
vn 0.2463 -0.0000 0.9692
vn 0.2500 -0.2600 0.9327
vn 0.0876 -0.2465 -0.9652
vn -0.2858 -0.2453 -0.9264
vn -0.9682 -0.0000 0.2501
vn -0.9428 0.2365 0.2349
vn -0.9428 0.2365 -0.2349
vn -0.9682 -0.0000 -0.2501
vn -0.7180 -0.0000 0.6960
vn -0.7005 0.2218 0.6783
vn -0.5971 -0.5633 0.5711
vn -0.7015 -0.2157 0.6792
vn -0.9443 -0.2305 0.2350
vn -0.7040 -0.6751 0.2205
vn -0.6407 0.7415 0.1991
vn -0.6407 0.7415 -0.1992
vn -0.5704 0.6133 0.5463
vn -0.7005 0.2218 -0.6783
vn -0.7180 -0.0000 -0.6960
vn -0.5704 0.6133 -0.5463
vn -0.9443 -0.2305 -0.2350
vn -0.7040 -0.6751 -0.2205
vn -0.7015 -0.2157 -0.6792
vn -0.5971 -0.5633 -0.5711
vn -0.2134 0.7472 -0.6294
vn 0.2483 0.7423 -0.6224
vn 0.2815 0.2250 -0.9328
vn -0.2497 0.2363 -0.9390
vn 0.6568 -0.2294 -0.7183
vn 0.5344 -0.5972 -0.5981
vn -0.2651 -0.0000 -0.9642
vn -0.2498 -0.2303 -0.9405
vn -0.2366 -0.6837 -0.6904
vn 0.3092 -0.0000 -0.9510
vn 0.5575 0.1952 -0.8069
vn 0.5881 -0.0000 -0.8088
vn 0.2815 -0.2193 -0.9342
vn 0.2707 -0.6803 -0.6811
vn 0.6581 -0.7170 0.2298
vn 0.9311 -0.2580 0.2580
vn 0.6568 -0.2294 0.7183
vn 0.5344 -0.5972 0.5981
vn 0.5076 0.6494 -0.5662
vn 0.5301 0.6000 -0.5992
vn 0.6544 0.7203 -0.2301
vn 0.6544 0.7203 0.2301
vn 0.5571 -0.1892 -0.8086
vn 0.5445 -0.5874 -0.5987
vn 0.3040 -0.0000 0.9527
vn -0.2651 -0.0000 0.9642
vn -0.2498 -0.2303 0.9405
vn 0.2765 -0.2196 0.9356
vn 0.6581 -0.7170 -0.2298
vn 0.9311 -0.2580 -0.2580
vn 0.6747 -0.0000 0.7381
vn 0.2257 -0.0000 0.9742
vn 0.6557 0.2304 0.7190
vn 0.5301 0.6000 0.5992
vn -0.2792 -0.2459 0.9282
vn -0.6350 -0.1878 0.7493
vn 0.2447 0.7436 0.6223
vn -0.2134 0.7472 0.6294
vn -0.2497 0.2363 0.9390
vn 0.2765 0.2254 0.9342
vn 0.9311 0.2580 0.2580
vn 0.5792 -0.0000 0.8152
vn 0.5478 -0.1903 0.8147
vn 0.6557 0.2304 -0.7190
vn 0.5373 -0.5890 0.6036
vn 0.2672 -0.6816 0.6812
vn 0.5482 0.1963 0.8130
vn 0.5008 0.6505 0.5710
vn -0.2366 -0.6837 0.6904
vn 0.9630 -0.0000 0.2697
vn 0.2964 -0.9294 -0.2200
vn -0.2497 -0.9394 -0.2348
vn 0.2256 -0.0000 -0.9742
vn 0.6747 -0.0000 -0.7381
vn 0.2956 -0.9298 0.2194
vn -0.2497 -0.9394 0.2348
vn 0.9311 0.2580 -0.2580
vn 0.5806 -0.7913 0.1916
vn 0.5831 -0.7900 -0.1895
vn -0.1736 0.9714 -0.1621
vn -0.1736 0.9714 0.1621
vn 0.2239 0.9633 0.1478
vn 0.2249 0.9630 -0.1484
vn 0.9629 -0.0000 -0.2697
vn 0.4471 0.8828 -0.1442
vn 0.4451 0.8835 0.1457
vn -0.7823 0.6037 0.1536
vn -0.9252 0.3615 0.1149
vn 0.4882 -0.6024 0.6315
vn 0.0875 -0.2465 0.9652
vn 0.1886 0.9437 0.2719
vn 0.2495 0.9328 0.2600
vn 0.5119 -0.8238 0.2435
vn 0.2017 -0.9421 0.2680
vn 0.1853 -0.6948 -0.6949
vn 0.2421 -0.6861 -0.6860
vn 0.2500 -0.2600 -0.9327
vn 0.1887 -0.2719 -0.9437
vn 0.1852 0.6949 -0.6948
vn 0.2414 0.6862 -0.6862
vn 0.2495 0.9328 -0.2600
vn 0.1886 0.9437 -0.2719
vn 0.1888 -0.9436 -0.2719
vn 0.1887 -0.9436 0.2719
vn 0.2503 -0.9326 0.2599
vn 0.2503 -0.9326 -0.2599
vn 0.1853 -0.6948 0.6949
vn 0.2420 -0.6861 0.6861
vn 0.1886 0.2720 -0.9436
vn 0.2498 0.2599 -0.9328
vn 0.2030 0.9418 -0.2678
vn 0.5131 0.8231 -0.2433
vn 0.4891 0.6020 -0.6312
vn 0.1521 0.6923 -0.7054
vn 0.4891 0.6020 0.6312
vn 0.1521 0.6923 0.7054
vn 0.1804 -0.0000 -0.9836
vn 0.0453 -0.0000 -0.9990
vn 0.2463 -0.0000 -0.9692
vn -0.0025 -0.2742 -0.9617
vn -0.0023 -0.0000 -1.0000
vn 0.0453 -0.0000 0.9990
vn -0.0012 -0.0000 -1.0000
vn -0.0012 -0.0000 1.0000
vn -0.0026 0.7071 0.7071
vn -0.0026 -0.7071 0.7071
vn -0.0026 -0.7071 -0.7071
vn -0.0026 0.7071 -0.7071
vn 0.5131 0.8231 0.2433
vn 0.2030 0.9418 0.2678
vn 0.8047 0.5729 0.1561
vn 0.8047 0.5729 -0.1560
vn -0.6589 0.7279 0.1898
vn -0.6607 0.7197 0.2132
vn -0.6607 0.7197 -0.2133
vn -0.6589 0.7279 -0.1898
vn 0.7999 0.4191 0.4295
vn -0.6739 0.5234 0.5215
vn -0.6739 0.5214 0.5234
vn -0.6739 0.5214 -0.5234
vn -0.6739 0.5234 -0.5215
vn 0.7999 0.4191 -0.4295
vn 0.7615 -0.0000 -0.6481
vn 0.7843 -0.1543 -0.6009
vn 0.7856 -0.1729 -0.5941
vn -0.6436 -0.0000 -0.7654
vn -0.6692 -0.2089 -0.7131
vn -0.6681 -0.1902 -0.7193
vn 0.7845 0.1539 -0.6007
vn 0.7859 0.1730 -0.5936
vn -0.6696 0.2091 -0.7126
vn -0.6685 0.1897 -0.7191
vn -0.6728 -0.5220 -0.5243
vn -0.6728 -0.5243 -0.5220
vn 0.7992 -0.4199 -0.4300
vn 0.8037 -0.5742 -0.1563
vn 0.8037 -0.5741 0.1563
vn -0.6573 -0.7293 -0.1900
vn -0.6592 -0.7210 -0.2138
vn -0.6592 -0.7210 0.2137
vn -0.6573 -0.7293 0.1900
vn -0.6728 -0.5220 0.5243
vn -0.6728 -0.5243 0.5220
vn 0.7992 -0.4199 0.4301
vn 0.7615 -0.0000 0.6481
vn 0.7845 0.1539 0.6007
vn 0.7859 0.1730 0.5936
vn -0.6436 -0.0000 0.7654
vn -0.6696 0.2091 0.7126
vn -0.6685 0.1897 0.7191
vn 0.7842 -0.1543 0.6010
vn 0.7856 -0.1729 0.5941
vn -0.6692 -0.2089 0.7131
vn -0.6682 -0.1902 0.7193
vn -0.7836 0.6017 -0.1545
vn -0.7159 0.4949 -0.4925
vn -0.6637 -0.4982 -0.5580
vn -0.6466 -0.1861 -0.7398
vt 0.085155 0.648488
vt 0.085155 0.638509
vt 0.077282 0.637840
vt 0.077276 0.645812
vt 0.052664 0.679577
vt 0.061296 0.679518
vt 0.597627 0.914804
vt 0.595138 0.915645
vt 0.595138 0.921759
vt 0.597627 0.919630
vt 0.070180 0.644596
vt 0.061269 0.644910
vt 0.070190 0.679121
vt 0.040468 0.644979
vt 0.028287 0.644999
vt 0.028287 0.679633
vt 0.040476 0.679604
vt 0.597627 0.880752
vt 0.595138 0.877880
vt 0.595138 0.897172
vt 0.597627 0.898858
vt 0.597627 0.872503
vt 0.597627 0.867608
vt 0.597627 0.869538
vt 0.597627 0.873084
vt 0.052664 0.628223
vt 0.052664 0.637373
vt 0.061296 0.627871
vt 0.061296 0.637348
vt 0.595138 0.909254
vt 0.597627 0.909257
vt 0.070190 0.637176
vt 0.028287 0.637397
vt 0.040476 0.637386
vt 0.597627 0.906487
vt 0.597627 0.888380
vt 0.597627 0.886006
vt 0.597627 0.902832
vt 0.040476 0.619059
vt 0.028287 0.619048
vt 0.028287 0.611444
vt 0.040468 0.611466
vt 0.070190 0.619270
vt 0.061296 0.619097
vt 0.061269 0.611535
vt 0.070180 0.611850
vt 0.595138 0.865922
vt 0.587715 0.867174
vt 0.587707 0.848214
vt 0.595138 0.846630
vt 0.052664 0.576868
vt 0.061296 0.576925
vt 0.070190 0.577324
vt 0.028287 0.576813
vt 0.040476 0.576839
vt 0.597627 0.878018
vt 0.597627 0.878007
vt 0.587728 0.883764
vt 0.587728 0.878036
vt 0.595138 0.878004
vt 0.595138 0.884395
vt 0.052664 0.619070
vt 0.077282 0.618612
vt 0.077282 0.627844
vt 0.085155 0.627890
vt 0.085155 0.617927
vt 0.587728 0.872656
vt 0.595138 0.872034
vt 0.960054 0.346778
vt 0.960054 0.351571
vt 0.957365 0.346778
vt 0.957365 0.351571
vt 0.960054 0.367196
vt 0.956109 0.337906
vt 0.957365 0.341615
vt 0.960054 0.325990
vt 0.957365 0.321024
vt 0.957365 0.372015
vt 0.956109 0.355133
vt 0.952846 0.356390
vt 0.945342 0.356390
vt 0.945342 0.351571
vt 0.952846 0.351571
vt 0.023264 0.619595
vt 0.024379 0.613641
vt 0.952846 0.346778
vt 0.952846 0.341615
vt 0.952846 0.336649
vt 0.945342 0.346778
vt 0.941377 0.351351
vt 0.941377 0.346768
vt 0.945342 0.341615
vt 0.945342 0.336649
vt 0.023264 0.581592
vt 0.020875 0.589112
vt 0.941377 0.354756
vt 0.024379 0.642921
vt 0.023264 0.674973
vt 0.941377 0.341834
vt 0.941377 0.338288
vt 0.023264 0.628282
vt 0.028287 0.628223
vt 0.597627 0.849502
vt 0.597627 0.852712
vt 0.023264 0.636967
vt 0.597627 0.883554
vt 0.597627 0.882601
vt 0.595138 0.903284
vt 0.597627 0.903753
vt 0.020875 0.667453
vt 0.020875 0.628282
vt 0.945342 0.318336
vt 0.952846 0.318336
vt 0.941377 0.321462
vt 0.952846 0.373546
vt 0.945342 0.373546
vt 0.020875 0.628243
vt 0.020875 0.633078
vt 0.941377 0.371582
vt 0.595138 0.941050
vt 0.597627 0.937737
vt 0.077282 0.680678
vt 0.085155 0.684501
vt 0.077276 0.610642
vt 0.085155 0.607951
vt 0.077282 0.575774
vt 0.085155 0.571937
vt 0.595138 0.909800
vt 0.587705 0.908206
vt 0.587715 0.889247
vt 0.595138 0.890509
vt 0.070190 0.627871
vt 0.020875 0.623408
vt 0.960054 0.341615
vt 0.040476 0.628223
vt 0.052650 0.644957
vt 0.052650 0.611489
vt 0.587705 0.876956
vt 0.586435 0.875320
vt 0.086435 0.682515
vt 0.587715 0.857997
vt 0.586439 0.856738
vt 0.086439 0.646939
vt 0.587728 0.846786
vt 0.586441 0.846802
vt 0.586441 0.842021
vt 0.587728 0.841406
vt 0.086441 0.627917
vt 0.086441 0.618765
vt 0.586441 0.851891
vt 0.587728 0.852514
vt 0.086441 0.637661
vt 0.086439 0.609488
vt 0.586439 0.837176
vt 0.587715 0.835924
vt 0.587707 0.816964
vt 0.586435 0.818595
vt 0.086435 0.573915
s 1
usemtl mage
f 181/1/1 215/2/2 155/3/3 163/4/4
f 144/5/5 54/6/6 53/6/7 143/5/8
f 231/7/9 104/8/10 93/9/11 229/10/12
f 105/11/13 13/12/14 53/6/7 109/13/15
f 167/14/16 1/15/17 15/16/18 173/17/19
f 227/18/20 102/19/21 96/20/22 228/21/23
f 174/17/24 14/16/25 2/15/26 170/14/27
f 110/13/28 54/6/6 16/12/29 106/11/30
f 225/22/31 226/23/31 11/24/31 40/25/31
f 151/26/32 150/27/33 124/28/34
f 123/28/35 55/29/36 145/27/37
f 232/7/38 99/8/39 135/30/40 236/31/41
f 106/11/30 16/12/29 55/29/36 111/32/42
f 170/14/27 2/15/26 18/33/43 175/34/44
f 224/35/45 223/36/46 12/37/31 43/38/31
f 176/39/47 17/40/48 4/41/49 171/42/50
f 112/43/51 56/44/52 19/45/53 107/46/54
f 231/7/9 235/31/55 136/30/56 104/8/10
f 95/47/57 187/48/58 206/49/59 101/50/60
f 148/51/61 58/52/62 57/52/63 147/51/64
f 227/18/20 233/18/65 101/19/66 102/19/21
f 107/46/54 19/45/53 57/52/63 113/53/67
f 171/42/50 4/41/49 21/54/68 177/55/69
f 225/22/31 40/25/31 121/56/31 236/57/31
f 178/55/70 20/54/71 3/41/72 172/42/73
f 114/53/74 58/52/62 22/45/75 108/46/76
f 199/58/77 218/59/78 135/60/40 99/61/39
f 115/43/79 59/44/80 124/28/34
f 124/28/34 59/44/80 149/62/81
f 221/59/82 214/58/83 104/61/10 136/60/56
f 108/46/76 22/45/75 59/44/80 115/43/79
f 172/42/73 3/41/72 24/40/84 179/39/85
f 180/34/86 23/33/87 1/15/17 167/14/16
f 116/32/88 60/29/89 13/12/14 105/11/13
f 156/63/90 154/64/91 220/65/92 212/66/93
f 218/59/78 202/67/94 100/68/95 135/60/40
f 125/69/96 62/70/97 64/70/98 126/69/99
f 119/71/100 28/72/101 62/73/97 125/69/96
f 5/74/102 27/75/103 61/76/104 26/77/105
f 29/78/106 30/78/107 64/73/98 62/73/97
f 28/72/101 6/79/108 29/78/106 62/73/97
f 126/69/99 64/73/98 31/72/109 120/71/110
f 64/73/98 30/78/107 8/79/111 31/72/109
f 26/77/105 61/76/104 63/76/112 25/77/113
f 25/77/113 63/76/112 32/75/114 7/74/115
f 36/80/116 38/81/117 70/82/118 66/83/119
f 17/40/48 67/84/120 83/85/121 4/41/49
f 120/71/110 127/86/122 65/87/123 32/75/114
f 7/74/115 32/75/114 65/87/123 35/88/124
f 128/89/125 70/82/118 39/90/126 121/91/127
f 31/72/109 8/79/111 36/80/116 66/83/119
f 35/88/124 65/87/123 69/92/128 33/93/129
f 51/94/130 73/95/131 88/84/132 91/85/133
f 70/82/118 38/81/117 12/96/134 39/90/126
f 80/97/135 2/15/26 14/16/25 37/98/136
f 37/98/136 14/16/25 15/16/18 34/98/137
f 33/93/129 69/92/128 40/99/138 11/100/139
f 130/89/140 131/86/141 76/87/142 72/92/143
f 48/94/144 77/95/145 73/95/131 51/94/130
f 134/101/146 118/102/147 24/40/84 88/84/132
f 51/94/130 91/85/133 3/41/72 20/54/71
f 226/23/31 233/103/65 42/104/31 11/24/31
f 89/105/148 86/97/149 1/15/17 23/33/87
f 223/36/46 232/106/31 39/107/31 12/37/31
f 228/21/23 96/20/22 103/108/150 234/109/151
f 4/41/49 83/85/121 48/94/144 21/54/68
f 50/81/152 52/80/153 78/83/154 74/82/155
f 91/85/133 88/84/132 24/40/84 3/41/72
f 71/110/156 34/98/137 86/97/149 89/105/148
f 51/94/130 20/54/71 21/54/68 48/94/144
f 122/91/157 130/89/140 72/92/143 46/99/158
f 2/15/26 80/97/135 68/105/159 18/33/43
f 9/100/160 46/99/158 72/92/143 49/93/161
f 131/86/141 78/83/154 28/72/101 119/71/100
f 45/90/162 10/96/163 50/81/152 74/82/155
f 49/93/161 72/92/143 76/87/142 47/88/164
f 133/111/165 71/110/156 89/105/148 134/101/146
f 78/83/154 52/80/153 6/79/108 28/72/101
f 33/93/129 81/112/166 79/113/167 35/88/124
f 117/102/168 132/101/169 67/84/120 17/40/48
f 47/88/164 76/87/142 27/75/103 5/74/102
f 81/112/166 84/112/170 82/113/171 79/113/167
f 68/105/159 80/97/135 37/98/136 75/110/172
f 37/98/136 34/98/137 71/110/156 75/110/172
f 41/114/173 84/112/170 81/112/166 42/114/174
f 7/74/115 35/88/124 79/113/167 25/77/113
f 82/113/171 84/112/170 49/93/161 47/88/164
f 83/85/121 67/84/120 77/95/145 48/94/144
f 33/93/129 11/100/139 42/114/174 81/112/166
f 25/77/113 79/113/167 82/113/171 26/77/105
f 84/112/170 41/114/173 9/100/160 49/93/161
f 87/115/175 92/115/176 90/116/177 85/116/178
f 132/101/169 129/111/179 77/95/145 67/84/120
f 26/77/105 82/113/171 47/88/164 5/74/102
f 36/80/116 87/115/175 85/116/178 38/81/117
f 129/117/179 75/118/172 71/118/156 133/117/165
f 29/78/106 92/115/176 87/115/175 30/78/107
f 12/96/134 38/81/117 85/116/178 43/119/180
f 90/116/177 92/115/176 52/80/153 50/81/152
f 36/80/116 8/79/111 30/78/107 87/115/175
f 43/119/180 85/116/178 90/116/177 44/119/181
f 92/115/176 29/78/106 6/79/108 52/80/153
f 44/119/181 90/116/177 50/81/152 10/96/163
f 127/86/122 128/89/125 69/92/128 65/87/123
f 34/98/137 15/16/18 1/15/17 86/97/149
f 229/10/12 93/9/11 97/120/182 230/121/183
f 96/47/22 190/48/184 211/67/185 103/68/150
f 162/122/186 193/123/187 181/1/1 163/4/4
f 206/49/59 208/49/188 102/50/189 101/50/60
f 165/124/190 188/125/191 203/66/192 159/63/193
f 166/4/194 185/1/195 197/123/196 161/122/197
f 158/126/198 157/126/199 209/127/200 205/127/201
f 158/126/198 205/127/201 188/125/191 165/124/190
f 164/124/202 191/125/203 209/127/200 157/126/199
f 156/63/90 212/66/93 191/125/203 164/124/202
f 162/122/186 161/122/197 197/123/196 193/123/187
f 160/3/204 200/2/205 185/1/195 166/4/194
f 98/128/206 196/129/207 184/130/208 94/131/209
f 100/68/95 202/67/94 187/48/58 95/47/57
f 102/50/189 208/49/188 190/48/184 96/47/22
f 104/61/10 214/58/83 182/130/210 93/131/211
f 234/109/151 103/108/150 136/30/56 235/31/55
f 94/131/209 184/130/208 199/58/77 99/61/39
f 155/3/3 116/32/88 105/11/13 163/4/4
f 164/124/202 108/46/76 115/43/79 156/63/90
f 157/126/199 114/53/74 108/46/76 164/124/202
f 165/124/190 107/46/54 113/53/67 158/126/198
f 57/52/63 58/52/62 114/53/74 113/53/67
f 159/63/193 112/43/51 107/46/54 165/124/190
f 166/4/194 106/11/30 111/32/42 160/3/204
f 153/64/212 138/132/213 112/43/51 159/63/193
f 161/122/197 110/13/28 106/11/30 166/4/194
f 163/4/4 105/11/13 109/13/15 162/122/186
f 53/6/7 54/6/6 110/13/28 109/13/15
f 211/67/185 221/59/82 136/60/56 103/68/150
f 124/28/34 60/29/89 116/32/88
f 160/3/204 153/64/212 217/65/214 200/2/205
f 220/65/92 154/64/91 155/3/3 215/2/2
f 66/83/119 70/82/118 128/89/125 127/86/122
f 77/133/145 129/117/179 133/117/165 73/133/131
f 68/105/159 75/110/172 129/111/179 132/101/169
f 18/33/43 68/105/159 132/101/169 117/102/168
f 73/95/131 133/111/165 134/101/146 88/84/132
f 76/87/142 131/86/141 119/71/100 27/75/103
f 45/90/162 74/82/155 130/89/140 122/91/157
f 89/105/148 23/33/87 118/102/147 134/101/146
f 74/82/155 78/83/154 131/86/141 130/89/140
f 69/92/128 128/89/125 121/91/127 40/99/138
f 31/72/109 66/83/119 127/86/122 120/71/110
f 63/76/112 126/69/99 120/71/110 32/75/114
f 27/75/103 119/71/100 125/69/96 61/76/104
f 61/134/104 125/69/96 126/69/99 63/134/112
f 150/27/33 60/29/89 124/28/34
f 111/32/42 55/29/36 123/28/35
f 146/62/215 56/44/52 123/28/35
f 123/28/35 56/44/52 112/43/51
f 152/26/216 146/62/215 123/28/35
f 138/132/213 111/32/42 123/28/35
f 138/132/213 123/28/35 112/43/51
f 151/26/32 124/28/34 149/62/81
f 137/132/217 124/28/34 116/32/88
f 152/26/216 123/28/35 145/27/37
f 137/132/217 115/43/79 124/28/34
f 176/39/47 146/62/215 152/26/216 169/135/218
f 180/34/86 150/27/33 151/26/32 168/135/219
f 60/29/89 150/27/33 139/136/220 13/12/14
f 22/45/75 142/137/221 149/62/81 59/44/80
f 168/135/219 151/26/32 149/62/81 179/39/85
f 58/52/62 148/51/61 142/137/221 22/45/75
f 19/45/53 141/137/222 147/51/64 57/52/63
f 178/55/70 148/51/61 147/51/64 177/55/69
f 56/44/52 146/62/215 141/137/222 19/45/53
f 16/12/29 140/136/223 145/27/37 55/29/36
f 169/135/218 152/26/216 145/27/37 175/34/44
f 54/6/6 144/5/5 140/136/223 16/12/29
f 13/12/14 139/136/220 143/5/8 53/6/7
f 174/17/24 144/5/5 143/5/8 173/17/19
f 154/64/91 137/132/217 116/32/88 155/3/3
f 109/13/15 110/13/28 161/122/197 162/122/186
f 113/53/67 114/53/74 157/126/199 158/126/198
f 115/43/79 137/132/217 154/64/91 156/63/90
f 111/32/42 138/132/213 153/64/212 160/3/204
f 14/16/25 174/17/24 173/17/19 15/16/18
f 117/102/168 169/135/218 175/34/44 18/33/43
f 20/54/71 178/55/70 177/55/69 21/54/68
f 118/102/147 168/135/219 179/39/85 24/40/84
f 23/33/87 180/34/86 168/135/219 118/102/147
f 17/40/48 176/39/47 169/135/218 117/102/168
f 150/27/33 180/34/86 167/14/16 139/136/220
f 142/137/221 172/42/73 179/39/85 149/62/81
f 148/51/61 178/55/70 172/42/73 142/137/221
f 141/137/222 171/42/50 177/55/69 147/51/64
f 146/62/215 176/39/47 171/42/50 141/137/222
f 140/136/223 170/14/27 175/34/44 145/27/37
f 144/5/5 174/17/24 170/14/27 140/136/223
f 139/136/220 167/14/16 173/17/19 143/5/8
f 224/35/45 43/38/31 44/38/31 230/35/183
f 203/66/192 217/65/214 153/64/212 159/63/193
f 194/129/224 196/129/207 98/128/206 97/128/225
f 194/138/224 195/139/226 198/139/227 196/138/207
f 195/140/228 193/123/229 197/123/230 198/140/231
f 182/141/210 183/142/232 195/139/226 194/138/224
f 183/143/233 181/1/234 193/123/229 195/140/228
f 185/1/235 186/143/236 198/140/231 197/123/230
f 186/142/237 184/141/208 196/138/207 198/139/227
f 218/144/238 219/145/238 204/146/239 202/147/240
f 219/148/241 217/65/241 203/66/242 204/149/243
f 184/141/208 186/142/237 201/150/244 199/151/245
f 186/143/236 185/1/235 200/2/246 201/152/247
f 188/125/248 189/153/249 204/149/243 203/66/242
f 189/154/250 187/155/58 202/147/240 204/146/239
f 206/156/59 207/157/251 210/157/252 208/156/188
f 207/158/253 205/127/254 209/127/255 210/158/256
f 187/155/58 189/154/250 207/157/251 206/156/59
f 189/153/249 188/125/248 205/127/254 207/158/253
f 191/125/257 192/153/258 210/158/256 209/127/255
f 192/154/259 190/155/184 208/156/188 210/157/252
f 221/144/260 222/145/260 216/150/261 214/151/262
f 222/148/263 220/65/263 215/2/264 216/152/265
f 190/155/184 192/154/259 213/146/266 211/147/267
f 192/153/258 191/125/257 212/66/268 213/149/269
f 181/1/234 183/143/233 216/152/265 215/2/264
f 183/142/232 182/141/210 214/151/262 216/150/261
f 199/151/245 201/150/244 219/145/238 218/144/238
f 201/152/247 200/2/246 217/65/241 219/148/241
f 211/147/267 213/146/266 222/145/260 221/144/260
f 213/149/269 212/66/268 220/65/263 222/148/263
f 93/131/211 182/130/210 194/129/224 97/128/225
f 98/120/270 224/121/45 230/121/183 97/120/182
f 46/25/31 234/22/31 235/57/31 122/56/31
f 10/37/31 229/36/12 230/35/183 44/38/31
f 9/24/31 228/23/31 234/22/31 46/25/31
f 94/9/271 99/8/39 232/7/38 223/10/46
f 95/20/57 101/19/66 233/18/65 226/21/272
f 100/108/95 225/109/273 236/31/41 135/30/40
f 41/104/31 42/104/31 233/103/65 227/103/20
f 45/107/31 122/56/31 235/57/31 231/106/31
f 98/120/270 94/9/271 223/10/46 224/121/45
f 39/107/31 232/106/31 236/57/31 121/56/31
f 100/108/95 95/20/57 226/21/272 225/109/273
f 41/104/31 227/103/20 228/23/31 9/24/31
f 45/107/31 231/106/31 229/36/12 10/37/31
o Mage_Head
v 0.173348 1.238958 0.268311
v 0.122576 1.238958 0.310819
v 0.063450 1.238958 0.339825
v -0.173348 1.238958 0.268311
v 0.084186 1.289806 0.384077
v 0.000000 1.385075 -0.398372
v -0.103106 1.385075 -0.384798
v -0.123410 1.289806 -0.297939
v -0.199186 1.385075 -0.345000
v -0.281691 1.385075 -0.281691
v -0.230000 1.289806 -0.230000
v -0.345000 1.385075 -0.199186
v -0.297938 1.289806 -0.123410
v -0.384797 1.385075 -0.103106
v -0.451260 1.615816 -0.000000
v -0.444326 1.496018 -0.000000
v -0.398371 1.385075 -0.000000
v -0.325269 1.289806 -0.000000
v -0.435883 1.615816 0.116794
v -0.429186 1.496018 0.115000
v -0.384797 1.385075 0.103106
v -0.297938 1.289806 0.123410
v -0.390802 1.615816 0.225629
v -0.384797 1.496018 0.222163
v -0.287292 1.922149 0.287292
v -0.319089 1.615816 0.319088
v -0.198655 1.953368 0.344081
v -0.225630 1.615816 0.390802
v -0.105156 1.940419 0.392448
v -0.116795 1.615816 0.435883
v 0.000000 1.933164 0.408764
v 0.000000 1.615816 0.451259
v 0.000000 1.496018 0.444325
v 0.105156 1.940419 0.392448
v 0.116795 1.615816 0.435883
v 0.198655 1.953368 0.344081
v 0.225630 1.615816 0.390802
v 0.222163 1.496018 0.384797
v 0.287292 1.922149 0.287292
v 0.319089 1.615816 0.319088
v 0.390802 1.615816 0.225629
v 0.384797 1.496018 0.222163
v 0.297939 1.289806 0.123410
v 0.435883 1.615816 0.116794
v 0.429186 1.496018 0.115000
v 0.384797 1.385075 0.103106
v 0.451260 1.615816 -0.000000
v 0.444326 1.496018 -0.000000
v 0.398372 1.385075 -0.000000
v 0.325269 1.289806 -0.000000
v 0.384797 1.385075 -0.103106
v 0.297938 1.289806 -0.123410
v 0.345000 1.385075 -0.199186
v 0.281691 1.385075 -0.281691
v 0.230000 1.289806 -0.230000
v 0.199186 1.385075 -0.345000
v 0.123410 1.289806 -0.297939
v 0.103106 1.385075 -0.384798
v 0.000000 1.289806 -0.325269
v -0.212307 1.227819 0.122575
v 0.212307 1.227819 0.122575
v 0.239582 1.228140 -0.000000
v 0.169410 1.227950 -0.169410
v 0.352822 1.385707 0.224693
v -0.352822 1.385707 0.224693
v -0.373022 1.850412 0.215364
v -0.304572 1.850412 0.304571
v -0.215365 1.850412 0.373022
v -0.111481 1.850412 0.416052
v 0.000000 1.850412 0.430729
v 0.111481 1.850412 0.416052
v 0.215365 1.850412 0.373022
v 0.304572 1.850412 0.304571
v 0.373023 1.850412 0.215364
v 0.230000 1.289806 0.299891
v 0.000000 1.289806 0.395160
v -0.084186 1.289806 0.384077
v -0.314186 1.496018 0.314186
v -0.281695 1.389248 0.315733
v -0.222163 1.496018 0.384797
v -0.115000 1.496018 0.429186
v 0.115000 1.496018 0.429186
v 0.314186 1.496018 0.314186
v 0.281688 1.389248 0.315733
v 0.162628 1.289806 0.351583
v -0.162641 1.289806 0.351583
v -0.230007 1.289806 0.299891
v -0.183417 1.425453 0.389935
v -0.111722 1.410713 0.427546
v 0.113100 1.411634 0.420938
v 0.000000 1.238958 0.348179
v -0.063450 1.238958 0.339825
v -0.122576 1.238958 0.310819
v 0.000000 1.215874 -0.000000
v 0.000000 1.227760 -0.239582
v -0.169410 1.227760 -0.169411
v -0.239582 1.227760 -0.000000
v -0.122576 1.227760 0.212307
v 0.000000 1.227760 0.239582
v 0.122576 1.227760 0.212307
v -0.425968 1.733114 0.114137
v -0.381912 1.733114 0.220497
v -0.311830 1.733114 0.311830
v -0.220497 1.733114 0.381912
v -0.114138 1.733114 0.425968
v 0.000000 1.733114 0.440994
v 0.114138 1.733114 0.425968
v 0.220497 1.733114 0.381912
v 0.311830 1.733114 0.311830
v 0.381912 1.733114 0.220497
v 0.425968 1.733114 0.114137
v -0.193354 1.713879 0.417454
v -0.175832 1.782996 0.419216
v -0.175276 1.700212 0.377198
v -0.152703 1.787689 0.379636
v -0.253339 1.722705 0.384065
v -0.246656 1.788897 0.380443
v -0.233369 1.710230 0.345390
v -0.225316 1.793421 0.341211
v -0.126264 1.683798 0.400200
v -0.144456 1.690280 0.434269
v -0.125706 1.744570 0.436288
v -0.107755 1.741802 0.405193
v -0.278762 1.768268 0.312248
v -0.281636 1.711621 0.315357
v -0.298482 1.717115 0.349162
v -0.294377 1.770802 0.344073
v -0.183670 1.701370 0.393003
v -0.160989 1.790633 0.395553
v -0.203752 1.708356 0.361532
v -0.188463 1.796824 0.359960
v -0.241633 1.711247 0.360871
v -0.233301 1.795604 0.356703
v -0.223192 1.722205 0.402034
v -0.211360 1.791957 0.401030
v -0.130602 1.682065 0.417720
v -0.111744 1.742221 0.420895
v -0.294082 1.711732 0.327814
v -0.289433 1.769993 0.324016
v -0.123400 1.766418 0.396846
v -0.144845 1.763253 0.432153
v -0.165420 1.700280 0.429316
v -0.148698 1.688785 0.391410
v -0.281122 1.719120 0.365190
v -0.277020 1.779835 0.359842
v -0.261789 1.708818 0.329600
v -0.258252 1.782837 0.324295
v -0.156601 1.689264 0.406417
v -0.130908 1.768764 0.411612
v -0.212214 1.709618 0.377533
v -0.196777 1.799611 0.376230
v -0.269815 1.709351 0.343939
v -0.265841 1.784700 0.338456
v -0.185350 1.761023 0.433815
v -0.191846 1.736227 0.433124
v -0.261212 1.744935 0.395119
v -0.258880 1.769367 0.393598
v -0.131012 1.702386 0.445210
v -0.123730 1.724046 0.445295
v -0.107450 1.695298 0.405076
v -0.101747 1.717190 0.407127
v -0.289761 1.749986 0.304302
v -0.291296 1.727878 0.304519
v -0.308412 1.754930 0.344268
v -0.310526 1.733066 0.346660
v -0.222404 1.770921 0.415561
v -0.226647 1.745703 0.415905
v -0.103134 1.714783 0.427691
v -0.109721 1.692346 0.426823
v -0.306542 1.750611 0.316341
v -0.308768 1.728095 0.317649
v -0.292006 1.739211 0.371979
v -0.290385 1.761908 0.369634
v -0.151243 1.741853 0.445644
v -0.159027 1.719012 0.444881
v -0.133356 1.585643 0.401250
v -0.163108 1.543219 0.387747
v -0.156566 1.627199 0.444257
v -0.152050 1.657197 0.425012
v -0.160989 1.651693 0.438342
v -0.174464 1.657197 0.436135
v -0.140195 1.627199 0.430392
v -0.169947 1.669623 0.416889
v -0.176335 1.627199 0.444106
v -0.152050 1.555645 0.425012
v -0.156566 1.585643 0.444257
v -0.160989 1.561150 0.438342
v -0.174464 1.555645 0.436135
v -0.140195 1.585643 0.430392
v -0.176335 1.585643 0.444106
v -0.169947 1.543219 0.416889
v -0.145210 1.555645 0.395870
v -0.163108 1.669623 0.387747
v -0.133356 1.627199 0.401250
v -0.145210 1.657197 0.395870
v -0.204308 1.543219 0.401255
v -0.233298 1.585643 0.387621
v -0.210761 1.585643 0.428483
v -0.221922 1.555645 0.393083
v -0.220687 1.561150 0.411238
v -0.226720 1.585643 0.412378
v -0.208890 1.555645 0.420512
v -0.202972 1.669623 0.409290
v -0.210761 1.627199 0.428483
v -0.214782 1.654445 0.415873
v -0.226708 1.627199 0.412375
v -0.220541 1.657197 0.401110
v -0.197009 1.543219 0.372033
v -0.225359 1.585643 0.358288
v -0.214294 1.555645 0.363805
v -0.197207 1.669623 0.372068
v -0.257359 1.654380 0.369566
v -0.245951 1.668483 0.380329
v -0.231864 1.627199 0.395638
v -0.237830 1.668483 0.347191
v -0.249076 1.654380 0.336401
v -0.225293 1.627199 0.358277
v 0.133356 1.585643 0.401250
v 0.163108 1.543219 0.387747
v 0.156567 1.627199 0.444257
v 0.152050 1.657197 0.425012
v 0.160989 1.651693 0.438342
v 0.174464 1.657197 0.436135
v 0.140195 1.627199 0.430392
v 0.169947 1.669623 0.416889
v 0.176335 1.627199 0.444106
v 0.152050 1.555645 0.425012
v 0.156567 1.585643 0.444257
v 0.160989 1.561150 0.438342
v 0.174464 1.555645 0.436135
v 0.140195 1.585643 0.430392
v 0.176335 1.585643 0.444106
v 0.169947 1.543219 0.416889
v 0.145210 1.555645 0.395870
v 0.163108 1.669623 0.387747
v 0.133356 1.627199 0.401250
v 0.145210 1.657197 0.395870
v 0.204308 1.543219 0.401255
v 0.233298 1.585643 0.387621
v 0.210761 1.585643 0.428483
v 0.221922 1.555645 0.393083
v 0.220687 1.561150 0.411238
v 0.226720 1.585643 0.412378
v 0.208890 1.555645 0.420512
v 0.202972 1.669623 0.409290
v 0.210761 1.627199 0.428483
v 0.214782 1.654445 0.415873
v 0.226708 1.627199 0.412375
v 0.220541 1.657197 0.401110
v 0.197009 1.543219 0.372033
v 0.225359 1.585643 0.358288
v 0.214294 1.555645 0.363805
v 0.197208 1.669623 0.372068
v 0.257359 1.654380 0.369566
v 0.245951 1.668483 0.380329
v 0.231864 1.627199 0.395638
v 0.237830 1.668483 0.347191
v 0.249076 1.654380 0.336401
v 0.225293 1.627199 0.358277
v -0.027999 1.551272 0.508006
v 0.027996 1.551272 0.508006
v -0.049517 1.489729 0.491750
v -0.051929 1.565852 0.453433
v 0.049515 1.489729 0.491750
v 0.051927 1.565852 0.453433
v -0.040933 1.639877 0.418890
v 0.040934 1.639877 0.418890
v -0.064561 1.469910 0.421968
v -0.036002 1.503831 0.511538
v -0.033266 1.519662 0.519722
v -0.032112 1.538816 0.515436
v -0.041365 1.554883 0.491071
v -0.080618 1.574089 0.397445
v 0.036000 1.503831 0.511538
v 0.064559 1.469910 0.421968
v 0.080617 1.574090 0.397445
v 0.041362 1.554883 0.491071
v 0.032110 1.538816 0.515436
v 0.033263 1.519662 0.519722
v -0.065043 1.534360 0.468516
v -0.063869 1.506706 0.482520
v 0.051621 1.657256 0.390451
v -0.051618 1.657255 0.390451
v 0.065041 1.534360 0.468516
v 0.063867 1.506706 0.482520
v -0.046750 1.608402 0.428906
v 0.046750 1.608403 0.428906
v -0.051429 1.513683 0.508625
v -0.051691 1.536204 0.498991
v -0.088552 1.533894 0.405455
v -0.084259 1.495474 0.414637
v 0.068942 1.619570 0.391214
v 0.084257 1.495475 0.414637
v 0.088551 1.533895 0.405456
v 0.051689 1.536204 0.498991
v 0.051427 1.513683 0.508625
v -0.068941 1.619569 0.391213
v -0.000001 1.554266 0.510139
v -0.000001 1.482743 0.497195
v -0.000001 1.577730 0.460235
v 0.000001 1.647487 0.420186
v 0.000001 1.675578 0.391791
v -0.000001 1.541016 0.521479
v -0.000001 1.521037 0.525416
v -0.000001 1.457538 0.427279
v -0.000001 1.500295 0.515201
v -0.000001 1.563617 0.491137
v 0.000000 1.612467 0.435429
v -0.043627 1.414423 0.425629
v 0.043603 1.414728 0.423066
v -0.000010 1.412834 0.424370
v -0.043626 1.396951 0.436923
v 0.043607 1.397117 0.434449
v -0.000008 1.390685 0.438686
v 0.043601 1.434858 0.443172
v -0.043625 1.434476 0.445574
v -0.000008 1.424982 0.449654
v -0.386075 1.521020 -0.081760
v -0.386074 1.521020 0.045752
v -0.463381 1.659057 0.011870
v -0.463381 1.659057 -0.029286
v -0.510320 1.618966 0.011870
v -0.510320 1.618966 -0.029286
v -0.538345 1.563963 0.011870
v -0.538345 1.563963 -0.029286
v -0.543187 1.502422 0.011870
v -0.543187 1.502422 -0.029286
v -0.524111 1.443713 0.011870
v -0.524111 1.443713 -0.029286
v -0.484019 1.396774 0.011870
v -0.484019 1.396774 -0.029286
v -0.429016 1.368749 0.011870
v -0.429016 1.368749 -0.029286
v -0.367476 1.363907 0.011870
v -0.367476 1.363907 -0.029286
v -0.441258 1.619555 -0.067839
v -0.474765 1.590936 -0.067839
v -0.494770 1.551674 -0.067839
v -0.498226 1.507745 -0.067839
v -0.484609 1.465837 -0.067839
v -0.455990 1.432330 -0.067839
v -0.416728 1.412325 -0.067839
v -0.372799 1.408869 -0.067839
v -0.452680 1.639949 0.045752
v -0.493122 1.605407 0.045752
v -0.517267 1.558018 0.045752
v -0.521439 1.504997 0.045752
v -0.505003 1.454415 0.045752
v -0.470461 1.413973 0.045752
v -0.423072 1.389828 0.045752
v -0.370051 1.385656 0.045752
v -0.386075 1.521019 -0.081760
v -0.386075 1.521019 0.045752
v -0.420472 1.675445 0.011870
v -0.420472 1.675445 -0.029286
v -0.410630 1.631252 -0.067839
v -0.415711 1.654068 0.045752
v 0.386047 1.521020 -0.081760
v 0.386046 1.521020 0.045752
v 0.463353 1.659057 0.011870
v 0.463353 1.659057 -0.029286
v 0.510292 1.618966 0.011870
v 0.510292 1.618966 -0.029286
v 0.538317 1.563963 0.011870
v 0.538317 1.563963 -0.029286
v 0.543159 1.502422 0.011870
v 0.543159 1.502422 -0.029286
v 0.524083 1.443713 0.011870
v 0.524083 1.443713 -0.029286
v 0.483991 1.396774 0.011870
v 0.483991 1.396774 -0.029286
v 0.428988 1.368749 0.011870
v 0.428988 1.368749 -0.029286
v 0.367448 1.363907 0.011870
v 0.367448 1.363907 -0.029286
v 0.441230 1.619555 -0.067839
v 0.474737 1.590936 -0.067839
v 0.494742 1.551674 -0.067839
v 0.498198 1.507745 -0.067839
v 0.484581 1.465837 -0.067839
v 0.455963 1.432330 -0.067839
v 0.416700 1.412325 -0.067839
v 0.372771 1.408869 -0.067839
v 0.452652 1.639949 0.045752
v 0.493094 1.605407 0.045752
v 0.517239 1.558018 0.045752
v 0.521411 1.504997 0.045752
v 0.504975 1.454415 0.045752
v 0.470433 1.413973 0.045752
v 0.423044 1.389828 0.045752
v 0.370023 1.385656 0.045752
v 0.386047 1.521019 -0.081760
v 0.386047 1.521019 0.045752
v 0.420444 1.675445 0.011870
v 0.420444 1.675445 -0.029286
v 0.410601 1.631252 -0.067839
v 0.415683 1.654068 0.045752
v 0.193354 1.713879 0.417454
v 0.175832 1.782996 0.419216
v 0.175276 1.700212 0.377198
v 0.152704 1.787689 0.379636
v 0.253339 1.722705 0.384065
v 0.246656 1.788897 0.380443
v 0.233369 1.710230 0.345390
v 0.225316 1.793421 0.341211
v 0.126264 1.683798 0.400200
v 0.144457 1.690280 0.434269
v 0.125706 1.744570 0.436288
v 0.107755 1.741802 0.405193
v 0.278762 1.768268 0.312248
v 0.281636 1.711621 0.315357
v 0.298483 1.717115 0.349162
v 0.294377 1.770802 0.344073
v 0.183670 1.701370 0.393003
v 0.160989 1.790633 0.395553
v 0.203752 1.708356 0.361532
v 0.188463 1.796824 0.359960
v 0.241633 1.711247 0.360871
v 0.233301 1.795604 0.356703
v 0.223192 1.722205 0.402034
v 0.211360 1.791957 0.401030
v 0.130602 1.682065 0.417720
v 0.111744 1.742221 0.420895
v 0.294082 1.711732 0.327814
v 0.289433 1.769993 0.324016
v 0.123400 1.766418 0.396846
v 0.144845 1.763253 0.432153
v 0.165420 1.700280 0.429316
v 0.148698 1.688785 0.391410
v 0.281122 1.719120 0.365190
v 0.277020 1.779835 0.359842
v 0.261789 1.708818 0.329600
v 0.258252 1.782837 0.324295
v 0.156601 1.689264 0.406417
v 0.130908 1.768764 0.411612
v 0.212214 1.709618 0.377533
v 0.196777 1.799611 0.376230
v 0.269815 1.709351 0.343939
v 0.265841 1.784700 0.338456
v 0.185350 1.761023 0.433815
v 0.191846 1.736227 0.433124
v 0.261212 1.744935 0.395119
v 0.258880 1.769367 0.393598
v 0.131012 1.702386 0.445210
v 0.123730 1.724046 0.445295
v 0.107450 1.695298 0.405076
v 0.101747 1.717190 0.407127
v 0.289761 1.749986 0.304302
v 0.291296 1.727878 0.304519
v 0.308412 1.754930 0.344268
v 0.310526 1.733066 0.346660
v 0.222404 1.770921 0.415561
v 0.226647 1.745703 0.415905
v 0.103134 1.714783 0.427691
v 0.109721 1.692346 0.426823
v 0.306542 1.750611 0.316341
v 0.308768 1.728095 0.317649
v 0.292006 1.739211 0.371979
v 0.290385 1.761908 0.369634
v 0.151243 1.741853 0.445644
v 0.159027 1.719012 0.444881
v 0.183417 1.425453 0.389935
v -0.415829 1.117823 0.481488
v -0.280488 1.992543 0.345254
v -0.256838 1.989635 -0.314422
v 0.415829 1.117823 0.481488
v 0.280488 1.992543 0.345254
v 0.417984 1.351846 -0.344037
v 0.256838 1.989635 -0.314422
v -0.319983 2.040333 -0.023508
v 0.569795 1.236575 0.054876
v 0.319983 2.040333 -0.023508
v -0.401476 1.675160 0.338568
v -0.309385 1.682513 -0.357769
v 0.309385 1.682837 -0.357827
v 0.401476 1.673640 0.338618
v 0.460663 1.690399 -0.020163
v -0.460663 1.694129 -0.020579
v -0.000082 1.393662 -0.505933
v 0.000000 2.028950 -0.370067
v -0.000000 1.963403 0.453525
v -0.000000 2.159987 -0.015980
v 0.000000 1.678152 -0.464217
v -0.503467 1.159915 0.291582
v -0.367409 1.865436 0.327935
v -0.295663 2.024007 -0.201300
v -0.334235 1.490217 -0.334302
v -0.225145 1.383416 -0.462901
v 0.153763 2.018409 -0.353143
v 0.334248 1.497522 -0.336095
v 0.315392 2.034555 0.174698
v 0.406147 1.394890 0.363834
v -0.543595 1.305168 -0.168217
v -0.151269 2.027524 0.400629
v -0.315392 2.034555 0.174698
v 0.503468 1.159913 0.291575
v 0.295663 2.024007 -0.201300
v 0.176160 2.131155 -0.019591
v 0.480110 1.463570 0.006379
v -0.480118 1.457156 0.008085
v -0.406144 1.394780 0.363863
v -0.286213 1.877753 -0.342730
v 0.286213 1.876173 -0.342760
v 0.367409 1.865436 0.327935
v 0.408888 1.889935 -0.023369
v -0.408888 1.889935 -0.023369
v -0.452328 1.685043 0.176022
v 0.412989 1.690169 -0.212098
v 0.452329 1.685592 0.175965
v 0.164918 1.675335 -0.438974
v -0.412989 1.686720 -0.211690
v -0.153763 2.018409 -0.353143
v 0.151269 2.027524 0.400629
v -0.176160 2.131155 -0.019591
v -0.164917 1.675691 -0.439026
v -0.000012 1.510583 -0.453583
v 0.000000 2.132267 0.234206
v -0.000000 2.119470 -0.221398
v 0.000000 1.878757 -0.445203
v -0.370348 1.886170 -0.202648
v 0.157169 1.876060 -0.420773
v 0.407460 1.885317 0.167006
v -0.165763 2.097804 -0.213654
v 0.370348 1.887193 -0.202646
v -0.170879 2.117707 0.205954
v -0.407460 1.885317 0.167006
v -0.454904 1.422637 0.214003
v 0.440684 1.478469 -0.185616
v 0.454926 1.415807 0.216289
v 0.178579 1.500457 -0.422583
v -0.440680 1.485748 -0.187583
v -0.178559 1.504509 -0.423490
v 0.170879 2.117707 0.205954
v 0.165763 2.097804 -0.213654
v -0.157169 1.875676 -0.420782
v -0.212544 1.915586 0.333614
v -0.184609 1.930332 -0.240397
v 0.212544 1.915586 0.333614
v 0.184609 1.930258 -0.240397
v -0.227682 1.959100 -0.005739
v 0.227682 1.959100 -0.005739
v -0.319188 1.663411 0.319362
v -0.234671 1.660348 -0.278293
v 0.234672 1.657792 -0.277916
v 0.319188 1.662373 0.319379
v 0.343882 1.663736 -0.012046
v -0.343882 1.667265 -0.012511
v 0.000000 1.955078 -0.279676
v -0.000000 1.876434 0.392648
v -0.000000 2.030724 0.000807
v 0.000000 1.660095 -0.357549
v -0.281506 1.828210 0.316870
v -0.212071 1.951251 -0.156922
v -0.239303 1.439554 -0.239564
v 0.115618 1.948416 -0.267205
v 0.239283 1.443306 -0.240511
v 0.218014 1.942437 0.168407
v 0.324441 1.397318 0.311104
v -0.125503 1.925962 0.368287
v -0.218014 1.942437 0.168407
v 0.212071 1.951251 -0.156922
v 0.130246 2.014149 -0.002155
v 0.335969 1.420308 -0.017909
v -0.335969 1.419246 -0.017562
v -0.324439 1.397970 0.310309
v -0.206191 1.841761 -0.261240
v 0.206192 1.839974 -0.261210
v 0.281506 1.828210 0.316870
v 0.293920 1.846148 -0.006932
v -0.293920 1.846149 -0.006932
v -0.333145 1.665656 0.159947
v 0.309739 1.663382 -0.168631
v 0.333145 1.665918 0.159917
v 0.128780 1.657296 -0.338060
v -0.309739 1.658176 -0.167900
v -0.115618 1.948410 -0.267205
v 0.125503 1.925962 0.368287
v -0.130246 2.014149 -0.002155
v -0.128780 1.656987 -0.338014
v 0.000009 1.452516 -0.316802
v -0.000000 1.987503 0.202729
v -0.000000 2.012056 -0.171932
v 0.000000 1.842660 -0.332463
v -0.265472 1.845310 -0.157463
v 0.117518 1.841095 -0.314883
v 0.287097 1.838470 0.159802
v -0.125301 1.997882 -0.166669
v 0.265472 1.846086 -0.157446
v -0.123912 1.983290 0.188561
v -0.287097 1.838470 0.159802
v -0.311734 1.409613 0.127175
v 0.312360 1.431102 -0.146521
v 0.311742 1.405808 0.128270
v 0.129948 1.446676 -0.296228
v -0.312346 1.430862 -0.146582
v -0.129954 1.448236 -0.296609
v 0.123912 1.983290 0.188561
v 0.125301 1.997882 -0.166669
v -0.117518 1.840418 -0.314880
v -0.544199 1.197211 0.176136
v -0.458194 1.128200 0.417215
v -0.390994 1.779807 0.327835
v -0.330222 1.937485 0.333251
v -0.311000 2.034704 -0.117437
v -0.275824 2.007471 -0.270567
v -0.313959 1.579023 -0.344455
v -0.327963 1.370109 -0.410929
v 0.079707 2.026381 -0.365624
v 0.216169 2.004914 -0.334153
v 0.313961 1.583862 -0.345365
v 0.570094 1.273743 -0.061419
v 0.491526 1.329814 -0.261477
v 0.321195 2.040705 0.074847
v 0.303020 2.020615 0.270896
v 0.402910 1.543602 0.347993
v -0.491385 1.329891 -0.261675
v -0.570139 1.273681 -0.061114
v -0.076743 2.006559 0.432470
v -0.220177 2.023268 0.368880
v -0.303020 2.020615 0.270896
v -0.321195 2.040705 0.074847
v 0.458194 1.128200 0.417215
v 0.275824 2.007471 -0.270567
v 0.311000 2.034704 -0.117437
v 0.089896 2.152897 -0.016857
v 0.253984 2.093613 -0.022204
v 0.466222 1.578318 -0.013884
v -0.466220 1.579956 -0.014319
v -0.402909 1.547181 0.346955
v -0.271250 1.947182 -0.328446
v -0.299763 1.786860 -0.355411
v 0.271250 1.946923 -0.328446
v 0.299763 1.785117 -0.355349
v 0.330222 1.937485 0.333251
v 0.390994 1.779807 0.327835
v 0.371074 1.971415 -0.023774
v 0.437566 1.796715 -0.022444
v -0.371074 1.971415 -0.023774
v -0.437566 1.798857 -0.022455
v -0.433439 1.680611 0.270394
v -0.462204 1.689685 0.077162
v 0.367353 1.692024 -0.294156
v 0.444349 1.688393 -0.118268
v 0.462204 1.692571 0.076812
v 0.433440 1.679090 0.270535
v 0.083638 1.680463 -0.458513
v 0.241326 1.676492 -0.406032
v -0.444349 1.693971 -0.119002
v -0.367352 1.681962 -0.292846
v 0.327810 1.370114 -0.411022
v 0.114697 1.390978 -0.494922
v -0.216169 2.004914 -0.334153
v -0.079707 2.026381 -0.365624
v 0.220177 2.023268 0.368880
v 0.076743 2.006559 0.432469
v -0.253984 2.093613 -0.022204
v -0.089896 2.152897 -0.016857
v -0.241326 1.683060 -0.406918
v -0.083637 1.673877 -0.457630
v 0.000001 1.583927 -0.450744
v 0.000000 2.160007 0.103111
v -0.000000 2.065839 0.366131
v -0.000000 2.081488 -0.303704
v -0.000000 2.144705 -0.125113
v 0.000000 1.961879 -0.415475
v 0.000000 1.781102 -0.463793
v -0.395058 1.889666 -0.115860
v -0.339087 1.962678 -0.200284
v -0.334200 1.880902 -0.279590
v -0.394600 1.792408 -0.209097
v 0.080476 1.879351 -0.439210
v 0.153808 1.956021 -0.394307
v 0.226558 1.874231 -0.389402
v 0.161910 1.779546 -0.437870
v 0.412439 1.888687 0.071608
v 0.368453 1.966823 0.168685
v 0.394570 1.878608 0.258402
v 0.434341 1.793452 0.168613
v -0.158540 2.065268 -0.291448
v -0.237019 2.068655 -0.206599
v -0.172307 2.118718 -0.122567
v -0.085257 2.114268 -0.219222
v 0.334200 1.881888 -0.279592
v 0.339087 1.962678 -0.200284
v 0.395058 1.889675 -0.115860
v 0.394600 1.796008 -0.209212
v -0.175781 2.132493 0.090655
v -0.248439 2.085961 0.187154
v -0.162152 2.081593 0.318794
v -0.086485 2.130559 0.225740
v -0.394570 1.878608 0.258402
v -0.368453 1.966823 0.168685
v -0.412439 1.888687 0.071608
v -0.434341 1.793380 0.168613
v -0.441001 1.404847 0.305454
v -0.449796 1.558869 0.187595
v -0.470720 1.436779 0.114066
v 0.394879 1.491421 -0.269095
v 0.419609 1.581005 -0.202013
v 0.469900 1.469969 -0.093488
v 0.470715 1.438371 0.113418
v 0.449797 1.557346 0.187892
v 0.441004 1.401734 0.307197
v 0.090647 1.510350 -0.446328
v 0.166408 1.578015 -0.424460
v 0.260947 1.498577 -0.386047
v -0.469891 1.478549 -0.095926
v -0.419607 1.581088 -0.201994
v -0.394841 1.484553 -0.267369
v -0.261003 1.504533 -0.387440
v -0.166406 1.579699 -0.424778
v -0.090622 1.503320 -0.444812
v 0.175781 2.132493 0.090655
v 0.086485 2.130559 0.225740
v 0.162152 2.081593 0.318794
v 0.248439 2.085961 0.187154
v 0.158540 2.065268 -0.291448
v 0.085257 2.114268 -0.219222
v 0.172307 2.118718 -0.122567
v 0.237019 2.068655 -0.206599
v -0.226558 1.875905 -0.389426
v -0.153808 1.955907 -0.394307
v -0.080475 1.876724 -0.439195
v -0.161910 1.779233 -0.437861
v -0.305062 1.756525 0.313755
v -0.249562 1.882234 0.322998
v -0.222809 1.957450 -0.086808
v -0.197662 1.941616 -0.209988
v -0.246347 1.554153 -0.269695
v 0.060922 1.953405 -0.276319
v 0.158438 1.940111 -0.253908
v 0.246348 1.555686 -0.269974
v 0.225650 1.954462 0.080070
v 0.208829 1.923604 0.256816
v 0.325803 1.543313 0.319366
v -0.069384 1.908053 0.384383
v -0.172438 1.928928 0.349671
v -0.208829 1.923604 0.256816
v -0.225650 1.954462 0.080070
v 0.197662 1.941617 -0.209988
v 0.222809 1.957450 -0.086808
v 0.067536 2.026536 0.000167
v 0.183620 1.992451 -0.004396
v 0.355541 1.551713 -0.011881
v -0.355540 1.554041 -0.012516
v -0.325802 1.547072 0.318421
v -0.194081 1.899573 -0.249934
v -0.220122 1.760074 -0.273086
v 0.194081 1.899009 -0.249942
v 0.220122 1.756390 -0.272772
v 0.249562 1.882234 0.322998
v 0.305062 1.756525 0.313755
v 0.263848 1.910945 -0.006290
v 0.319945 1.763247 -0.008926
v -0.263848 1.910945 -0.006290
v -0.319944 1.764597 -0.008939
v -0.318429 1.664038 0.247034
v -0.343551 1.666195 0.073239
v 0.276560 1.661807 -0.230349
v 0.332546 1.661375 -0.094130
v 0.343552 1.667872 0.073035
v 0.318429 1.662875 0.247118
v 0.065995 1.661897 -0.353095
v 0.185321 1.656167 -0.313321
v -0.332546 1.663206 -0.094401
v -0.276560 1.657051 -0.229650
v -0.158437 1.940137 -0.253908
v -0.060922 1.953404 -0.276319
v 0.172438 1.928928 0.349671
v 0.069384 1.908053 0.384383
v -0.183620 1.992451 -0.004396
v -0.067536 2.026536 0.000167
v -0.185321 1.660218 -0.313931
v -0.065995 1.656771 -0.352337
v 0.000001 1.560161 -0.352750
v -0.000000 2.020047 0.099163
v -0.000000 1.932088 0.304774
v -0.000000 1.988785 -0.234709
v -0.000000 2.026794 -0.091589
v 0.000000 1.908036 -0.309923
v 0.000000 1.757466 -0.350158
v -0.284068 1.846537 -0.085737
v -0.241446 1.907695 -0.155118
v -0.239305 1.843400 -0.216057
v -0.287436 1.759933 -0.164096
v 0.060997 1.843534 -0.328009
v 0.114888 1.904539 -0.294632
v 0.165915 1.839430 -0.293403
v 0.122734 1.755999 -0.331034
v 0.294431 1.843847 0.075102
v 0.255489 1.898905 0.163108
v 0.276747 1.830304 0.244834
v 0.312820 1.761808 0.157543
v -0.119914 1.978184 -0.225622
v -0.174083 1.979889 -0.161467
v -0.129175 2.010379 -0.090442
v -0.065621 2.008509 -0.170476
v 0.239305 1.842986 -0.216087
v 0.241447 1.907695 -0.155118
v 0.284068 1.846680 -0.085737
v 0.287436 1.763705 -0.164352
v -0.128076 2.006550 0.091410
v -0.174664 1.969543 0.177299
v -0.120624 1.946118 0.285249
v -0.064620 1.987681 0.198874
v -0.276747 1.830304 0.244834
v -0.255489 1.898905 0.163108
v -0.294431 1.843847 0.075102
v -0.312820 1.761808 0.157543
v -0.299515 1.406960 0.196519
v -0.338118 1.548322 0.161043
v -0.326887 1.411886 0.055544
v 0.281222 1.440707 -0.199298
v 0.323954 1.552828 -0.162314
v 0.331023 1.423721 -0.085445
v 0.326881 1.413533 0.054940
v 0.338119 1.547214 0.161224
v 0.299517 1.401832 0.198740
v 0.066322 1.452933 -0.312035
v 0.134049 1.555677 -0.331621
v 0.188287 1.443634 -0.272140
v -0.331032 1.431529 -0.087564
v -0.323953 1.550386 -0.161715
v -0.281229 1.432552 -0.197127
v -0.188255 1.450550 -0.273894
v -0.134048 1.556577 -0.331799
v -0.066337 1.448158 -0.310837
v 0.128076 2.006550 0.091410
v 0.064620 1.987681 0.198874
v 0.120624 1.946118 0.285249
v 0.174664 1.969543 0.177298
v 0.119914 1.978183 -0.225622
v 0.065621 2.008508 -0.170476
v 0.129175 2.010379 -0.090442
v 0.174083 1.979889 -0.161467
v -0.165915 1.840300 -0.293435
v -0.114888 1.904227 -0.294648
v -0.060997 1.841170 -0.327969
v -0.122734 1.755209 -0.330977
v -0.320336 1.843770 0.351472
v -0.354140 1.667955 0.356168
v 0.243908 1.946645 0.371828
v 0.138639 1.962981 0.418127
v -0.243908 1.946645 0.371828
v 0.356684 1.393789 0.360862
v 0.354140 1.667126 0.356177
v -0.000000 1.900695 0.451253
v 0.452822 1.103542 0.246602
v 0.374012 1.086732 0.451928
v 0.521914 1.169497 0.036210
v 0.320336 1.843770 0.351472
v -0.505367 1.233821 -0.161151
v 0.391674 1.280511 -0.316863
v -0.356682 1.393757 0.360870
v -0.374012 1.086732 0.451928
v -0.000023 1.322332 -0.466347
v -0.138639 1.962981 0.418127
v -0.452755 1.103512 0.246762
v -0.212124 1.312189 -0.426154
v -0.422589 1.797249 -0.117973
v -0.359328 1.968774 -0.116220
v -0.310341 1.953645 -0.272210
v -0.353382 1.788055 -0.289579
v 0.082505 1.783067 -0.457666
v 0.079345 1.960645 -0.410129
v 0.218798 1.949612 -0.367922
v 0.235176 1.780310 -0.404345
v 0.440613 1.796393 0.073016
v 0.373696 1.971135 0.072009
v 0.355819 1.957132 0.261582
v 0.419772 1.788448 0.259811
v -0.081979 2.077589 -0.300346
v -0.224573 2.043134 -0.279379
v -0.247692 2.084700 -0.119925
v -0.088137 2.138316 -0.124383
v 0.353382 1.792426 -0.289874
v 0.310341 1.953645 -0.272210
v 0.359328 1.968774 -0.116220
v 0.422589 1.795988 -0.117877
v -0.089483 2.153538 0.099731
v -0.254156 2.094790 0.081177
v -0.237453 2.063550 0.290068
v -0.081051 2.076920 0.350215
v -0.419772 1.788448 0.259811
v -0.355819 1.957132 0.261582
v -0.373696 1.971135 0.072009
v -0.440613 1.796263 0.073016
v -0.433537 1.552747 0.281140
v -0.464312 1.567798 0.087940
v 0.373283 1.587359 -0.283339
v 0.451129 1.577386 -0.110473
v 0.464313 1.572301 0.086849
v 0.433538 1.547534 0.282348
v 0.084297 1.585428 -0.444847
v 0.243958 1.577832 -0.391639
v -0.451128 1.588493 -0.112821
v -0.373282 1.576383 -0.281027
v -0.243956 1.587193 -0.393399
v -0.084295 1.578183 -0.443488
v 0.254156 2.094790 0.081177
v 0.089483 2.153538 0.099731
v 0.081051 2.076920 0.350215
v 0.237453 2.063550 0.290068
v 0.224573 2.043134 -0.279379
v 0.081979 2.077589 -0.300346
v 0.088137 2.138316 -0.124383
v 0.247692 2.084700 -0.119925
v -0.235176 1.784105 -0.404623
v -0.218798 1.949971 -0.367922
v -0.079345 1.960114 -0.410129
v -0.082505 1.778188 -0.457330
v -0.308660 1.762442 -0.090352
v -0.256332 1.910541 -0.085494
v -0.220644 1.903391 -0.210312
v -0.257675 1.758781 -0.224824
v 0.063282 1.759158 -0.345580
v 0.060169 1.907621 -0.305916
v 0.159618 1.900633 -0.276673
v 0.175186 1.755076 -0.307636
v 0.320781 1.763950 0.073341
v 0.263108 1.907453 0.077105
v 0.245428 1.886301 0.249174
v 0.301256 1.757411 0.242337
v -0.063129 1.986131 -0.232205
v -0.164995 1.964435 -0.216801
v -0.181013 1.989600 -0.088812
v -0.067227 2.022643 -0.091293
v 0.257675 1.759723 -0.224933
v 0.220644 1.903177 -0.210312
v 0.256332 1.910541 -0.085495
v 0.308660 1.762878 -0.090330
v -0.066370 2.017010 0.097214
v -0.181069 1.986392 0.085111
v -0.167996 1.942205 0.269574
v -0.064414 1.939401 0.299385
v -0.301256 1.757411 0.242337
v -0.245428 1.886301 0.249174
v -0.263108 1.907453 0.077105
v -0.320781 1.763962 0.073341
v -0.325994 1.548256 0.246899
v -0.351464 1.549473 0.073796
v 0.290173 1.559690 -0.223984
v 0.346211 1.550094 -0.090951
v 0.351465 1.552862 0.072950
v 0.325995 1.544282 0.247744
v 0.068536 1.561311 -0.347905
v 0.193850 1.553985 -0.305790
v -0.346210 1.556447 -0.092274
v -0.290172 1.549321 -0.221846
v -0.193849 1.560328 -0.307086
v -0.068534 1.555989 -0.346818
v 0.181069 1.986392 0.085111
v 0.066369 2.017010 0.097214
v 0.064414 1.939401 0.299385
v 0.167996 1.942205 0.269574
v 0.164995 1.964435 -0.216801
v 0.063129 1.986131 -0.232205
v 0.067227 2.022643 -0.091293
v 0.181013 1.989600 -0.088812
v -0.175186 1.757157 -0.307824
v -0.159618 1.900923 -0.276665
v -0.060169 1.906713 -0.305947
v -0.063282 1.755210 -0.345259
v -0.343265 1.766440 0.348785
v 0.195095 1.965779 0.392601
v -0.286201 1.904946 0.358796
v 0.356763 1.542910 0.359402
v 0.074616 1.940736 0.440909
v 0.409391 1.083644 0.353643
v 0.286201 1.904946 0.358796
v -0.459248 1.258627 -0.243802
v 0.343265 1.766440 0.348785
v 0.308011 1.298810 -0.378213
v -0.526226 1.203262 -0.066420
v 0.526214 1.203332 -0.066665
v 0.108091 1.319811 -0.456069
v -0.074616 1.940736 0.440909
v -0.356762 1.545384 0.358686
v -0.494243 1.135058 0.143747
v 0.459383 1.258617 -0.243732
v -0.195095 1.965779 0.392601
v -0.409391 1.083644 0.353643
v -0.308068 1.298805 -0.378194
v -0.397384 1.355084 -0.353481
v -0.466904 1.335945 -0.287781
v -0.373980 1.419321 -0.338615
v -0.564788 1.245051 0.029499
v -0.556401 1.218874 0.107621
v -0.537002 1.310774 0.043415
v 0.543230 1.299149 -0.148007
v 0.526233 1.310789 -0.186130
v 0.498573 1.374494 -0.174184
v 0.267234 1.376626 -0.439567
v 0.205892 1.383965 -0.463758
v 0.196815 1.451679 -0.437972
v -0.079433 1.390662 -0.495502
v -0.143429 1.387581 -0.484240
v -0.099375 1.459528 -0.462936
v 0.530616 1.186308 0.208007
v 0.549726 1.210061 0.135853
v 0.520010 1.273307 0.160417
v -0.442133 1.264231 -0.262256
v -0.372870 1.285252 -0.326963
v -0.339295 1.336678 -0.293184
v 0.193214 1.314149 -0.427748
v 0.254699 1.306113 -0.403028
v 0.179463 1.367393 -0.378757
v -0.506606 1.153369 0.087977
v -0.519103 1.179585 0.010787
v -0.478276 1.233171 0.032191
v 0.489960 1.241637 -0.178860
v 0.505013 1.228269 -0.140537
v 0.449404 1.292253 -0.155626
v 0.502731 1.148899 0.103750
v 0.480060 1.126130 0.174300
v 0.458684 1.202420 0.133804
v -0.136909 1.317615 -0.445030
v -0.072857 1.320768 -0.456768
v -0.090706 1.374108 -0.401459
v 0.000000 1.881536 0.440605
v 0.000000 2.000683 0.448136
v 0.000000 1.996978 0.271352
v 0.000000 2.111098 0.324602
v 0.000000 1.921296 0.369836
v 0.000000 1.927568 0.478603
v 0.000000 2.073435 0.384619
v 0.000000 2.068720 0.285836
v 0.401718 1.621848 0.309792
v 0.468149 1.680195 0.360335
v 0.390446 1.797856 0.172915
v 0.445961 1.841087 0.259193
v 0.338080 1.864602 0.224720
v 0.199525 1.987103 0.241118
v 0.209390 2.128716 0.303919
v 0.395041 1.944927 0.311359
v 0.185172 1.939988 0.468000
v 0.310630 1.762415 0.416767
v 0.382190 1.855186 0.460459
v 0.200698 2.081614 0.484946
v 0.485123 1.720397 0.123951
v 0.436713 1.728772 0.069332
v 0.442302 1.572169 0.130646
v 0.491714 1.590630 0.156725
v 0.099559 1.998405 0.250362
v 0.422111 1.852220 0.206260
v 0.376135 1.694426 0.241938
v 0.460804 1.769633 0.319802
v 0.444497 1.619269 0.353177
v 0.091816 2.063234 0.465121
v 0.280502 1.939597 0.235341
v 0.097753 2.130100 0.297452
v 0.319484 2.061229 0.319874
v 0.098872 1.922951 0.450071
v 0.245696 1.876443 0.465049
v 0.299945 2.005215 0.495783
v 0.397388 1.914947 0.394614
v 0.205532 2.128203 0.394382
v 0.188854 1.932952 0.368405
v 0.307725 1.794319 0.319329
v 0.346095 1.791271 0.469637
v 0.192139 2.004738 0.513322
v 0.207067 2.071105 0.259098
v 0.373135 1.925158 0.247476
v 0.470909 1.558431 0.142721
v 0.493094 1.654466 0.142833
v 0.427119 1.635227 0.111761
v 0.463043 1.741312 0.104040
v 0.496900 1.599372 0.244606
v 0.474432 1.762800 0.177095
v 0.417718 1.754287 0.106620
v 0.433324 1.565013 0.206555
v 0.450875 1.787592 0.145948
v 0.096030 1.981386 0.488553
v 0.092831 2.123350 0.378622
v 0.315289 2.051964 0.411762
v 0.099148 1.933170 0.364625
v 0.251189 1.882681 0.362038
v 0.270938 1.930469 0.517099
v 0.100322 2.081372 0.263698
v 0.306598 2.014298 0.266199
v 0.473904 1.549805 0.232016
v 0.465527 1.709932 -0.042174
v 0.488186 1.683273 0.220151
v 0.406986 1.640460 0.172116
v 0.486396 1.625809 0.061066
v 0.473469 1.607587 0.055343
v 0.456536 1.618608 0.050176
v 0.480979 1.701243 0.052021
v 0.488011 1.665232 0.058058
v 0.447108 1.657382 0.044082
v 0.453546 1.716036 0.008176
v 0.466460 1.713658 0.043995
v -0.401718 1.621848 0.309792
v -0.468149 1.680195 0.360335
v -0.390446 1.797856 0.172915
v -0.445961 1.841087 0.259193
v -0.338080 1.864602 0.224720
v -0.199525 1.987103 0.241118
v -0.209390 2.128716 0.303919
v -0.395041 1.944927 0.311359
v -0.185172 1.939988 0.468000
v -0.310630 1.762415 0.416767
v -0.382190 1.855186 0.460459
v -0.200698 2.081614 0.484946
v -0.485122 1.720397 0.123951
v -0.436713 1.728772 0.069332
v -0.442302 1.572169 0.130646
v -0.491713 1.590630 0.156725
v -0.099559 1.998405 0.250362
v -0.422111 1.852220 0.206260
v -0.376135 1.694426 0.241938
v -0.460804 1.769633 0.319802
v -0.444497 1.619269 0.353177
v -0.091816 2.063234 0.465121
v -0.280502 1.939597 0.235341
v -0.097753 2.130100 0.297452
v -0.319484 2.061229 0.319874
v -0.098872 1.922951 0.450071
v -0.245696 1.876443 0.465049
v -0.299944 2.005215 0.495783
v -0.397388 1.914947 0.394614
v -0.205532 2.128203 0.394382
v -0.188854 1.932952 0.368405
v -0.307725 1.794319 0.319329
v -0.346095 1.791271 0.469637
v -0.192139 2.004738 0.513322
v -0.207067 2.071105 0.259098
v -0.373135 1.925158 0.247476
v -0.470909 1.558431 0.142721
v -0.493094 1.654466 0.142833
v -0.427119 1.635227 0.111761
v -0.463043 1.741312 0.104040
v -0.496900 1.599372 0.244606
v -0.474432 1.762800 0.177095
v -0.417718 1.754287 0.106620
v -0.433324 1.565013 0.206555
v -0.450875 1.787592 0.145948
v -0.096030 1.981386 0.488553
v -0.092831 2.123350 0.378622
v -0.315289 2.051964 0.411762
v -0.099148 1.933170 0.364625
v -0.251189 1.882681 0.362038
v -0.270938 1.930469 0.517099
v -0.100322 2.081372 0.263698
v -0.306598 2.014298 0.266199
v -0.473904 1.549805 0.232016
v -0.465527 1.709932 -0.042174
v -0.488185 1.683273 0.220151
v -0.406986 1.640460 0.172116
v -0.486396 1.625809 0.061066
v -0.473469 1.607587 0.055343
v -0.456536 1.618608 0.050176
v -0.480979 1.701243 0.052021
v -0.488010 1.665232 0.058058
v -0.447108 1.657382 0.044082
v -0.453546 1.716036 0.008176
v -0.466460 1.713658 0.043995
vn 0.3454 -0.8977 0.2735
vn 0.3313 -0.9369 0.1119
vn 0.6644 -0.7245 0.1833
vn 0.5894 -0.6358 0.4984
vn -0.8644 -0.1680 0.4739
vn -0.9493 -0.2052 0.2381
vn -0.8470 -0.4967 0.1895
vn -0.7991 -0.4439 0.4056
vn 0.1230 -0.8866 0.4458
vn 0.2183 -0.8991 0.3794
vn 0.4221 -0.5480 0.7222
vn 0.2328 -0.5328 0.8136
vn -0.5894 -0.6358 0.4984
vn -0.6460 -0.3034 0.7005
vn -0.2183 -0.8991 0.3794
vn -0.1230 -0.8866 0.4458
vn -0.2267 -0.5476 0.8055
vn -0.4259 -0.5537 0.7156
vn -0.0000 -0.8825 0.4703
vn 0.0034 -0.5389 0.8424
vn -0.3310 -0.9368 0.1131
vn -0.3454 -0.8977 0.2735
vn -0.6646 -0.7242 0.1837
vn -0.2569 -0.9317 -0.2569
vn -0.4912 -0.7193 -0.4912
vn -0.2619 -0.7292 -0.6322
vn -0.0000 -0.7193 -0.6947
vn -0.2039 -0.6214 -0.7565
vn -0.0000 -0.6342 -0.7732
vn -0.3908 -0.6214 -0.6791
vn 0.0003 -0.9318 -0.3631
vn -0.6322 -0.7292 -0.2619
vn -0.5467 -0.6342 -0.5467
vn -0.6791 -0.6214 -0.3908
vn -0.3645 -0.9311 -0.0155
vn -0.6947 -0.7193 -0.0000
vn -0.7565 -0.6214 -0.2039
vn -0.8338 -0.5504 0.0433
vn -0.9675 -0.2186 0.1274
vn -0.9658 0.0146 0.2588
vn -0.9914 -0.0090 0.1305
vn -0.8659 0.0146 0.4999
vn -0.7001 -0.1334 0.7015
vn -0.7070 0.0146 0.7070
vn -0.6935 0.2022 0.6915
vn -0.4964 0.1933 0.8463
vn -0.4829 0.2998 0.8227
vn -0.6455 0.3168 0.6950
vn -0.5107 -0.1408 0.8482
vn -0.4999 0.0146 0.8659
vn 0.7991 -0.4439 0.4056
vn 0.6460 -0.3034 0.7005
vn -0.2602 0.1799 0.9487
vn -0.2687 0.2746 0.9232
vn -0.2877 -0.0418 0.9568
vn -0.2588 0.0146 0.9658
vn -0.0000 0.1728 0.9850
vn -0.0000 0.2595 0.9657
vn 0.0053 0.0144 0.9999
vn -0.0000 0.0146 0.9999
vn 0.2602 0.1799 0.9487
vn 0.2687 0.2746 0.9232
vn 0.2825 -0.0642 0.9571
vn 0.2588 0.0146 0.9658
vn 0.5107 -0.1408 0.8482
vn 0.4999 0.0146 0.8659
vn 0.4964 0.1933 0.8463
vn 0.4829 0.2998 0.8227
vn 0.6935 0.2022 0.6915
vn 0.6455 0.3168 0.6950
vn 0.7001 -0.1334 0.7015
vn 0.7070 0.0146 0.7070
vn 0.8644 -0.1680 0.4739
vn 0.8659 0.0146 0.4999
vn 0.3641 -0.9312 -0.0161
vn 0.9493 -0.2052 0.2381
vn 0.9658 0.0146 0.2588
vn 0.6938 -0.7202 -0.0000
vn 0.8338 -0.5504 0.0433
vn 0.8470 -0.4967 0.1895
vn 0.9675 -0.2186 0.1274
vn 0.9914 -0.0090 0.1305
vn 0.6316 -0.7299 -0.2614
vn 0.7565 -0.6214 -0.2039
vn 0.2569 -0.9319 -0.2561
vn 0.4909 -0.7197 -0.4909
vn 0.6791 -0.6214 -0.3908
vn 0.5467 -0.6342 -0.5467
vn 0.2619 -0.7294 -0.6319
vn 0.3908 -0.6214 -0.6791
vn 0.2039 -0.6214 -0.7565
vn 0.9432 0.0870 0.3207
vn 0.8627 0.0872 0.4981
vn 0.7044 0.0872 0.7044
vn 0.8258 0.1356 0.5473
vn 0.4981 0.0872 0.8627
vn 0.2578 0.0872 0.9622
vn -0.0000 0.0872 0.9962
vn -0.2578 0.0872 0.9622
vn -0.4981 0.0872 0.8627
vn -0.7044 0.0872 0.7044
vn -0.8627 0.0872 0.4981
vn -0.8258 0.1356 0.5473
vn -0.9432 0.0870 0.3207
vn -0.4883 -0.2124 0.8465
vn 0.1704 0.0264 0.9850
vn 0.0743 -0.7603 0.6453
vn -0.0098 -0.7067 0.7075
vn 0.0877 -0.7679 0.6345
vn -0.3608 -0.2046 0.9099
vn -0.1456 -0.3867 0.9106
vn -0.1460 0.0612 0.9874
vn 0.4675 -0.2211 0.8559
vn 0.0222 0.5427 0.8396
vn 0.0194 0.5427 0.8397
vn -0.0059 0.5428 0.8398
vn 0.3502 -0.2217 0.9100
vn 0.0530 -0.9953 0.0815
vn 0.0005 -1.0000 -0.0016
vn -0.0530 -0.9953 0.0815
vn -0.0000 -0.9968 0.0796
vn -0.2948 -0.9509 -0.0945
vn -0.2679 -0.9558 -0.1215
vn -0.3668 -0.9290 0.0484
vn -0.3797 -0.9213 0.0843
vn -0.4731 -0.6995 0.5356
vn -0.5002 -0.6873 0.5268
vn 0.0649 -0.9788 0.1941
vn -0.2289 -0.7861 0.5742
vn 0.1421 -0.9871 -0.0733
vn 0.0459 0.7812 0.6227
vn 0.2904 0.6527 0.6997
vn 0.5647 0.7511 0.3420
vn 0.3063 0.9242 0.2280
vn 0.6635 0.7244 0.1871
vn 0.4070 0.9121 0.0497
vn 0.7889 0.4753 0.3895
vn 0.8658 0.4589 0.1996
vn 0.5104 0.4986 0.7007
vn 0.1490 -0.4210 0.8948
vn -0.2950 -0.2233 0.9290
vn -0.5373 -0.1973 0.8200
vn -0.6741 -0.1847 0.7152
vn -0.3787 -0.7502 0.5420
vn -0.3388 -0.7399 0.5812
vn -0.3819 0.8514 0.3595
vn -0.5154 0.8260 0.2285
vn -0.7060 0.4066 0.5799
vn -0.5504 0.4190 0.7221
vn -0.2345 0.3573 0.9041
vn -0.0078 0.2663 0.9639
vn -0.2454 -0.9566 0.1573
vn -0.1623 -0.9867 -0.0129
vn -0.1111 -0.9719 0.2076
vn -0.0272 -0.9985 0.0477
vn -0.4163 -0.7165 0.5598
vn -0.1039 0.9748 -0.1973
vn -0.1844 0.9821 -0.0383
vn 0.0323 0.9963 0.0799
vn 0.1254 0.9870 -0.1003
vn -0.1964 0.8480 0.4922
vn 0.4244 0.1280 0.8964
vn 0.4803 -0.7037 0.5235
vn 0.4869 -0.8732 -0.0222
vn -0.5636 0.3565 -0.7452
vn -0.8057 0.3477 -0.4796
vn -0.5318 0.7766 -0.3378
vn -0.4234 0.7567 -0.4981
vn -0.6401 0.7664 0.0532
vn -0.9021 0.3963 0.1707
vn -0.2891 -0.9089 -0.3006
vn -0.4594 -0.8811 -0.1121
vn -0.8646 -0.4518 -0.2201
vn -0.4696 -0.6983 -0.5402
vn -0.9249 -0.2395 0.2954
vn -0.5655 -0.7474 0.3486
vn -0.4080 0.4050 0.8182
vn -0.4933 -0.1875 0.8494
vn -0.1063 -0.9806 0.1644
vn -0.0348 -0.9994 0.0087
vn -0.4474 -0.1879 0.8743
vn 0.8914 -0.0000 0.4533
vn 0.9934 0.0301 0.1105
vn -0.2752 0.9125 -0.3026
vn -0.3354 0.9291 -0.1557
vn 0.9617 -0.2699 0.0489
vn -0.5916 0.0223 -0.8059
vn 0.7297 -0.6619 0.1713
vn 0.9529 -0.2047 0.2236
vn 0.8471 -0.1863 0.4977
vn 0.6402 -0.6443 0.4185
vn -0.9477 0.1088 0.3001
vn -0.8553 0.1352 0.5002
vn -0.6355 0.4877 0.5986
vn -0.7134 0.3029 0.6319
vn 0.2429 -0.9684 0.0570
vn 0.1514 -0.9400 0.3056
vn 0.3533 -0.1542 0.9227
vn 0.8471 0.1863 0.4977
vn 0.3533 0.1542 0.9227
vn 0.6402 0.6443 0.4185
vn 0.3188 0.4846 0.8146
vn -0.9866 -0.1617 -0.0196
vn -0.7960 -0.6049 0.0198
vn -0.7869 -0.4409 0.4318
vn -0.8641 -0.1312 0.4859
vn 0.1484 0.9317 0.3315
vn -0.1116 0.5838 0.8042
vn -0.2184 -0.1275 0.9675
vn -0.0983 -0.6068 0.7887
vn 0.3188 -0.4846 0.8146
vn -0.2250 0.1364 0.9648
vn -0.5598 -0.1203 0.8199
vn -0.5581 0.1324 0.8192
vn -0.9585 -0.1687 -0.2300
vn -0.9764 0.0381 -0.2124
vn -0.0146 0.9999 -0.0029
vn -0.2484 0.8964 0.3672
vn 0.2431 0.9683 0.0571
vn 0.7297 0.6619 0.1713
vn -0.3483 -0.9229 0.1644
vn -0.5053 -0.5762 0.6424
vn 0.9529 0.2047 0.2236
vn -0.7613 -0.6170 -0.1995
vn -0.3089 -0.9478 -0.0788
vn -0.4675 0.8765 -0.1151
vn -0.6992 0.6937 -0.1730
vn -0.3044 0.9496 -0.0745
vn -0.6686 -0.7302 -0.1408
vn -0.6362 -0.0118 0.7715
vn -0.6516 0.0278 0.7581
vn -0.7297 -0.6619 0.1713
vn -0.6402 -0.6443 0.4185
vn -0.8471 -0.1863 0.4977
vn -0.9529 -0.2047 0.2236
vn 0.9477 0.1088 0.3001
vn 0.7134 0.3029 0.6319
vn 0.6355 0.4877 0.5986
vn 0.8553 0.1352 0.5002
vn -0.2429 -0.9684 0.0570
vn -0.1514 -0.9400 0.3056
vn -0.3533 -0.1542 0.9227
vn -0.3533 0.1542 0.9227
vn -0.8471 0.1863 0.4977
vn -0.3188 0.4846 0.8146
vn -0.6402 0.6443 0.4185
vn 0.9866 -0.1617 -0.0196
vn 0.8641 -0.1312 0.4859
vn 0.7869 -0.4409 0.4318
vn 0.7960 -0.6049 0.0198
vn -0.1484 0.9317 0.3315
vn 0.1116 0.5838 0.8042
vn 0.2184 -0.1275 0.9675
vn -0.3188 -0.4846 0.8146
vn 0.0983 -0.6068 0.7887
vn 0.2250 0.1364 0.9648
vn 0.5598 -0.1203 0.8199
vn 0.5581 0.1324 0.8192
vn 0.9585 -0.1687 -0.2300
vn 0.9764 0.0381 -0.2124
vn 0.0146 0.9999 -0.0029
vn -0.2431 0.9683 0.0571
vn 0.2484 0.8964 0.3672
vn -0.7297 0.6620 0.1713
vn 0.3483 -0.9229 0.1644
vn 0.5053 -0.5762 0.6424
vn -0.9529 0.2047 0.2236
vn 0.3089 -0.9478 -0.0788
vn 0.7613 -0.6170 -0.1995
vn 0.4675 0.8765 -0.1151
vn 0.3044 0.9496 -0.0745
vn 0.6992 0.6937 -0.1730
vn 0.6686 -0.7302 -0.1408
vn 0.6362 -0.0118 0.7715
vn 0.6516 0.0278 0.7581
vn 0.1838 -0.3660 0.9123
vn 0.0498 0.5422 0.8388
vn 0.0259 0.5427 0.8395
vn 0.0221 0.5427 0.8396
vn -0.3231 -0.5497 0.7704
vn -0.3532 -0.0659 0.9332
vn -0.7266 -0.1145 0.6774
vn -0.7646 0.3733 0.5253
vn -0.8919 0.2709 0.3620
vn -0.8859 -0.2127 0.4122
vn -0.4888 -0.7168 0.4973
vn -0.4069 0.4167 0.8129
vn -0.3090 0.7351 0.6034
vn -0.5075 0.7415 0.4388
vn -0.6274 0.5719 0.5284
vn -0.8194 0.3492 0.4546
vn -0.9031 0.2268 0.3647
vn -0.9186 -0.2162 0.3309
vn -0.5665 -0.7488 0.3441
vn 0.6274 0.5719 0.5284
vn 0.8194 0.3492 0.4546
vn 0.7860 0.3360 0.5189
vn 0.5323 0.4231 0.7333
vn 0.5094 0.5917 0.6248
vn 0.4371 0.5063 0.7434
vn -0.0000 0.4579 0.8890
vn -0.0000 0.5947 0.8039
vn -0.5094 0.5917 0.6248
vn -0.4371 0.5063 0.7434
vn -0.0000 0.7592 0.6509
vn -0.0000 -0.6012 0.7991
vn -0.0000 -0.1099 0.9939
vn 0.9186 -0.2162 0.3309
vn 0.9031 0.2268 0.3647
vn 0.8919 0.2709 0.3620
vn 0.8859 -0.2127 0.4122
vn 0.7266 -0.1145 0.6774
vn 0.7646 0.3733 0.5254
vn 0.4069 0.4167 0.8129
vn 0.3532 -0.0659 0.9332
vn 0.5665 -0.7488 0.3441
vn 0.4888 -0.7168 0.4973
vn -0.0000 0.7891 0.6142
vn -0.0000 0.4165 0.9091
vn 0.5075 0.7415 0.4388
vn 0.3090 0.7351 0.6034
vn 0.3231 -0.5497 0.7704
vn -0.0000 -0.9456 0.3253
vn -0.0000 -0.8580 0.5137
vn -0.0000 0.7669 0.6418
vn -0.0000 0.9233 0.3841
vn -0.5323 0.4231 0.7333
vn -0.7860 0.3360 0.5189
vn 0.0257 -0.3960 0.9179
vn 0.0264 0.0748 0.9969
vn 0.0230 0.5427 0.8396
vn 0.0225 0.5427 0.8396
vn 0.0173 -0.8147 0.5797
vn 0.0216 -0.8146 0.5796
vn -0.0428 -0.7685 0.6385
vn -0.0325 -0.7626 0.6461
vn 0.0583 -0.7040 0.7078
vn -0.4904 0.8270 0.2749
vn -0.7553 0.5954 0.2739
vn -0.6595 0.5199 0.5428
vn -0.4300 0.7215 0.5427
vn -0.9257 0.2610 0.2739
vn -0.8083 0.2280 0.5428
vn -0.9551 -0.1131 0.2739
vn -0.8340 -0.0987 0.5428
vn -0.8391 -0.4700 0.2739
vn -0.7327 -0.4104 0.5428
vn -0.5954 -0.7553 0.2739
vn -0.5199 -0.6595 0.5428
vn -0.2610 -0.9257 0.2739
vn -0.2280 -0.8083 0.5429
vn -0.0756 -0.9602 0.2690
vn -0.0663 -0.8420 0.5354
vn -0.1171 -0.4153 -0.9021
vn -0.0344 -0.4370 -0.8988
vn -0.0514 -0.6536 -0.7551
vn -0.1760 -0.6240 -0.7614
vn -0.2714 -0.9625 -0.0000
vn -0.0784 -0.9969 -0.0000
vn -0.2671 -0.3389 -0.9021
vn -0.4014 -0.5091 -0.7614
vn -0.6191 -0.7853 -0.0000
vn -0.3765 -0.2108 -0.9021
vn -0.5657 -0.3168 -0.7614
vn -0.8725 -0.4886 -0.0000
vn -0.4285 -0.0507 -0.9021
vn -0.6438 -0.0762 -0.7614
vn -0.9931 -0.1176 -0.0000
vn -0.4153 0.1171 -0.9021
vn -0.6240 0.1760 -0.7614
vn -0.9625 0.2714 -0.0000
vn -0.3389 0.2671 -0.9021
vn -0.5091 0.4014 -0.7614
vn -0.7853 0.6191 -0.0000
vn -0.2191 0.3676 -0.9038
vn -0.3300 0.5582 -0.7613
vn -0.5106 0.8598 -0.0000
vn -0.0672 0.0365 -0.9971
vn -0.0000 -0.0000 1.0000
vn -0.2327 0.6094 -0.7579
vn -0.1526 0.3997 -0.9039
vn -0.3006 0.7870 0.5388
vn -0.3432 0.8986 0.2734
vn -0.3568 0.9342 -0.0000
vn -0.0441 0.1155 -0.9923
vn 0.4904 0.8270 0.2749
vn 0.4300 0.7215 0.5427
vn 0.6595 0.5199 0.5428
vn 0.7553 0.5954 0.2739
vn 0.8083 0.2280 0.5428
vn 0.9257 0.2610 0.2739
vn 0.8340 -0.0987 0.5428
vn 0.9551 -0.1131 0.2739
vn 0.7327 -0.4104 0.5428
vn 0.8391 -0.4700 0.2739
vn 0.5199 -0.6595 0.5428
vn 0.5954 -0.7553 0.2739
vn 0.2280 -0.8083 0.5429
vn 0.2610 -0.9257 0.2739
vn 0.0663 -0.8420 0.5354
vn 0.0756 -0.9602 0.2690
vn 0.1171 -0.4153 -0.9021
vn 0.1760 -0.6240 -0.7614
vn 0.0514 -0.6536 -0.7551
vn 0.0344 -0.4370 -0.8988
vn 0.2714 -0.9625 -0.0000
vn 0.0784 -0.9969 -0.0000
vn 0.2671 -0.3389 -0.9021
vn 0.4014 -0.5091 -0.7614
vn 0.6191 -0.7853 -0.0000
vn 0.3765 -0.2108 -0.9021
vn 0.5657 -0.3168 -0.7614
vn 0.8725 -0.4886 -0.0000
vn 0.4285 -0.0507 -0.9021
vn 0.6438 -0.0762 -0.7614
vn 0.9931 -0.1176 -0.0000
vn 0.4153 0.1171 -0.9021
vn 0.6240 0.1760 -0.7614
vn 0.9625 0.2714 -0.0000
vn 0.3389 0.2671 -0.9021
vn 0.5091 0.4014 -0.7614
vn 0.7853 0.6191 -0.0000
vn 0.2191 0.3676 -0.9038
vn 0.3300 0.5582 -0.7613
vn 0.5106 0.8598 -0.0000
vn 0.0672 0.0365 -0.9971
vn 0.1526 0.3997 -0.9039
vn 0.2327 0.6094 -0.7579
vn 0.3432 0.8986 0.2734
vn 0.3006 0.7870 0.5388
vn 0.3568 0.9342 -0.0000
vn 0.0441 0.1155 -0.9923
vn 0.2948 -0.9509 -0.0945
vn 0.3797 -0.9212 0.0843
vn 0.3668 -0.9290 0.0484
vn 0.2679 -0.9558 -0.1215
vn 0.5002 -0.6873 0.5268
vn 0.4731 -0.6995 0.5356
vn 0.2289 -0.7861 0.5742
vn -0.0649 -0.9788 0.1941
vn -0.1421 -0.9871 -0.0733
vn -0.0459 0.7811 0.6227
vn -0.3063 0.9242 0.2280
vn -0.5647 0.7511 0.3420
vn -0.2904 0.6527 0.6997
vn -0.4070 0.9121 0.0497
vn -0.6635 0.7244 0.1871
vn -0.8658 0.4589 0.1996
vn -0.7889 0.4753 0.3895
vn -0.5104 0.4986 0.7007
vn 0.2950 -0.2233 0.9290
vn -0.1490 -0.4210 0.8948
vn 0.5373 -0.1973 0.8200
vn 0.3388 -0.7399 0.5812
vn 0.3787 -0.7502 0.5420
vn 0.6741 -0.1847 0.7152
vn 0.3819 0.8514 0.3595
vn 0.5504 0.4190 0.7221
vn 0.7060 0.4066 0.5799
vn 0.5154 0.8260 0.2285
vn 0.2345 0.3573 0.9041
vn 0.0078 0.2663 0.9639
vn 0.1623 -0.9867 -0.0129
vn 0.2454 -0.9566 0.1573
vn 0.0272 -0.9985 0.0477
vn 0.1111 -0.9719 0.2076
vn 0.4163 -0.7165 0.5598
vn 0.1039 0.9748 -0.1973
vn -0.1254 0.9870 -0.1003
vn -0.0323 0.9963 0.0799
vn 0.1844 0.9821 -0.0383
vn 0.1964 0.8480 0.4922
vn -0.4244 0.1280 0.8964
vn -0.4803 -0.7038 0.5235
vn -0.4869 -0.8732 -0.0222
vn 0.5636 0.3565 -0.7452
vn 0.4234 0.7567 -0.4981
vn 0.5318 0.7766 -0.3378
vn 0.8057 0.3477 -0.4796
vn 0.9021 0.3963 0.1707
vn 0.6401 0.7664 0.0532
vn 0.2891 -0.9089 -0.3006
vn 0.4696 -0.6983 -0.5402
vn 0.8646 -0.4518 -0.2201
vn 0.4594 -0.8811 -0.1121
vn 0.5655 -0.7474 0.3486
vn 0.9249 -0.2395 0.2954
vn 0.4080 0.4050 0.8182
vn 0.4933 -0.1875 0.8494
vn 0.1063 -0.9806 0.1644
vn 0.0348 -0.9994 0.0087
vn 0.4474 -0.1879 0.8743
vn -0.8914 -0.0000 0.4533
vn -0.9934 0.0301 0.1105
vn 0.3354 0.9291 -0.1557
vn 0.2752 0.9125 -0.3026
vn -0.9617 -0.2699 0.0489
vn 0.5916 0.0223 -0.8059
vn -0.9887 0.1251 -0.0824
vn -0.9640 0.2510 -0.0875
vn -0.9443 0.2388 -0.2266
vn -0.9630 0.1205 -0.2412
vn -0.9307 0.3563 -0.0834
vn -0.9176 0.3408 -0.2047
vn -0.8856 0.3102 -0.3457
vn -0.9006 0.2103 -0.3804
vn -0.9083 0.0909 -0.4082
vn -0.8580 0.5085 -0.0725
vn -0.8516 0.4916 -0.1821
vn -0.7195 0.6917 -0.0630
vn -0.7130 0.6812 -0.1659
vn -0.6971 0.6569 -0.2872
vn -0.8327 0.4580 -0.3111
vn -0.7854 0.4056 -0.4676
vn -0.8161 0.2728 -0.5095
vn -0.6628 0.6071 -0.4383
vn -0.6041 0.5304 -0.5947
vn -0.6611 0.3669 -0.6545
vn -0.6825 0.2462 -0.6882
vn -0.8186 0.1747 -0.5472
vn -0.8126 0.0495 -0.5807
vn -0.6824 0.1429 -0.7169
vn -0.6697 0.0077 -0.7426
vn -0.0023 -0.0681 -0.9977
vn -0.0046 0.0962 -0.9954
vn 0.1558 0.1003 -0.9827
vn 0.1521 -0.0629 -0.9864
vn -0.0043 0.2612 -0.9653
vn 0.1513 0.2596 -0.9538
vn 0.3175 0.2461 -0.9157
vn 0.3248 0.1007 -0.9404
vn 0.3159 -0.0573 -0.9471
vn -0.0022 0.4501 -0.8930
vn 0.1401 0.4447 -0.8847
vn -0.0005 0.6794 -0.7338
vn 0.1298 0.6736 -0.7276
vn 0.2742 0.6510 -0.7078
vn 0.2948 0.4213 -0.8576
vn 0.4703 0.3827 -0.7952
vn 0.4973 0.2355 -0.8350
vn 0.4415 0.6024 -0.6650
vn 0.6042 0.5295 -0.5955
vn 0.6602 0.3646 -0.6566
vn 0.6785 0.2445 -0.6927
vn 0.5010 0.1138 -0.8579
vn 0.4902 -0.0333 -0.8710
vn 0.6746 0.1432 -0.7242
vn 0.6624 0.0087 -0.7491
vn 0.9888 0.1218 -0.0865
vn 0.9647 0.2471 -0.0909
vn 0.9694 0.2443 0.0247
vn 0.9926 0.1124 0.0463
vn 0.9314 0.3543 -0.0839
vn 0.9334 0.3584 0.0183
vn 0.9279 0.3554 0.1128
vn 0.9658 0.2273 0.1246
vn 0.9852 0.0899 0.1458
vn 0.8580 0.5086 -0.0725
vn 0.8559 0.5165 0.0246
vn 0.7195 0.6917 -0.0630
vn 0.7175 0.6957 0.0349
vn 0.7046 0.6960 0.1384
vn 0.8459 0.5197 0.1199
vn 0.8152 0.5026 0.2880
vn 0.8977 0.3406 0.2794
vn 0.6749 0.6686 0.3120
vn 0.5756 0.4537 0.6804
vn 0.6470 0.3468 0.6791
vn 0.6872 0.2402 0.6856
vn 0.9349 0.2076 0.2879
vn 0.9488 0.0860 0.3039
vn 0.6964 0.1635 0.6988
vn 0.6699 0.0948 0.7364
vn -0.1299 0.6728 -0.7283
vn -0.1291 0.8469 -0.5159
vn -0.0000 0.8527 -0.5225
vn -0.2734 0.6508 -0.7083
vn -0.2768 0.8233 -0.4955
vn -0.2979 0.9022 -0.3119
vn -0.1381 0.9342 -0.3289
vn -0.0000 0.9422 -0.3351
vn -0.4410 0.6031 -0.6647
vn -0.4582 0.7612 -0.4589
vn -0.4933 0.8197 -0.2912
vn -0.5164 0.8401 -0.1661
vn -0.3193 0.9307 -0.1782
vn -0.5302 0.8456 -0.0620
vn -0.3341 0.9402 -0.0665
vn -0.1492 0.9704 -0.1897
vn -0.0000 0.9810 -0.1940
vn -0.1567 0.9852 -0.0690
vn -0.0000 0.9976 -0.0694
vn 0.8150 0.1828 -0.5499
vn 0.8117 0.0590 -0.5810
vn 0.8128 0.2773 -0.5123
vn 0.8853 0.3146 -0.3423
vn 0.9031 0.2144 -0.3721
vn 0.9124 0.0921 -0.3987
vn 0.7842 0.4063 -0.4689
vn 0.6629 0.6069 -0.4386
vn 0.6971 0.6569 -0.2872
vn 0.8321 0.4595 -0.3105
vn 0.8514 0.4921 -0.1815
vn 0.9184 0.3404 -0.2017
vn 0.7130 0.6812 -0.1659
vn 0.9465 0.2349 -0.2211
vn 0.9648 0.1138 -0.2371
vn -0.1486 0.9850 0.0871
vn -0.0000 0.9952 0.0982
vn -0.3308 0.9415 0.0638
vn -0.2955 0.9282 0.2260
vn -0.1105 0.9511 0.2884
vn -0.0000 0.9481 0.3179
vn -0.5312 0.8460 0.0460
vn -0.7175 0.6957 0.0349
vn -0.7046 0.6960 0.1384
vn -0.5104 0.8426 0.1715
vn -0.4756 0.8016 0.3623
vn -0.2504 0.8619 0.4410
vn -0.6749 0.6686 0.3120
vn -0.5756 0.4537 0.6804
vn -0.4552 0.5267 0.7179
vn -0.3011 0.5373 0.7878
vn -0.0543 0.8422 0.5364
vn -0.0000 0.8010 0.5986
vn -0.1351 0.4690 0.8728
vn -0.0000 0.2828 0.9592
vn -0.6702 0.0935 0.7363
vn -0.6962 0.1643 0.6988
vn -0.9349 0.2081 0.2874
vn -0.9488 0.0863 0.3038
vn -0.6872 0.2402 0.6856
vn -0.8978 0.3406 0.2794
vn -0.9279 0.3553 0.1127
vn -0.9661 0.2267 0.1236
vn -0.9854 0.0894 0.1451
vn -0.6470 0.3468 0.6791
vn -0.8152 0.5026 0.2879
vn -0.8459 0.5197 0.1199
vn -0.8559 0.5165 0.0246
vn -0.9331 0.3591 0.0192
vn -0.9694 0.2438 0.0275
vn -0.9928 0.1089 0.0490
vn -0.8474 0.2515 0.4677
vn -0.9121 0.1658 0.3750
vn -0.9559 0.1735 0.2370
vn -0.9189 0.2496 0.3054
vn -0.9580 0.2150 0.1898
vn -0.9010 0.3279 0.2842
vn -0.8313 0.1986 0.5191
vn -0.8892 0.0695 0.4522
vn -0.9484 0.0541 0.3123
vn -0.9863 0.0411 0.1600
vn -0.9947 0.0527 0.0882
vn -0.9959 0.0742 -0.0513
vn -0.9643 0.2570 0.0640
vn -0.8306 -0.5058 -0.2331
vn -0.8331 -0.5115 -0.2108
vn -0.8387 -0.5346 -0.1043
vn 0.6539 0.2422 -0.7168
vn 0.8036 0.2728 -0.5290
vn 0.8025 0.4395 -0.4034
vn 0.6670 0.4142 -0.6193
vn 0.8593 0.4432 -0.2554
vn 0.8953 0.2959 -0.3330
vn 0.9462 0.2858 -0.1517
vn 0.9024 0.4297 -0.0321
vn 0.7580 -0.4531 -0.4692
vn 0.6891 -0.4568 -0.5626
vn 0.6724 -0.4568 -0.5824
vn 0.6487 -0.0009 -0.7611
vn 0.8062 0.0376 -0.5905
vn 0.9127 0.0711 -0.4025
vn 0.9693 0.0845 -0.2310
vn 0.9955 0.0745 -0.0579
vn 0.9663 0.2522 0.0520
vn 0.9085 0.3757 0.1831
vn 0.9017 0.3241 0.2862
vn 0.9567 0.2177 0.1933
vn 0.9560 0.1748 0.2355
vn 0.9165 0.2503 0.3121
vn 0.7997 -0.6000 0.0210
vn 0.8194 -0.5700 -0.0606
vn 0.8218 -0.5652 -0.0727
vn 0.9117 0.1671 0.3753
vn 0.8475 0.2518 0.4672
vn 0.9949 0.0519 0.0868
vn 0.9862 0.0414 0.1605
vn 0.9481 0.0561 0.3130
vn 0.8884 0.0711 0.4536
vn 0.8314 0.1968 0.5196
vn 0.7953 0.2644 0.5456
vn -0.0138 0.2195 -0.9755
vn 0.1789 0.2169 -0.9597
vn 0.2073 0.3975 -0.8939
vn -0.0204 0.4012 -0.9158
vn 0.3499 0.3901 -0.8517
vn 0.3425 0.2229 -0.9127
vn 0.4858 0.2218 -0.8455
vn 0.5100 0.3983 -0.7624
vn 0.2491 -0.4806 -0.8408
vn 0.1643 -0.4839 -0.8595
vn 0.1575 -0.4841 -0.8608
vn -0.0049 -0.0571 -0.9984
vn 0.1554 -0.0583 -0.9861
vn 0.3173 -0.0498 -0.9470
vn 0.4785 -0.0329 -0.8775
vn 0.8192 -0.5004 -0.2803
vn 0.8224 -0.5054 -0.2613
vn 0.7953 -0.4682 -0.3851
vn -0.9091 0.4164 0.0096
vn -0.9497 0.2824 -0.1356
vn -0.8881 0.2919 -0.3549
vn -0.8611 0.4473 -0.2417
vn -0.7867 0.2789 -0.5508
vn -0.7719 0.4440 -0.4550
vn -0.9690 0.0832 -0.2328
vn -0.9058 0.0736 -0.4172
vn -0.8031 0.0410 -0.5945
vn -0.6603 0.0012 -0.7510
vn -0.6695 0.2524 -0.6986
vn -0.2754 -0.4542 -0.8472
vn -0.3848 -0.4566 -0.8021
vn -0.6673 -0.4469 -0.5958
vn -0.6563 -0.4462 -0.6084
vn -0.4141 -0.4715 -0.7786
vn -0.4275 -0.4706 -0.7719
vn -0.4956 -0.4642 -0.7341
vn -0.5473 0.3976 -0.7365
vn -0.5075 0.2177 -0.8337
vn -0.3184 0.2143 -0.9234
vn -0.3458 0.3940 -0.8516
vn -0.1786 0.3972 -0.9002
vn -0.1711 0.2247 -0.9593
vn -0.4834 -0.0381 -0.8745
vn -0.4915 -0.0269 -0.8704
vn -0.3110 -0.0568 -0.9487
vn -0.3065 -0.0504 -0.9505
vn -0.1547 -0.0540 -0.9865
vn -0.1516 -0.0689 -0.9860
vn -0.1891 -0.4854 -0.8536
vn -0.2716 -0.4812 -0.8335
vn -0.2630 -0.4818 -0.8359
vn 0.8035 -0.4938 -0.3326
vn 0.9504 -0.1556 -0.2693
vn 0.9831 -0.1213 -0.1368
vn 0.9234 -0.3498 -0.1584
vn 0.5302 0.8456 -0.0620
vn 0.5312 0.8460 0.0460
vn 0.3341 0.9402 -0.0665
vn 0.3308 0.9415 0.0638
vn 0.2955 0.9282 0.2260
vn 0.5104 0.8426 0.1715
vn 0.1567 0.9852 -0.0690
vn 0.1486 0.9850 0.0871
vn 0.1105 0.9511 0.2884
vn 0.0543 0.8422 0.5364
vn 0.2504 0.8619 0.4410
vn 0.1351 0.4690 0.8728
vn 0.3011 0.5373 0.7878
vn 0.4756 0.8016 0.3623
vn 0.4552 0.5267 0.7179
vn 0.4582 0.7612 -0.4589
vn 0.2768 0.8233 -0.4955
vn 0.2979 0.9022 -0.3119
vn 0.4933 0.8197 -0.2912
vn 0.1291 0.8469 -0.5159
vn 0.1381 0.9342 -0.3289
vn 0.1492 0.9704 -0.1897
vn 0.3193 0.9307 -0.1782
vn 0.5164 0.8401 -0.1661
vn -0.4998 0.1187 -0.8579
vn -0.4947 0.2396 -0.8354
vn -0.3104 0.2457 -0.9183
vn -0.3163 0.1010 -0.9433
vn -0.4685 0.3856 -0.7949
vn -0.2915 0.4207 -0.8591
vn -0.1406 0.4414 -0.8862
vn -0.1520 0.2543 -0.9551
vn -0.1559 0.0939 -0.9833
vn 0.9837 -0.1690 0.0614
vn 0.9605 -0.1725 0.2183
vn 0.9439 -0.2581 0.2059
vn 0.9606 -0.2695 0.0681
vn 0.9097 -0.1525 0.3862
vn 0.9042 -0.2348 0.3568
vn 0.8970 -0.3058 0.3191
vn 0.9242 -0.3382 0.1776
vn 0.9308 -0.3617 0.0534
vn 0.8624 -0.4851 0.1448
vn 0.8579 -0.5131 0.0279
vn 0.8519 -0.4445 0.2771
vn 0.7133 -0.6571 0.2438
vn 0.7164 -0.6879 0.1170
vn 0.7075 -0.7067 0.0033
vn 0.8296 -0.2715 0.4879
vn 0.8070 -0.3893 0.4440
vn 0.6925 -0.2484 0.6773
vn 0.6769 -0.3487 0.6483
vn 0.6235 -0.5158 0.5875
vn 0.6849 -0.6029 0.4091
vn 0.8197 -0.1169 0.5608
vn 0.8267 -0.2059 0.5236
vn 0.6774 -0.0791 0.7313
vn 0.6883 -0.1791 0.7030
vn 0.0058 -0.0137 0.9999
vn -0.1530 -0.0181 0.9881
vn -0.1528 -0.1426 0.9779
vn 0.0067 -0.1395 0.9902
vn -0.3195 -0.0217 0.9473
vn -0.3214 -0.1417 0.9363
vn -0.3117 -0.2492 0.9169
vn -0.1465 -0.2622 0.9538
vn 0.0055 -0.2636 0.9646
vn -0.1343 -0.4296 0.8930
vn 0.0032 -0.4341 0.9008
vn -0.2882 -0.4054 0.8675
vn -0.2643 -0.6513 0.7114
vn -0.1221 -0.6745 0.7281
vn 0.0010 -0.6798 0.7334
vn -0.5005 -0.2387 0.8322
vn -0.4745 -0.3654 0.8009
vn -0.6914 -0.2440 0.6800
vn -0.6777 -0.3445 0.6497
vn -0.6246 -0.5131 0.5887
vn -0.4444 -0.5979 0.6671
vn -0.4939 -0.0410 0.8686
vn -0.5025 -0.1513 0.8513
vn -0.6667 -0.0787 0.7412
vn -0.6827 -0.1762 0.7091
vn -0.9842 -0.1652 0.0637
vn -0.9865 -0.1501 -0.0647
vn -0.9622 -0.2680 -0.0483
vn -0.9613 -0.2666 0.0691
vn -0.9814 -0.1315 -0.1396
vn -0.9571 -0.2603 -0.1271
vn -0.9142 -0.3839 -0.1296
vn -0.9253 -0.3750 -0.0562
vn -0.9312 -0.3607 0.0531
vn -0.8434 -0.5315 -0.0784
vn -0.8578 -0.5132 0.0278
vn -0.8223 -0.5479 -0.1536
vn -0.6536 -0.7321 -0.1920
vn -0.6880 -0.7181 -0.1051
vn -0.7075 -0.7067 0.0033
vn -0.9142 -0.4012 -0.0576
vn -0.8032 -0.5887 -0.0910
vn -0.9104 -0.4117 0.0409
vn -0.7839 -0.6209 0.0039
vn -0.5374 -0.8406 -0.0682
vn -0.5976 -0.7873 -0.1517
vn -0.9906 -0.1181 -0.0687
vn -0.9668 -0.2489 -0.0582
vn -0.9196 -0.0743 0.3857
vn -0.8842 -0.2010 0.4216
vn -0.0000 -0.8783 0.4781
vn 0.1168 -0.8733 0.4731
vn 0.1225 -0.6727 0.7297
vn -0.0000 -0.9647 0.2633
vn 0.1208 -0.9583 0.2590
vn 0.2707 -0.9302 0.2478
vn 0.2586 -0.8510 0.4570
vn 0.2629 -0.6504 0.7126
vn 0.4560 -0.7822 0.4245
vn 0.4430 -0.5990 0.6670
vn 0.4832 -0.8429 0.2366
vn 0.2818 -0.9536 0.1061
vn 0.4934 -0.8634 0.1051
vn 0.2826 -0.9590 -0.0208
vn 0.4914 -0.8708 -0.0124
vn -0.0000 -0.9938 0.1108
vn 0.1262 -0.9859 0.1095
vn -0.0000 -0.9995 -0.0307
vn 0.1245 -0.9918 -0.0277
vn -0.8136 -0.1246 0.5680
vn -0.8191 -0.2105 0.5336
vn -0.9130 -0.1565 0.3768
vn -0.9041 -0.2405 0.3534
vn -0.8955 -0.3103 0.3190
vn -0.8254 -0.2724 0.4945
vn -0.8063 -0.3877 0.4467
vn -0.8513 -0.4452 0.2777
vn -0.7135 -0.6568 0.2441
vn -0.6854 -0.6018 0.4101
vn -0.9243 -0.3397 0.1742
vn -0.8621 -0.4857 0.1442
vn -0.7164 -0.6879 0.1170
vn -0.9632 -0.1682 0.2095
vn -0.9459 -0.2574 0.1977
vn -0.0000 -0.9802 -0.1981
vn 0.1066 -0.9765 -0.1871
vn -0.0000 -0.9263 -0.3768
vn 0.0564 -0.9338 -0.3533
vn 0.2022 -0.9325 -0.2994
vn 0.2622 -0.9516 -0.1605
vn 0.4717 -0.8718 -0.1323
vn 0.4215 -0.8740 -0.2418
vn 0.6536 -0.7321 -0.1920
vn 0.6880 -0.7181 -0.1051
vn 0.0669 -0.9494 -0.3070
vn 0.3169 -0.9212 -0.2259
vn -0.0437 -0.9651 -0.2581
vn 0.2131 -0.9638 -0.1600
vn 0.5374 -0.8406 -0.0682
vn 0.5976 -0.7873 -0.1517
vn -0.0000 -0.8905 -0.4550
vn -0.0783 -0.9136 -0.3991
vn -0.0000 -0.8908 -0.4544
vn -0.1751 -0.9063 -0.3846
vn 0.9193 -0.0766 0.3860
vn 0.9905 -0.1196 -0.0681
vn 0.9666 -0.2496 -0.0579
vn 0.8842 -0.2017 0.4214
vn 0.9816 -0.1314 -0.1384
vn 0.9573 -0.2600 -0.1263
vn 0.9142 -0.3839 -0.1297
vn 0.9142 -0.4012 -0.0576
vn 0.9104 -0.4117 0.0409
vn 0.8032 -0.5887 -0.0910
vn 0.7839 -0.6209 0.0039
vn 0.8223 -0.5479 -0.1536
vn 0.9250 -0.3756 -0.0569
vn 0.8434 -0.5315 -0.0784
vn 0.9867 -0.1477 -0.0679
vn 0.9621 -0.2680 -0.0508
vn -0.7560 -0.6497 -0.0802
vn -0.7191 -0.6853 0.1149
vn -0.7542 -0.6567 -0.0052
vn 0.9625 -0.0581 0.2649
vn 0.8606 0.0205 0.5089
vn 0.9990 0.0371 -0.0268
vn 0.9322 -0.0074 0.3618
vn 0.9849 0.0835 -0.1520
vn 0.9753 0.1872 -0.1176
vn 0.9928 0.0613 -0.1033
vn 0.9886 0.1502 0.0133
vn 0.9991 0.0245 0.0336
vn -0.7982 -0.4855 -0.3566
vn -0.9444 -0.1711 -0.2808
vn -0.7591 -0.5772 -0.3010
vn -0.7643 -0.5466 -0.3422
vn 0.7560 -0.5663 -0.3283
vn 0.7668 -0.5432 -0.3420
vn 0.6195 -0.7173 0.3187
vn 0.6994 -0.6950 0.1670
vn 0.7145 -0.6879 0.1277
vn 0.6420 -0.7116 0.2854
vn -0.7783 -0.5859 -0.2258
vn -0.7645 -0.6193 -0.1790
vn -0.7479 -0.6626 -0.0398
vn -0.6228 -0.7057 0.3379
vn -0.5111 -0.7137 0.4791
vn -0.5400 -0.7100 0.4521
vn -0.6622 -0.6962 0.2773
vn -0.6249 0.2330 0.7451
vn -0.7893 0.1809 0.5868
vn -0.8038 0.0530 0.5926
vn -0.6438 0.1093 0.7574
vn -0.9092 0.1415 0.3917
vn -0.9173 0.0255 0.3975
vn -0.9722 0.1312 0.1940
vn -0.9784 0.0132 0.2063
vn -0.9885 0.1508 0.0092
vn -0.9992 0.0263 0.0307
vn -0.8086 -0.4580 -0.3693
vn -0.7031 -0.6958 0.1467
vn 0.7704 -0.6324 -0.0810
vn 0.7660 -0.5971 -0.2382
vn 0.8161 -0.5271 -0.2369
vn -0.8592 0.0205 0.5112
vn -0.9613 -0.0555 0.2697
vn -0.9824 -0.1288 -0.1355
vn -0.9230 -0.3517 -0.1558
vn 0.0069 -0.7436 0.6686
vn 0.1452 -0.7501 0.6451
vn 0.1081 -0.6979 0.7080
vn -0.9759 0.1854 -0.1149
vn -0.9935 0.0551 -0.0992
vn -0.9858 0.0812 -0.1473
vn -0.9989 0.0385 -0.0259
vn -0.9315 -0.0059 0.3638
vn -0.4248 -0.7215 0.5467
vn -0.2884 -0.7395 0.6083
vn -0.3772 -0.7023 0.6037
vn -0.4016 -0.7346 0.5469
vn -0.1286 -0.7522 0.6463
vn -0.0039 -0.7569 0.6535
vn -0.1538 -0.7389 0.6560
vn -0.0023 0.3167 0.9485
vn -0.1399 0.3134 0.9393
vn -0.1467 0.1770 0.9732
vn 0.0007 0.1818 0.9833
vn -0.2897 0.3027 0.9080
vn -0.3027 0.1753 0.9368
vn -0.4540 0.2765 0.8470
vn -0.4723 0.1517 0.8683
vn 0.7497 -0.6615 -0.0190
vn -0.2707 -0.7525 0.6004
vn 0.7562 -0.6222 -0.2025
vn 0.9718 0.1304 0.1966
vn 0.9775 0.0048 0.2107
vn 0.9075 0.1432 0.3948
vn 0.9160 0.0260 0.4003
vn 0.7886 0.1829 0.5870
vn 0.8032 0.0667 0.5919
vn 0.6258 0.2324 0.7446
vn 0.6468 0.1107 0.7545
vn 0.2831 -0.7289 0.6234
vn 0.2679 -0.7433 0.6129
vn 0.3923 -0.7266 0.5640
vn 0.4379 -0.7161 0.5436
vn 0.2205 -0.7024 0.6768
vn 0.5428 -0.7170 0.4374
vn 0.6077 -0.7146 0.3466
vn 0.4535 0.2753 0.8476
vn 0.4741 0.1416 0.8690
vn 0.2932 0.3029 0.9068
vn 0.3019 0.1744 0.9372
vn 0.3085 -0.0221 0.9510
vn 0.4914 -0.0452 0.8698
vn 0.1407 0.3147 0.9387
vn 0.1461 0.1855 0.9717
vn 0.1530 -0.0130 0.9881
vn -0.5650 0.1263 0.8154
vn -0.4717 -0.8718 -0.1323
vn -0.4914 -0.8708 -0.0124
vn -0.4215 -0.8740 -0.2418
vn -0.2022 -0.9325 -0.2994
vn -0.2622 -0.9516 -0.1605
vn -0.2826 -0.9590 -0.0208
vn -0.1066 -0.9765 -0.1871
vn -0.1245 -0.9918 -0.0277
vn -0.0564 -0.9338 -0.3533
vn -0.0669 -0.9494 -0.3070
vn 0.0783 -0.9136 -0.3991
vn 0.0437 -0.9651 -0.2581
vn 0.1751 -0.9063 -0.3846
vn -0.3169 -0.9212 -0.2259
vn -0.2131 -0.9638 -0.1600
vn -0.4561 -0.7820 0.4247
vn -0.4832 -0.8429 0.2366
vn -0.2707 -0.9302 0.2478
vn -0.2587 -0.8510 0.4570
vn -0.1167 -0.8733 0.4730
vn -0.1208 -0.9583 0.2590
vn -0.2818 -0.9536 0.1061
vn -0.1262 -0.9859 0.1095
vn -0.4934 -0.8634 0.1051
vn 0.4961 -0.1548 0.8544
vn 0.3105 -0.1413 0.9400
vn 0.3038 -0.2479 0.9199
vn 0.4945 -0.2421 0.8348
vn 0.4709 -0.3679 0.8018
vn 0.2839 -0.4034 0.8699
vn 0.1480 -0.2570 0.9550
vn 0.1354 -0.4245 0.8952
vn 0.1538 -0.1373 0.9785
vn -0.3215 0.0809 0.9434
vn -0.3712 0.1087 0.9222
vn 0.7281 -0.0337 0.6846
vn 0.6569 -0.1337 0.7420
vn 0.5679 -0.3041 0.7649
vn 0.5666 -0.3063 0.7649
vn -0.4007 0.1146 0.9090
vn 0.3550 0.1592 0.9212
vn 0.4212 0.1729 0.8903
vn 0.3423 -0.8000 0.4928
vn 0.3444 -0.7999 0.4915
vn 0.1331 -0.7917 0.5962
vn 0.1354 -0.7920 0.5953
vn -0.1774 -0.6877 0.7040
vn -0.1721 -0.6906 0.7025
vn 0.4281 0.1676 0.8881
vn -0.4127 0.1498 0.8985
vn 0.4308 -0.4912 0.7571
vn 0.4289 -0.4933 0.7568
vn 0.1774 -0.6877 0.7040
vn 0.1721 -0.6906 0.7025
vn -0.4281 0.1676 0.8881
vn 0.3204 0.0837 0.9436
vn 0.1898 0.0557 0.9803
vn 0.1917 0.0556 0.9799
vn -0.7275 -0.0310 0.6854
vn -0.7896 -0.0146 0.6135
vn -0.1720 0.1832 0.9679
vn -0.0000 0.0449 0.9990
vn 0.2317 0.0824 0.9693
vn 0.4511 -0.8080 0.3791
vn 0.4323 -0.8018 0.4126
vn 0.4301 -0.8011 0.4163
vn 0.4982 -0.8436 0.2004
vn 0.6069 -0.7845 0.1279
vn 0.5676 -0.8085 0.1554
vn 0.7039 -0.7073 0.0652
vn 0.6981 -0.7127 0.0682
vn 0.5669 0.1279 0.8138
vn -0.4104 0.2900 0.8646
vn 0.8992 0.2980 0.3204
vn 0.5373 -0.6792 0.5000
vn 0.4127 0.1498 0.8985
vn -0.4308 -0.4912 0.7571
vn -0.4289 -0.4933 0.7568
vn -0.5679 -0.3041 0.7649
vn -0.5666 -0.3063 0.7649
vn 0.4007 0.1146 0.9090
vn -0.7514 -0.4763 -0.4567
vn -0.7791 -0.5232 -0.3455
vn -0.7680 -0.6403 0.0155
vn -0.7687 -0.6395 0.0143
vn -0.7758 -0.4656 -0.4258
vn -0.7672 -0.4631 -0.4438
vn 0.3715 0.1082 0.9221
vn -0.6569 -0.1335 0.7421
vn 0.5216 -0.4618 -0.7174
vn 0.5343 -0.4605 -0.7088
vn 0.3990 -0.4713 -0.7865
vn 0.3888 -0.4719 -0.7913
vn -0.9109 0.3800 0.1605
vn -0.9204 0.3539 0.1662
vn 0.1711 0.1858 0.9676
vn 0.4104 0.2900 0.8646
vn -0.0130 -0.4866 -0.8735
vn -0.0142 -0.4866 -0.8735
vn -0.0996 -0.4862 -0.8682
vn -0.3550 0.1592 0.9212
vn -0.2317 0.0824 0.9693
vn -0.3423 -0.8000 0.4928
vn -0.3444 -0.7999 0.4915
vn -0.4323 -0.8018 0.4126
vn -0.4301 -0.8011 0.4163
vn -0.4511 -0.8080 0.3791
vn -0.1910 0.0553 0.9800
vn -0.1959 0.0549 0.9791
vn 0.7922 -0.0159 0.6100
vn -0.7038 -0.7063 0.0762
vn -0.6984 -0.7115 0.0775
vn 0.3257 -0.4742 -0.8179
vn 0.7386 -0.6726 0.0463
vn -0.4212 0.1729 0.8903
vn -0.1331 -0.7917 0.5962
vn -0.1354 -0.7920 0.5953
vn -0.6069 -0.7845 0.1279
vn -0.5676 -0.8085 0.1554
vn -0.4982 -0.8436 0.2004
vn -0.6548 0.4087 -0.6357
vn -0.7957 0.2644 0.5449
vn 0.6682 -0.2476 -0.7015
vn 0.0145 -0.4161 0.9092
vn -0.6362 0.3863 -0.6678
vn -0.8824 0.3800 0.2773
vn -0.7026 0.4442 -0.5559
vn -0.2498 0.4124 -0.8761
vn -0.1345 0.3915 -0.9103
vn 0.3255 0.3743 -0.8683
vn 0.4240 0.4149 -0.8051
vn 0.8577 0.4263 -0.2874
vn 0.8722 0.4709 -0.1324
vn 0.8690 0.3148 0.3817
vn -0.7806 -0.4493 -0.4345
vn -0.7294 -0.6626 0.1703
vn -0.2697 -0.6888 0.6729
vn 0.1342 -0.7627 0.6327
vn 0.5240 -0.7251 0.4469
vn 0.7831 -0.5183 -0.3438
vn 0.0950 -0.2193 -0.9710
vn 0.3803 -0.0571 0.9231
vn 0.9551 -0.0030 0.2964
vn -0.4980 -0.3846 -0.7772
vn -0.9699 -0.1920 -0.1501
vn 0.7891 -0.2778 -0.5478
vn -0.7106 0.0551 0.7014
vn -0.0358 -0.4287 -0.9027
vn -0.0643 -0.2491 0.9663
vn -0.6265 -0.3219 -0.7099
vn -0.8944 -0.1717 -0.4131
vn -0.9155 -0.3114 -0.2549
vn -0.8637 -0.4111 -0.2918
vn -0.8219 -0.3260 -0.4672
vn 0.4572 0.5254 -0.7176
vn -0.1372 0.5527 -0.8220
vn -0.1659 0.6434 -0.7474
vn -0.0139 0.4260 -0.9046
vn 0.4365 0.7270 -0.5299
vn 0.0752 0.7573 -0.6487
vn 0.7775 0.5671 -0.2720
vn 0.8960 0.4391 -0.0660
vn 0.9239 0.3715 -0.0919
vn 0.9343 0.3352 -0.1209
vn 0.5572 0.7233 -0.4079
vn 0.2282 0.8932 -0.3874
vn -0.2902 -0.5279 0.7982
vn -0.2720 -0.5316 0.8021
vn 0.0338 -0.5704 0.8206
vn 0.0909 -0.5738 0.8139
vn -0.0349 0.2945 0.9550
vn 0.0875 0.6588 0.7472
vn -0.3200 0.5760 0.7522
vn -0.2958 0.2973 0.9078
vn -0.3932 0.4212 0.8173
vn 0.2019 -0.5750 0.7929
vn -0.8982 -0.4242 -0.1152
vn -0.8726 -0.4732 -0.1211
vn 0.8465 0.5170 -0.1268
vn 0.8811 0.3747 0.2886
vn 0.9489 0.2357 0.2097
vn 0.2612 0.9636 0.0570
vn -0.1538 0.9794 0.1308
vn -0.2692 0.9253 0.2670
vn 0.2150 0.9352 0.2815
vn -0.0170 0.8469 0.5315
vn -0.3714 0.7795 0.5044
vn 0.7118 0.0972 0.6956
vn 0.8382 -0.0892 0.5381
vn 0.4976 -0.1576 0.8530
vn 0.7229 -0.3679 0.5849
vn 0.6741 0.6947 -0.2509
vn 0.6905 0.6617 0.2923
vn 0.5200 0.4040 0.7526
vn -0.0170 -0.8336 -0.5522
vn -0.0440 -0.8675 -0.4955
vn 0.0643 -0.9369 -0.3436
vn 0.1305 -0.8971 -0.4221
vn -0.3158 -0.8409 -0.4395
vn -0.3358 -0.9100 -0.2432
vn 0.0970 -0.9952 -0.0150
vn 0.1729 -0.9738 -0.1476
vn 0.2542 -0.9213 -0.2943
vn -0.6788 -0.5897 -0.4375
vn -0.7568 -0.6058 -0.2456
vn -0.7749 -0.6291 -0.0613
vn -0.6805 -0.7322 -0.0279
vn -0.4643 -0.7473 0.4753
vn -0.4775 -0.5884 0.6525
vn -0.4726 -0.6303 0.6159
vn -0.4632 -0.7687 0.4410
vn -0.4782 -0.4950 0.7255
vn -0.4799 -0.5113 0.7129
vn 0.3483 0.0915 0.9329
vn -0.2194 0.1737 -0.9600
vn -0.2579 0.3927 -0.8828
vn -0.1261 0.4101 -0.9033
vn -0.1300 0.1810 -0.9749
vn -0.2824 0.5925 -0.7544
vn -0.1267 0.6012 -0.7890
vn 0.2181 0.6032 -0.7672
vn 0.1656 0.4431 -0.8810
vn 0.0698 0.2295 -0.9708
vn 0.4216 0.4610 -0.7808
vn 0.1646 0.2821 -0.9452
vn 0.8767 -0.4580 0.1468
vn 0.9557 -0.2188 0.1970
vn -0.3981 -0.9131 0.0881
vn -0.4231 -0.8875 0.1824
vn -0.2973 -0.8889 -0.3485
vn -0.3168 -0.9167 -0.2435
vn 0.8700 -0.4717 -0.1436
vn 0.9593 -0.2689 -0.0864
vn 0.8272 -0.4497 -0.3369
vn 0.9270 -0.2671 -0.2632
vn 0.9976 0.0628 -0.0289
vn 0.9898 0.0369 -0.1373
vn 0.9059 0.4004 -0.1377
vn -0.9093 -0.3363 -0.2449
vn -0.9276 -0.2148 -0.3057
vn -0.9327 -0.1722 -0.3169
vn -0.8907 -0.2931 -0.3474
vn 0.5155 0.8371 -0.1832
vn 0.9871 0.1453 0.0674
vn -0.9393 -0.2574 -0.2268
vn -0.9191 -0.3695 -0.1371
vn -0.9363 -0.0929 -0.3387
vn -0.9482 -0.0645 -0.3110
vn 0.9061 0.3686 -0.2076
vn -0.9586 -0.1010 -0.2662
vn 0.2887 0.9530 -0.0917
vn -0.9685 -0.0360 -0.2465
vn -0.2438 -0.7398 -0.6271
vn -0.2535 -0.7866 -0.5630
vn -0.2307 -0.6805 -0.6954
vn -0.2972 0.3673 0.8814
vn 0.8944 -0.1717 -0.4131
vn 0.8219 -0.3260 -0.4672
vn 0.8637 -0.4111 -0.2918
vn 0.9155 -0.3114 -0.2549
vn -0.4572 0.5254 -0.7176
vn 0.0139 0.4260 -0.9046
vn 0.1659 0.6434 -0.7474
vn 0.1372 0.5527 -0.8220
vn -0.0752 0.7573 -0.6487
vn -0.4365 0.7270 -0.5299
vn -0.7775 0.5671 -0.2720
vn -0.9239 0.3715 -0.0919
vn -0.8960 0.4391 -0.0660
vn -0.5572 0.7233 -0.4079
vn -0.9343 0.3352 -0.1209
vn -0.2282 0.8932 -0.3874
vn 0.2902 -0.5279 0.7982
vn -0.0909 -0.5738 0.8139
vn -0.0338 -0.5704 0.8206
vn 0.2720 -0.5316 0.8021
vn 0.0349 0.2945 0.9550
vn 0.2958 0.2973 0.9078
vn 0.3200 0.5760 0.7522
vn -0.0875 0.6588 0.7472
vn 0.3932 0.4212 0.8173
vn -0.2019 -0.5750 0.7929
vn 0.8726 -0.4732 -0.1211
vn 0.8982 -0.4242 -0.1152
vn -0.8465 0.5170 -0.1268
vn -0.9489 0.2357 0.2097
vn -0.8811 0.3747 0.2886
vn -0.2612 0.9636 0.0570
vn -0.2150 0.9352 0.2815
vn 0.2692 0.9253 0.2670
vn 0.1538 0.9794 0.1308
vn 0.3714 0.7795 0.5044
vn 0.0170 0.8469 0.5315
vn -0.8382 -0.0892 0.5381
vn -0.7118 0.0972 0.6956
vn -0.7229 -0.3679 0.5849
vn -0.4976 -0.1576 0.8530
vn -0.6905 0.6617 0.2923
vn -0.6741 0.6947 -0.2509
vn -0.5200 0.4040 0.7526
vn 0.0170 -0.8336 -0.5522
vn -0.1305 -0.8971 -0.4221
vn -0.0643 -0.9369 -0.3436
vn 0.0440 -0.8675 -0.4955
vn 0.3358 -0.9100 -0.2432
vn 0.3158 -0.8409 -0.4395
vn -0.1729 -0.9738 -0.1476
vn -0.0970 -0.9952 -0.0150
vn -0.2542 -0.9213 -0.2943
vn 0.7568 -0.6058 -0.2456
vn 0.6788 -0.5897 -0.4375
vn 0.7749 -0.6291 -0.0613
vn 0.6805 -0.7322 -0.0279
vn 0.4643 -0.7473 0.4753
vn 0.4632 -0.7687 0.4410
vn 0.4726 -0.6303 0.6159
vn 0.4775 -0.5884 0.6525
vn 0.4799 -0.5113 0.7129
vn 0.4782 -0.4950 0.7255
vn -0.3483 0.0915 0.9329
vn 0.2194 0.1737 -0.9600
vn 0.1300 0.1810 -0.9749
vn 0.1261 0.4101 -0.9033
vn 0.2579 0.3927 -0.8828
vn 0.1267 0.6012 -0.7890
vn 0.2824 0.5925 -0.7544
vn -0.1656 0.4431 -0.8810
vn -0.2181 0.6032 -0.7672
vn -0.0698 0.2295 -0.9708
vn -0.1646 0.2821 -0.9452
vn -0.4216 0.4610 -0.7808
vn -0.9557 -0.2188 0.1970
vn -0.8767 -0.4580 0.1468
vn 0.4231 -0.8875 0.1824
vn 0.3981 -0.9131 0.0881
vn 0.3168 -0.9167 -0.2435
vn 0.2973 -0.8889 -0.3485
vn -0.9593 -0.2689 -0.0864
vn -0.8700 -0.4717 -0.1436
vn -0.9270 -0.2671 -0.2632
vn -0.8272 -0.4497 -0.3369
vn -0.9059 0.4004 -0.1377
vn -0.9898 0.0369 -0.1373
vn -0.9976 0.0628 -0.0289
vn 0.9093 -0.3363 -0.2449
vn 0.8907 -0.2931 -0.3474
vn 0.9327 -0.1722 -0.3169
vn 0.9276 -0.2148 -0.3057
vn -0.5155 0.8371 -0.1832
vn -0.9871 0.1453 0.0674
vn 0.9191 -0.3695 -0.1371
vn 0.9393 -0.2574 -0.2268
vn 0.9363 -0.0929 -0.3387
vn 0.9482 -0.0645 -0.3110
vn -0.9061 0.3686 -0.2076
vn 0.9586 -0.1010 -0.2662
vn -0.2887 0.9530 -0.0917
vn 0.9685 -0.0360 -0.2465
vn 0.2535 -0.7866 -0.5630
vn 0.2438 -0.7398 -0.6271
vn 0.2307 -0.6805 -0.6954
vn 0.2972 0.3673 0.8814
vt 0.047205 0.831183
vt 0.043768 0.829784
vt 0.036215 0.837572
vt 0.042208 0.837572
vt 0.096437 0.863482
vt 0.100352 0.863482
vt 0.096437 0.849542
vt 0.093616 0.849622
vt 0.056898 0.831183
vt 0.051683 0.831183
vt 0.048150 0.837572
vt 0.055070 0.837572
vt 0.082783 0.837572
vt 0.087343 0.850067
vt 0.073307 0.831183
vt 0.068092 0.831183
vt 0.069921 0.837572
vt 0.076841 0.837572
vt 0.062495 0.831183
vt 0.062495 0.837572
vt 0.081222 0.829784
vt 0.077786 0.831183
vt 0.088776 0.837572
vt 0.077438 0.829776
vt 0.082783 0.837572
vt 0.073381 0.837572
vt 0.062495 0.837572
vt 0.071590 0.849542
vt 0.062495 0.849542
vt 0.080065 0.849542
vt 0.062495 0.829776
vt 0.087342 0.849542
vt 0.092927 0.849542
vt 0.083628 0.829776
vt 0.091186 0.837572
vt 0.097634 0.849542
vt 0.101688 0.863482
vt 0.100943 0.878534
vt 0.102299 0.878534
vt 0.096967 0.878534
vt 0.090209 0.863482
vt 0.090641 0.878534
vt 0.089360 0.908010
vt 0.081492 0.908010
vt 0.080018 0.918651
vt 0.087836 0.917024
vt 0.082092 0.863482
vt 0.082397 0.878534
vt 0.031374 0.849622
vt 0.037648 0.850067
vt 0.072329 0.908010
vt 0.071771 0.917024
vt 0.072639 0.863482
vt 0.072797 0.878534
vt 0.062495 0.908010
vt 0.062495 0.916112
vt 0.062495 0.863482
vt 0.062495 0.878534
vt 0.052662 0.908010
vt 0.053220 0.917024
vt 0.052351 0.863482
vt 0.052193 0.878534
vt 0.042899 0.863482
vt 0.042593 0.878534
vt 0.043499 0.908010
vt 0.044972 0.918651
vt 0.035630 0.908010
vt 0.037154 0.917024
vt 0.034782 0.863482
vt 0.034349 0.878534
vt 0.028553 0.863482
vt 0.028024 0.878534
vt 0.041362 0.829824
vt 0.024638 0.863482
vt 0.024048 0.878534
vt 0.033804 0.837572
vt 0.027356 0.849542
vt 0.028553 0.849542
vt 0.023303 0.863482
vt 0.022691 0.878534
vt 0.047552 0.829800
vt 0.032064 0.849542
vt 0.037648 0.849542
vt 0.051610 0.837572
vt 0.044926 0.849542
vt 0.053401 0.849542
vt 0.024922 0.893272
vt 0.028808 0.893272
vt 0.034990 0.893272
vt 0.029592 0.908010
vt 0.043046 0.893272
vt 0.052427 0.893272
vt 0.062495 0.893272
vt 0.072563 0.893272
vt 0.081945 0.893272
vt 0.090001 0.893272
vt 0.096182 0.893272
vt 0.095398 0.908010
vt 0.100069 0.893272
vt 0.078674 0.854616
vt 0.058916 0.857073
vt 0.058989 0.790599
vt 0.053401 0.791055
vt 0.058989 0.793877
vt 0.071470 0.849358
vt 0.066000 0.848894
vt 0.066121 0.857059
vt 0.062495 0.861430
vt 0.041866 0.860093
vt 0.066047 0.788033
vt 0.066047 0.790603
vt 0.071591 0.791055
vt 0.053522 0.849358
vt 0.042916 0.853654
vt 0.071781 0.855361
vt 0.051683 0.829776
vt 0.062495 0.828283
vt 0.073307 0.829776
vt 0.197387 0.874470
vt 0.196113 0.873689
vt 0.196482 0.873688
vt 0.197782 0.874521
vt 0.196927 0.874525
vt 0.198270 0.875473
vt 0.195248 0.873243
vt 0.195919 0.873830
vt 0.195051 0.873403
vt 0.197654 0.881087
vt 0.196150 0.879663
vt 0.195516 0.880173
vt 0.196984 0.881772
vt 0.195158 0.880023
vt 0.196589 0.881577
vt 0.194543 0.878147
vt 0.194356 0.878133
vt 0.195202 0.878265
vt 0.195326 0.874865
vt 0.196683 0.876055
vt 0.201530 0.877616
vt 0.202952 0.877005
vt 0.202384 0.875453
vt 0.201097 0.875878
vt 0.200978 0.881204
vt 0.202370 0.880328
vt 0.202942 0.878828
vt 0.201492 0.879582
vt 0.198035 0.879282
vt 0.196387 0.877920
vt 0.199138 0.875038
vt 0.198740 0.874979
vt 0.200517 0.875021
vt 0.200128 0.874981
vt 0.199689 0.875989
vt 0.199995 0.881673
vt 0.200374 0.881807
vt 0.198680 0.882310
vt 0.198284 0.882129
vt 0.199339 0.881625
vt 0.195050 0.876634
vt 0.194303 0.874169
vt 0.194205 0.874416
vt 0.202877 0.877878
vt 0.203663 0.877844
vt 0.202921 0.879479
vt 0.202418 0.879394
vt 0.203153 0.879519
vt 0.203763 0.878180
vt 0.202386 0.874851
vt 0.202967 0.874797
vt 0.203700 0.876032
vt 0.202885 0.876102
vt 0.203798 0.876421
vt 0.203188 0.875206
vt 0.199794 0.879888
vt 0.199918 0.877851
vt 0.201827 0.874728
vt 0.201451 0.874726
vt 0.198266 0.877267
vt 0.194061 0.875996
vt 0.194003 0.876195
vt 0.201502 0.880662
vt 0.201861 0.880773
vt 0.289448 0.890011
vt 0.286734 0.905605
vt 0.289688 0.905605
vt 0.292399 0.890011
vt 0.310955 0.927196
vt 0.310396 0.927196
vt 0.308846 0.939930
vt 0.308378 0.942790
vt 0.293539 0.883552
vt 0.296496 0.883552
vt 0.294349 0.905605
vt 0.289688 0.927196
vt 0.294349 0.927196
vt 0.292399 0.942790
vt 0.295191 0.939930
vt 0.310966 0.905605
vt 0.308375 0.890011
vt 0.308852 0.892871
vt 0.310399 0.905605
vt 0.296496 0.949244
vt 0.298446 0.942790
vt 0.299254 0.905605
vt 0.298446 0.890011
vt 0.295191 0.892871
vt 0.299254 0.927196
vt 0.307129 0.905605
vt 0.307129 0.927196
vt 0.307732 0.905605
vt 0.307714 0.927196
vt 0.301336 0.949244
vt 0.304369 0.949244
vt 0.293539 0.949244
vt 0.289448 0.942790
vt 0.306322 0.942790
vt 0.304354 0.883552
vt 0.306322 0.890011
vt 0.286734 0.927196
vt 0.305223 0.890011
vt 0.301283 0.883552
vt 0.310352 0.948651
vt 0.312680 0.941326
vt 0.316166 0.941326
vt 0.313794 0.948651
vt 0.059035 0.848891
vt 0.053522 0.786858
vt 0.059036 0.788981
vt 0.059035 0.786391
vt 0.046920 0.850797
vt 0.047153 0.853379
vt 0.045997 0.852543
vt 0.045974 0.855373
vt 0.044796 0.855141
vt 0.044900 0.851667
vt 0.046166 0.849534
vt 0.047149 0.855970
vt 0.047476 0.857561
vt 0.046885 0.857720
vt 0.045953 0.859098
vt 0.043422 0.860133
vt 0.042722 0.855083
vt 0.043101 0.850256
vt 0.044839 0.847044
vt 0.055114 0.859098
vt 0.057644 0.860133
vt 0.056615 0.865848
vt 0.054657 0.864445
vt 0.055087 0.870583
vt 0.054144 0.868399
vt 0.050533 0.864955
vt 0.050533 0.869355
vt 0.045980 0.870583
vt 0.046923 0.868399
vt 0.050534 0.872885
vt 0.050533 0.850215
vt 0.050533 0.853790
vt 0.057965 0.850256
vt 0.058344 0.855083
vt 0.056271 0.855141
vt 0.056167 0.851667
vt 0.055070 0.852543
vt 0.055093 0.855373
vt 0.053918 0.855970
vt 0.053914 0.853379
vt 0.056228 0.847044
vt 0.054901 0.849534
vt 0.050533 0.858066
vt 0.050533 0.856433
vt 0.054182 0.857720
vt 0.053590 0.857561
vt 0.054146 0.850797
vt 0.050533 0.845489
vt 0.050533 0.848656
vt 0.050533 0.860591
vt 0.050533 0.858817
vt 0.046410 0.864445
vt 0.044452 0.865848
vt 0.062496 0.843942
vt 0.062758 0.848620
vt 0.062496 0.848598
vt 0.060547 0.862410
vt 0.063992 0.864150
vt 0.064053 0.863121
vt 0.064053 0.862518
vt 0.062496 0.787313
vt 0.062496 0.790313
vt 0.062496 0.794588
vt 0.062496 0.790466
vt 0.066121 0.794559
vt 0.066121 0.791308
vt 0.071781 0.792861
vt 0.053210 0.855361
vt 0.103369 0.883967
vt 0.107509 0.878930
vt 0.105992 0.877226
vt 0.102425 0.881566
vt 0.109981 0.872019
vt 0.108122 0.871272
vt 0.110408 0.864287
vt 0.108490 0.864610
vt 0.108725 0.856910
vt 0.107040 0.858255
vt 0.105189 0.851012
vt 0.103993 0.853173
vt 0.100337 0.847491
vt 0.099813 0.850140
vt 0.094909 0.846883
vt 0.095136 0.849615
vt 0.099253 0.852966
vt 0.095379 0.852532
vt 0.102717 0.855480
vt 0.105241 0.859690
vt 0.106442 0.864955
vt 0.106137 0.870475
vt 0.104373 0.875408
vt 0.101417 0.879004
vt 0.096550 0.866623
vt 0.096550 0.866623
vt 0.099584 0.886026
vt 0.098716 0.880474
vt 0.099164 0.883340
vt 0.099584 0.886026
vt 0.096550 0.866623
vt 0.021624 0.883967
vt 0.022568 0.881566
vt 0.019001 0.877226
vt 0.017484 0.878930
vt 0.016871 0.871272
vt 0.015012 0.872019
vt 0.016503 0.864610
vt 0.014585 0.864287
vt 0.017953 0.858255
vt 0.016268 0.856910
vt 0.021000 0.853173
vt 0.019804 0.851012
vt 0.025180 0.850140
vt 0.024656 0.847491
vt 0.029857 0.849615
vt 0.030084 0.846883
vt 0.025740 0.852966
vt 0.029614 0.852532
vt 0.022276 0.855480
vt 0.019752 0.859690
vt 0.018551 0.864955
vt 0.018856 0.870475
vt 0.020620 0.875408
vt 0.023576 0.879004
vt 0.028443 0.866623
vt 0.028443 0.866623
vt 0.026277 0.880474
vt 0.025409 0.886026
vt 0.025409 0.886026
vt 0.025829 0.883340
vt 0.028443 0.866623
vt 0.048036 0.857141
vt 0.158597 0.883111
vt 0.160000 0.897518
vt 0.160874 0.897310
vt 0.159552 0.883178
vt 0.161698 0.911009
vt 0.162479 0.910550
vt 0.163919 0.909881
vt 0.162505 0.897021
vt 0.161386 0.883194
vt 0.163921 0.923104
vt 0.164545 0.922364
vt 0.166876 0.933267
vt 0.167323 0.932239
vt 0.168192 0.930395
vt 0.165713 0.921164
vt 0.167395 0.919647
vt 0.166026 0.909109
vt 0.169367 0.927760
vt 0.170494 0.925031
vt 0.169679 0.918628
vt 0.168824 0.908604
vt 0.164908 0.896706
vt 0.164055 0.883205
vt 0.168034 0.896487
vt 0.167442 0.883254
vt 0.185511 0.883714
vt 0.185511 0.896703
vt 0.190321 0.896661
vt 0.190395 0.883660
vt 0.185511 0.909367
vt 0.190202 0.909270
vt 0.194674 0.909001
vt 0.194950 0.896563
vt 0.195142 0.883528
vt 0.185511 0.920944
vt 0.190143 0.920727
vt 0.185511 0.930983
vt 0.190182 0.930594
vt 0.194517 0.929387
vt 0.194490 0.920075
vt 0.198282 0.919108
vt 0.198719 0.908659
vt 0.198162 0.927344
vt 0.200528 0.925031
vt 0.201342 0.918628
vt 0.202197 0.908604
vt 0.199222 0.896466
vt 0.199604 0.883373
vt 0.202987 0.896487
vt 0.203579 0.883254
vt 0.212424 0.883111
vt 0.211021 0.897518
vt 0.211184 0.897613
vt 0.212516 0.882899
vt 0.209324 0.911009
vt 0.209470 0.911232
vt 0.209103 0.911262
vt 0.210778 0.897615
vt 0.211943 0.882317
vt 0.207100 0.923104
vt 0.207159 0.923386
vt 0.204145 0.933267
vt 0.204106 0.933538
vt 0.203655 0.933218
vt 0.206751 0.923308
vt 0.205940 0.922820
vt 0.208290 0.911040
vt 0.202858 0.932296
vt 0.201574 0.929855
vt 0.204490 0.921134
vt 0.206730 0.909975
vt 0.209886 0.897480
vt 0.210833 0.881616
vt 0.208208 0.896819
vt 0.208955 0.880932
vt 0.180840 0.930594
vt 0.180681 0.938424
vt 0.185511 0.939017
vt 0.176504 0.929387
vt 0.176182 0.936549
vt 0.175732 0.941611
vt 0.180472 0.944107
vt 0.185511 0.944894
vt 0.172859 0.927344
vt 0.172329 0.933181
vt 0.171571 0.937158
vt 0.170971 0.939721
vt 0.175364 0.944817
vt 0.170680 0.941029
vt 0.175197 0.946363
vt 0.180300 0.947720
vt 0.185511 0.948642
vt 0.180225 0.949417
vt 0.185511 0.950390
vt 0.206113 0.896706
vt 0.206967 0.883205
vt 0.204995 0.909109
vt 0.207103 0.909881
vt 0.208516 0.897021
vt 0.209635 0.883194
vt 0.203626 0.919647
vt 0.201654 0.927760
vt 0.202830 0.930395
vt 0.205308 0.921164
vt 0.206476 0.922364
vt 0.208542 0.910550
vt 0.203699 0.932239
vt 0.210148 0.897310
vt 0.211469 0.883178
vt 0.180287 0.949400
vt 0.185511 0.950331
vt 0.175297 0.946444
vt 0.175633 0.945383
vt 0.180471 0.948037
vt 0.185511 0.948845
vt 0.170775 0.941219
vt 0.166916 0.933538
vt 0.167367 0.933218
vt 0.171204 0.940542
vt 0.171903 0.939050
vt 0.176154 0.943314
vt 0.168163 0.932296
vt 0.169447 0.929855
vt 0.172925 0.935819
vt 0.176850 0.939399
vt 0.180749 0.945528
vt 0.185511 0.946162
vt 0.181098 0.941149
vt 0.185511 0.941611
vt 0.162066 0.880932
vt 0.162813 0.896819
vt 0.161135 0.897480
vt 0.160188 0.881616
vt 0.164291 0.909975
vt 0.162732 0.911040
vt 0.161918 0.911262
vt 0.160243 0.897615
vt 0.159078 0.882317
vt 0.166531 0.921134
vt 0.165081 0.922820
vt 0.164270 0.923308
vt 0.163863 0.923386
vt 0.161552 0.911232
vt 0.159838 0.897613
vt 0.158505 0.882898
vt 0.157481 0.804067
vt 0.159230 0.843250
vt 0.158434 0.846103
vt 0.154778 0.809320
vt 0.157547 0.849280
vt 0.152390 0.815252
vt 0.161303 0.841534
vt 0.161795 0.862423
vt 0.159981 0.863455
vt 0.159042 0.865057
vt 0.158210 0.866764
vt 0.158116 0.868176
vt 0.157042 0.852310
vt 0.151048 0.827153
vt 0.153521 0.816706
vt 0.153899 0.813002
vt 0.151286 0.822714
vt 0.205239 0.858650
vt 0.208840 0.857423
vt 0.215018 0.835789
vt 0.210524 0.839187
vt 0.215299 0.842074
vt 0.211572 0.856149
vt 0.213330 0.854669
vt 0.219971 0.827163
vt 0.217174 0.832838
vt 0.215167 0.822608
vt 0.213262 0.825255
vt 0.203931 0.870164
vt 0.207419 0.869714
vt 0.210147 0.869293
vt 0.212007 0.868861
vt 0.212905 0.868176
vt 0.213978 0.852314
vt 0.220074 0.821411
vt 0.216908 0.826589
vt 0.213474 0.849285
vt 0.212589 0.846098
vt 0.216244 0.809320
vt 0.218931 0.817268
vt 0.216200 0.808194
vt 0.217327 0.811446
vt 0.211792 0.843250
vt 0.213540 0.804067
vt 0.212811 0.866764
vt 0.211979 0.865057
vt 0.211041 0.863455
vt 0.209226 0.862423
vt 0.209718 0.841534
vt 0.210979 0.802251
vt 0.185510 0.861757
vt 0.190852 0.861516
vt 0.192339 0.845606
vt 0.185506 0.846079
vt 0.197160 0.854065
vt 0.196037 0.860837
vt 0.200901 0.859825
vt 0.205077 0.842049
vt 0.197777 0.844328
vt 0.197096 0.833968
vt 0.191988 0.835018
vt 0.185511 0.871589
vt 0.190454 0.871463
vt 0.195270 0.871127
vt 0.199820 0.870660
vt 0.217499 0.816717
vt 0.216126 0.820557
vt 0.218243 0.831061
vt 0.157692 0.854678
vt 0.159450 0.856157
vt 0.152767 0.832000
vt 0.162184 0.857415
vt 0.156012 0.835800
vt 0.159014 0.868861
vt 0.160875 0.869293
vt 0.163603 0.869714
vt 0.167091 0.870164
vt 0.165782 0.858644
vt 0.157511 0.836730
vt 0.158823 0.826114
vt 0.157768 0.825256
vt 0.165935 0.842048
vt 0.167003 0.831491
vt 0.163067 0.829343
vt 0.161742 0.839669
vt 0.170117 0.859834
vt 0.174986 0.860837
vt 0.172093 0.844235
vt 0.179634 0.855436
vt 0.180171 0.861510
vt 0.171202 0.870660
vt 0.171417 0.883373
vt 0.175880 0.883528
vt 0.175752 0.871127
vt 0.180568 0.871463
vt 0.180627 0.883660
vt 0.176969 0.845022
vt 0.177306 0.834607
vt 0.172788 0.833665
vt 0.157784 0.800961
vt 0.165421 0.843183
vt 0.166198 0.842180
vt 0.160411 0.797566
vt 0.200341 0.941029
vt 0.200246 0.941219
vt 0.195824 0.946363
vt 0.195724 0.946444
vt 0.195388 0.945383
vt 0.199818 0.940542
vt 0.190797 0.949417
vt 0.190735 0.949400
vt 0.190551 0.948037
vt 0.190273 0.945528
vt 0.194867 0.943314
vt 0.189923 0.941149
vt 0.194171 0.939399
vt 0.199118 0.939050
vt 0.198096 0.935819
vt 0.198693 0.933181
vt 0.194839 0.936549
vt 0.195290 0.941611
vt 0.199450 0.937158
vt 0.190340 0.938424
vt 0.190549 0.944107
vt 0.190722 0.947720
vt 0.195657 0.944817
vt 0.200050 0.939721
vt 0.171800 0.896466
vt 0.172302 0.908659
vt 0.176347 0.909001
vt 0.176071 0.896562
vt 0.172740 0.919108
vt 0.176531 0.920075
vt 0.180878 0.920727
vt 0.180819 0.909270
vt 0.180701 0.896661
vt 0.165423 0.878740
vt 0.166086 0.878619
vt 0.167513 0.892173
vt 0.166827 0.892326
vt 0.167419 0.878725
vt 0.168753 0.892114
vt 0.170028 0.903853
vt 0.168908 0.904138
vt 0.168263 0.904343
vt 0.170460 0.913703
vt 0.169923 0.914076
vt 0.171392 0.913037
vt 0.173066 0.919650
vt 0.172360 0.920843
vt 0.171964 0.921476
vt 0.171559 0.903545
vt 0.172633 0.912195
vt 0.173489 0.903402
vt 0.174188 0.911634
vt 0.174728 0.916209
vt 0.173950 0.917977
vt 0.169359 0.879029
vt 0.170488 0.892153
vt 0.171806 0.879447
vt 0.172677 0.892301
vt 0.185511 0.880516
vt 0.189364 0.880445
vt 0.189200 0.892936
vt 0.185511 0.892985
vt 0.193030 0.880229
vt 0.192666 0.892786
vt 0.192362 0.903834
vt 0.189067 0.904016
vt 0.185511 0.904074
vt 0.189022 0.912911
vt 0.185511 0.913039
vt 0.192215 0.912525
vt 0.192269 0.918939
vt 0.189073 0.919693
vt 0.185511 0.919946
vt 0.195184 0.903559
vt 0.194824 0.911951
vt 0.197532 0.903402
vt 0.196834 0.911634
vt 0.196294 0.916209
vt 0.194769 0.917689
vt 0.196332 0.879877
vt 0.195724 0.892545
vt 0.199215 0.879447
vt 0.198344 0.892301
vt 0.205598 0.878740
vt 0.205585 0.878939
vt 0.204299 0.892559
vt 0.204195 0.892326
vt 0.205006 0.878983
vt 0.203907 0.892801
vt 0.202552 0.904446
vt 0.202880 0.904448
vt 0.202758 0.904343
vt 0.201170 0.914119
vt 0.201098 0.914076
vt 0.200835 0.913874
vt 0.198710 0.921001
vt 0.199059 0.921500
vt 0.199058 0.921476
vt 0.202031 0.904477
vt 0.200328 0.913611
vt 0.202293 0.905311
vt 0.200528 0.914518
vt 0.198320 0.921269
vt 0.198212 0.920376
vt 0.204183 0.878980
vt 0.203301 0.893056
vt 0.204233 0.879301
vt 0.203525 0.893765
vt 0.185511 0.925205
vt 0.181806 0.924797
vt 0.181948 0.919693
vt 0.185511 0.929120
vt 0.181633 0.928564
vt 0.178119 0.926901
vt 0.178478 0.923574
vt 0.178752 0.918939
vt 0.175845 0.921467
vt 0.176252 0.917689
vt 0.175265 0.924073
vt 0.177827 0.929165
vt 0.174781 0.925845
vt 0.177686 0.930296
vt 0.174525 0.926754
vt 0.185511 0.931793
vt 0.181496 0.931135
vt 0.185511 0.933093
vt 0.181435 0.932394
vt 0.201663 0.879029
vt 0.200533 0.892153
vt 0.203602 0.878725
vt 0.202269 0.892114
vt 0.200994 0.903853
vt 0.199462 0.903545
vt 0.198389 0.912195
vt 0.199629 0.913036
vt 0.197956 0.919650
vt 0.197072 0.917977
vt 0.202114 0.904138
vt 0.200561 0.913703
vt 0.198662 0.920843
vt 0.204935 0.878619
vt 0.203508 0.892173
vt 0.185511 0.932924
vt 0.181476 0.932258
vt 0.185511 0.931488
vt 0.181608 0.930922
vt 0.177993 0.929132
vt 0.177748 0.930227
vt 0.174573 0.926744
vt 0.174894 0.925949
vt 0.172311 0.921001
vt 0.171963 0.921500
vt 0.178314 0.927645
vt 0.175329 0.924893
vt 0.178322 0.928203
vt 0.175293 0.925654
vt 0.172701 0.921269
vt 0.172809 0.920376
vt 0.185511 0.929519
vt 0.181777 0.929093
vt 0.185511 0.929768
vt 0.181791 0.929441
vt 0.166788 0.879301
vt 0.166839 0.878980
vt 0.167720 0.893056
vt 0.167496 0.893765
vt 0.166015 0.878983
vt 0.167114 0.892801
vt 0.168470 0.904446
vt 0.168991 0.904477
vt 0.168729 0.905311
vt 0.170694 0.913611
vt 0.170494 0.914518
vt 0.170186 0.913874
vt 0.168141 0.904448
vt 0.169851 0.914119
vt 0.165436 0.878939
vt 0.166722 0.892559
vt 0.212543 0.829898
vt 0.166205 0.841397
vt 0.162569 0.797658
vt 0.166349 0.862333
vt 0.166356 0.862059
vt 0.165639 0.862781
vt 0.164458 0.844263
vt 0.164859 0.863220
vt 0.163890 0.845478
vt 0.164625 0.863648
vt 0.213241 0.800967
vt 0.205601 0.843182
vt 0.206563 0.844257
vt 0.213343 0.816052
vt 0.155304 0.806017
vt 0.167455 0.849097
vt 0.165443 0.848029
vt 0.154886 0.821432
vt 0.207131 0.845479
vt 0.206795 0.846830
vt 0.203566 0.849093
vt 0.200863 0.850255
vt 0.209101 0.828631
vt 0.202545 0.864942
vt 0.199968 0.865657
vt 0.205579 0.848030
vt 0.204533 0.864349
vt 0.205844 0.864017
vt 0.206397 0.863648
vt 0.156569 0.820833
vt 0.208453 0.797658
vt 0.204817 0.841397
vt 0.204823 0.842180
vt 0.210611 0.797566
vt 0.185509 0.835480
vt 0.180112 0.842700
vt 0.181146 0.835196
vt 0.206162 0.863220
vt 0.205382 0.862781
vt 0.204672 0.862333
vt 0.204666 0.862059
vt 0.204015 0.831491
vt 0.196200 0.841505
vt 0.200795 0.832659
vt 0.197583 0.851319
vt 0.189760 0.852636
vt 0.185511 0.852800
vt 0.189530 0.867190
vt 0.185511 0.867295
vt 0.193839 0.852141
vt 0.193374 0.866869
vt 0.196884 0.866335
vt 0.164226 0.846825
vt 0.165178 0.864017
vt 0.166488 0.864349
vt 0.168477 0.864942
vt 0.170158 0.850256
vt 0.171054 0.865657
vt 0.177182 0.852141
vt 0.173440 0.851314
vt 0.165223 0.836682
vt 0.174138 0.866335
vt 0.177647 0.866869
vt 0.177991 0.880229
vt 0.174689 0.879877
vt 0.181260 0.852639
vt 0.181491 0.867190
vt 0.181657 0.880445
vt 0.206754 0.841052
vt 0.196448 0.926744
vt 0.196496 0.926754
vt 0.196128 0.925949
vt 0.193028 0.929132
vt 0.193273 0.930227
vt 0.193336 0.930296
vt 0.189545 0.932258
vt 0.189586 0.932394
vt 0.189413 0.930922
vt 0.192708 0.927645
vt 0.189244 0.929093
vt 0.192699 0.928203
vt 0.189230 0.929441
vt 0.195693 0.924893
vt 0.195728 0.925654
vt 0.195176 0.921467
vt 0.195756 0.924073
vt 0.192902 0.926901
vt 0.192544 0.923574
vt 0.189216 0.924797
vt 0.189389 0.928564
vt 0.193195 0.929165
vt 0.189526 0.931135
vt 0.196240 0.925845
vt 0.175297 0.892545
vt 0.178355 0.892786
vt 0.178659 0.903834
vt 0.175838 0.903559
vt 0.176198 0.911951
vt 0.178807 0.912525
vt 0.181954 0.904016
vt 0.182000 0.912911
vt 0.181821 0.892936
vt 0.164803 0.880089
vt 0.165448 0.895317
vt 0.166766 0.907600
vt 0.193318 0.933138
vt 0.196741 0.930243
vt 0.199733 0.925249
vt 0.168752 0.917669
vt 0.171288 0.925249
vt 0.206218 0.880089
vt 0.206501 0.862032
vt 0.185511 0.934849
vt 0.189518 0.934506
vt 0.164267 0.841052
vt 0.202270 0.917669
vt 0.204256 0.907600
vt 0.151715 0.818650
vt 0.154594 0.808903
vt 0.205573 0.895317
vt 0.153201 0.832355
vt 0.160042 0.802251
vt 0.180782 0.845580
vt 0.177704 0.933138
vt 0.181504 0.934506
vt 0.164520 0.862032
vt 0.201445 0.843117
vt 0.214865 0.804588
vt 0.217832 0.813532
vt 0.174280 0.930243
vt 0.163292 0.848936
vt 0.209684 0.900163
vt 0.208798 0.884503
vt 0.204563 0.899628
vt 0.206442 0.910269
vt 0.208612 0.919437
vt 0.211644 0.908394
vt 0.213425 0.898609
vt 0.211373 0.893566
vt 0.213121 0.906708
vt 0.214884 0.894855
vt 0.215546 0.888435
vt 0.214179 0.891602
vt 0.212549 0.889703
vt 0.196975 0.921683
vt 0.197406 0.931486
vt 0.191456 0.927951
vt 0.191632 0.919103
vt 0.197937 0.943126
vt 0.191195 0.940343
vt 0.185511 0.928543
vt 0.185511 0.917473
vt 0.185511 0.912833
vt 0.210382 0.873514
vt 0.204742 0.894797
vt 0.209968 0.922431
vt 0.210114 0.917892
vt 0.214040 0.895890
vt 0.198474 0.950257
vt 0.191563 0.950467
vt 0.191258 0.949445
vt 0.198236 0.950180
vt 0.185511 0.945261
vt 0.185511 0.939558
vt 0.209173 0.908843
vt 0.214495 0.882348
vt 0.206938 0.899166
vt 0.213031 0.873124
vt 0.205291 0.940039
vt 0.205031 0.938637
vt 0.204081 0.931559
vt 0.185511 0.930312
vt 0.191675 0.930527
vt 0.191649 0.920651
vt 0.185511 0.918853
vt 0.197864 0.928816
vt 0.197203 0.920618
vt 0.202877 0.921623
vt 0.201062 0.913006
vt 0.200722 0.912062
vt 0.202285 0.920241
vt 0.185511 0.941174
vt 0.191722 0.943089
vt 0.198331 0.941535
vt 0.204493 0.932934
vt 0.214851 0.862607
vt 0.216275 0.870111
vt 0.212338 0.864909
vt 0.212895 0.865993
vt 0.214666 0.863913
vt 0.215953 0.868788
vt 0.214824 0.871355
vt 0.215624 0.874114
vt 0.216039 0.878453
vt 0.215724 0.880083
vt 0.215289 0.885535
vt 0.211955 0.875540
vt 0.213192 0.878894
vt 0.213776 0.873024
vt 0.214390 0.887415
vt 0.215735 0.882814
vt 0.210708 0.876332
vt 0.214333 0.886851
vt 0.213591 0.887775
s 1
usemtl mage
f 237/159/274 297/160/275 279/161/276 311/162/277
f 260/163/278 256/164/279 257/165/280 301/166/281
f 239/167/282 238/168/283 321/169/284 241/170/285
f 301/166/281 323/171/286 315/172/287
f 238/168/283 237/159/274 311/162/277 321/169/284
f 329/173/288 328/174/289 313/175/290 322/176/291
f 328/174/289 327/177/292 312/178/293 313/175/290
f 327/177/292 239/167/282 241/170/285 312/178/293
f 296/179/294 240/180/295 323/171/286 258/181/296
f 240/180/295 329/173/288 322/176/291 323/171/286
f 332/182/297 247/183/298 244/184/299
f 295/185/300 244/184/299 243/186/301 242/187/302
f 244/184/299 245/188/303 243/186/301
f 331/189/304 244/184/299 295/185/300
f 332/182/297 249/181/305 247/183/298
f 244/184/299 247/183/298 246/190/306 245/188/303
f 247/183/298 249/181/305 248/191/307 246/190/306
f 332/182/297 333/192/308 249/181/305
f 333/192/308 254/193/309 249/181/305
f 249/181/305 250/165/310 248/191/307
f 333/192/308 258/181/296 254/193/309
f 249/181/305 254/193/309 253/194/311 250/165/310
f 254/193/309 258/181/296 257/165/280 253/194/311
f 252/195/312 256/164/279 255/196/313 251/197/314
f 333/192/308 296/179/294 258/181/296
f 256/164/279 260/163/278 259/198/315 255/196/313
f 260/163/278 314/199/316 262/200/317 259/198/315
f 303/201/318 304/202/319 263/203/320 261/204/321
f 314/199/316 316/205/322 264/206/323 262/200/317
f 311/162/277 300/207/324 320/208/325
f 304/202/319 305/209/326 265/210/327 263/203/320
f 316/205/322 317/211/328 266/212/329 264/206/323
f 305/209/326 306/213/330 267/214/331 265/210/327
f 317/211/328 269/215/332 268/216/333 266/212/329
f 306/213/330 307/217/334 270/218/335 267/214/331
f 269/215/332 318/219/336 271/220/337 268/216/333
f 318/219/336 274/221/338 273/222/339 271/220/337
f 307/217/334 308/223/340 272/224/341 270/218/335
f 308/223/340 309/225/342 275/226/343 272/224/341
f 274/221/338 319/227/344 276/228/345 273/222/339
f 301/166/281 315/172/287 314/199/316 260/163/278
f 319/227/344 278/229/346 277/230/347 276/228/345
f 297/160/275 298/231/348 279/161/276
f 278/229/346 281/232/349 280/233/350 277/230/347
f 298/231/348 286/234/351 279/161/276
f 279/161/276 286/234/351 285/235/352 282/236/353
f 281/232/349 284/237/354 283/238/355 280/233/350
f 298/231/348 288/161/356 286/234/351
f 257/165/280 256/164/279 252/195/312 253/194/311
f 286/234/351 288/161/356 287/236/357 285/235/352
f 298/231/348 299/239/358 288/161/356
f 299/239/358 291/162/359 288/161/356
f 288/161/356 289/240/360 287/236/357
f 288/161/356 291/162/359 290/241/361 289/240/360
f 299/239/358 293/242/362 291/162/359
f 299/239/358 331/189/304 293/242/362
f 291/162/359 293/242/362 292/243/363 290/241/361
f 331/189/304 295/185/300 293/242/362
f 293/242/362 294/244/364 292/243/363
f 293/242/362 295/185/300 242/187/302 294/244/364
f 331/189/304 332/182/297 244/184/299
f 277/230/347 280/233/350 347/245/365 346/246/366
f 345/247/367 346/246/366 310/248/368 309/225/342
f 344/249/369 345/247/367 309/225/342 308/223/340
f 343/250/370 344/249/369 308/223/340 307/217/334
f 342/251/371 343/250/370 307/217/334 306/213/330
f 341/252/372 342/251/371 306/213/330 305/209/326
f 340/253/373 341/252/372 305/209/326 304/202/319
f 339/254/374 340/253/373 304/202/319 303/201/318
f 338/255/375 339/254/374 303/201/318 302/256/376
f 259/198/315 338/255/375 337/257/377 255/196/313
f 300/207/324 278/229/346 319/227/344 320/208/325
f 257/165/280 258/181/296 301/166/281
f 300/207/324 279/161/276 282/236/353
f 282/236/353 281/232/349 278/229/346 300/207/324
f 315/172/287 322/176/291 324/258/378
f 551/259/379 318/219/336 269/215/332
f 546/260/380 326/261/381 551/262/382
f 325/263/383 322/176/291 313/175/290
f 548/264/384 313/175/290 312/178/293
f 314/199/316 324/258/378 316/205/322
f 324/258/378 317/211/328 316/205/322
f 317/211/328 552/265/385 269/266/332
f 274/221/338 318/219/336 698/267/386
f 274/221/338 698/267/386 319/227/344
f 320/208/325 321/169/284 311/162/277
f 548/268/387 545/269/388 325/270/389
f 241/170/285 321/169/284 326/271/390
f 324/258/378 322/176/291 325/263/383
f 323/171/286 322/176/291 315/172/287
f 698/272/386 321/169/284 320/208/325
f 315/172/287 324/258/378 314/199/316
f 324/258/378 325/273/383 317/211/328
f 336/274/391 237/159/274 238/168/283
f 332/182/297 330/275/392 333/192/308
f 333/192/308 330/275/392 296/179/294
f 296/179/294 330/275/392 334/276/393
f 334/276/393 240/180/295 296/179/294
f 334/276/393 330/275/392 335/189/394
f 335/189/394 327/177/292 328/174/289
f 328/174/289 329/173/288 335/189/394
f 336/274/391 238/168/283 335/189/394
f 329/173/288 240/180/295 334/276/393
f 335/189/394 330/275/392 336/274/391
f 335/189/394 238/168/283 239/167/282
f 336/274/391 330/275/392 297/160/275
f 297/160/275 237/159/274 336/274/391
f 335/189/394 239/167/282 327/177/292
f 335/189/394 329/173/288 334/276/393
f 297/160/275 330/275/392 298/231/348
f 298/231/348 330/275/392 299/239/358
f 299/239/358 330/275/392 331/189/304
f 331/189/304 330/275/392 332/182/297
f 259/198/315 262/200/317 339/254/374 338/255/375
f 262/200/317 264/206/323 340/253/373 339/254/374
f 264/206/323 266/212/329 341/252/372 340/253/373
f 266/212/329 268/216/333 342/251/371 341/252/372
f 268/216/333 271/220/337 343/250/370 342/251/371
f 271/220/337 273/222/339 344/249/369 343/250/370
f 273/222/339 276/228/345 345/247/367 344/249/369
f 276/228/345 277/230/347 346/246/366 345/247/367
f 282/236/353 285/235/352 284/237/354 281/232/349
f 279/161/276 300/207/324 311/162/277
f 258/181/296 323/171/286 301/166/281
f 303/201/318 261/204/321 302/256/376
f 309/225/342 310/248/368 275/226/343
f 338/255/375 302/256/376 337/257/377
f 346/246/366 347/245/365 310/248/368
f 255/196/313 337/257/377 251/197/314
f 280/233/350 283/238/355 347/245/365
f 350/277/395 379/278/396 384/279/397 364/280/398
f 364/280/398 384/279/397 378/281/399 348/282/400
f 384/279/397 372/283/401 357/284/402 378/281/399
f 379/278/396 356/285/403 372/283/401 384/279/397
f 349/286/404 377/287/405 385/288/406 365/289/407
f 365/289/407 385/288/406 376/290/408 351/291/409
f 385/288/406 373/292/410 359/293/411 376/290/408
f 377/287/405 358/294/412 373/292/410 385/288/406
f 378/281/399 357/284/402 394/295/413 411/296/414
f 392/297/415 408/298/416 380/299/417 352/300/418
f 353/301/419 381/302/420 409/303/421 393/304/422
f 390/305/423 410/306/424 377/287/405 349/286/404
f 350/277/395 364/280/398 386/307/425 366/308/426
f 366/308/426 386/307/425 368/309/427 354/310/428
f 386/307/425 370/311/429 352/300/418 368/309/427
f 364/280/398 348/282/400 370/311/429 386/307/425
f 355/312/430 369/313/431 387/314/432 367/315/433
f 367/315/433 387/314/432 365/289/407 351/291/409
f 387/314/432 371/316/434 349/286/404 365/289/407
f 369/313/431 353/301/419 371/316/434 387/314/432
f 410/306/424 395/317/435 358/294/412 377/287/405
f 357/284/402 372/283/401 405/318/436 394/295/413
f 372/283/401 356/285/403 396/319/437 405/318/436
f 398/320/438 406/321/439 375/322/440 360/323/441
f 381/302/420 363/324/442 400/325/443 409/303/421
f 361/326/444 374/327/445 407/328/446 399/329/447
f 408/298/416 401/330/448 362/331/449 380/299/417
f 406/321/439 400/325/443 363/324/442 375/322/440
f 393/304/422 402/332/450 371/316/434 353/301/419
f 352/300/418 370/311/429 403/333/451 392/297/415
f 374/327/445 362/331/449 401/330/448 407/328/446
f 352/300/418 380/299/417 388/334/452 368/309/427
f 368/309/427 388/334/452 382/335/453 354/310/428
f 388/334/452 374/327/445 361/326/444 382/335/453
f 380/299/417 362/331/449 374/327/445 388/334/452
f 370/311/429 348/282/400 391/336/454 403/333/451
f 402/332/450 390/305/423 349/286/404 371/316/434
f 404/337/455 397/338/456 359/293/411 373/292/410
f 395/317/435 404/337/455 373/292/410 358/294/412
f 355/312/430 383/339/457 389/340/458 369/313/431
f 369/313/431 389/340/458 381/302/420 353/301/419
f 389/340/458 375/322/440 363/324/442 381/302/420
f 383/339/457 360/323/441 375/322/440 389/340/458
f 393/304/422 392/297/415 403/333/451 402/332/450
f 391/336/454 390/305/423 402/332/450 403/333/451
f 395/317/435 394/295/413 405/318/436 404/337/455
f 396/319/459 397/338/456 404/337/455 405/318/459
f 398/320/438 399/329/460 407/328/460 406/321/439
f 401/330/448 400/325/443 406/321/439 407/328/446
f 392/297/415 393/304/422 409/303/421 408/298/416
f 400/325/443 401/330/448 408/298/416 409/303/421
f 390/305/423 391/336/454 411/296/414 410/306/424
f 394/295/413 395/317/435 410/306/424 411/296/414
f 348/282/400 378/281/399 411/296/414 391/336/454
f 428/341/461 412/342/462 425/343/463 421/344/464
f 450/345/465 442/346/466 441/347/467 443/348/468
f 413/349/469 428/341/461 421/344/464 427/350/470
f 422/351/471 425/343/463 418/352/472 414/353/473
f 418/352/472 415/354/474 416/355/475 414/353/473
f 433/356/476 435/357/477 436/358/478 437/359/479
f 419/360/480 417/361/481 416/355/475 415/354/474
f 426/362/482 424/363/483 423/364/484 422/351/471
f 420/365/485 414/353/473 416/355/475 417/361/481
f 427/350/470 421/344/464 423/364/484 424/363/483
f 434/366/486 426/362/482 420/365/485 440/367/487
f 445/368/488 433/356/476 450/345/465 453/369/489
f 447/370/490 439/371/491 419/360/480 429/372/492
f 419/360/480 415/354/474 431/373/493 429/372/492
f 440/367/487 441/374/467 442/346/466
f 439/371/491 443/348/468 441/347/467
f 426/362/482 422/351/471 414/353/473 420/365/485
f 432/375/494 438/376/495 436/358/478 435/357/477
f 434/366/486 437/359/479 436/358/478 438/376/495
f 425/343/463 412/342/462 430/377/496 418/352/472
f 425/343/463 422/351/471 423/364/484 421/344/464
f 415/354/474 418/352/472 430/377/496 431/373/493
f 432/375/494 435/357/477 446/378/497 444/379/498
f 435/357/477 433/356/476 445/368/488 446/378/497
f 440/367/487 442/346/466 437/359/479 434/366/486
f 442/346/466 450/345/465 433/356/476 437/359/479
f 427/350/470 424/363/483 438/376/495 432/375/494
f 424/363/483 426/362/482 434/366/486 438/376/495
f 439/371/491 441/374/467 417/361/481 419/360/480
f 441/374/467 440/367/487 420/365/485 417/361/481
f 413/349/469 427/350/470 432/375/494 444/379/498
f 451/380/499 452/381/500 448/382/500 449/383/501
f 452/381/502 453/369/502 450/345/502 448/382/502
f 443/348/468 449/383/503 448/382/504
f 443/348/468 448/382/504 450/345/465
f 447/370/490 451/380/499 449/383/501 439/371/491
f 470/341/505 463/344/506 467/343/507 454/342/508
f 492/345/509 485/348/510 483/347/511 484/346/512
f 455/349/513 469/350/514 463/344/506 470/341/505
f 464/351/515 456/353/516 460/352/517 467/343/507
f 460/352/517 456/353/516 458/355/518 457/354/519
f 475/356/520 479/359/521 478/358/522 477/357/523
f 461/360/524 457/354/519 458/355/518 459/361/525
f 468/362/526 464/351/515 465/364/527 466/363/528
f 462/365/529 459/361/525 458/355/518 456/353/516
f 469/350/514 466/363/528 465/364/527 463/344/506
f 476/366/530 482/367/531 462/365/529 468/362/526
f 487/368/532 495/369/533 492/345/509 475/356/520
f 489/370/534 471/372/535 461/360/524 481/371/536
f 461/360/524 471/372/535 473/373/537 457/354/519
f 482/367/531 484/346/512 483/347/511
f 481/371/536 483/374/511 485/348/510
f 468/362/526 462/365/529 456/353/516 464/351/515
f 474/375/538 477/357/523 478/358/522 480/376/539
f 476/366/530 480/376/539 478/358/522 479/359/521
f 467/343/507 460/352/517 472/377/540 454/342/508
f 467/343/507 463/344/506 465/364/527 464/351/515
f 457/354/519 473/373/537 472/377/540 460/352/517
f 474/375/538 486/379/541 488/378/542 477/357/523
f 477/357/523 488/378/542 487/368/532 475/356/520
f 482/367/531 476/366/530 479/359/521 484/346/512
f 484/346/512 479/359/521 475/356/520 492/345/509
f 469/350/514 474/375/538 480/376/539 466/363/528
f 466/363/528 480/376/539 476/366/530 468/362/526
f 481/371/536 461/360/524 459/361/525 483/374/511
f 483/374/511 459/361/525 462/365/529 482/367/531
f 455/349/513 486/379/541 474/375/538 469/350/514
f 493/380/543 491/383/544 490/382/545 494/381/545
f 494/381/546 490/382/546 492/345/546 495/369/546
f 491/383/547 485/348/510 490/382/548
f 485/348/510 492/345/509 490/382/548
f 489/370/534 481/371/536 491/383/544 493/380/543
f 439/371/491 449/383/503 443/348/468
f 481/371/536 485/348/510 491/383/547
f 549/384/549 241/170/285 326/271/390
f 326/385/550 546/386/551 549/387/552
f 505/388/553 506/389/554 524/390/555
f 524/390/555 525/391/556 516/392/557 517/393/558
f 505/388/553 524/390/555 517/393/558 498/394/559
f 507/395/560 496/396/561 508/397/562 525/391/556
f 525/391/556 508/397/562 499/398/563 516/392/557
f 516/392/557 499/398/563 509/399/564 526/400/565
f 517/393/558 516/392/557 526/400/565 527/401/566
f 498/394/559 517/393/558 527/401/566 504/402/567
f 501/403/568 512/404/569 528/405/570 523/406/571
f 523/406/571 528/405/570 518/407/572 503/408/573
f 544/409/574 523/406/571 503/408/573 537/410/575
f 519/411/576 502/412/577 537/410/575 538/413/578
f 538/413/578 537/410/575 503/408/573 518/407/572
f 542/414/579 540/415/580 506/389/554 505/388/553
f 529/416/581 530/417/582 520/418/583 521/419/584
f 532/420/585 531/421/586 514/422/587 515/423/588
f 511/424/589 529/416/581 521/419/584 500/425/590
f 530/417/582 512/404/569 501/403/568 520/418/583
f 534/426/591 496/396/561 507/395/560 539/427/592
f 520/418/583 501/403/568 513/428/593 531/421/586
f 531/421/586 513/428/593 497/429/594 514/422/587
f 521/419/584 520/418/583 531/421/586 532/420/585
f 500/425/590 521/419/584 532/420/585 510/430/595
f 510/430/595 532/420/585 515/423/588
f 497/429/594 534/426/591 539/427/592 514/422/587
f 514/422/587 539/427/592 540/415/580 515/423/588
f 504/402/567 541/431/596 535/432/597 498/394/559
f 539/427/592 507/395/560 506/389/554 540/415/580
f 535/432/597 500/425/590 510/430/595 542/414/579
f 498/394/559 535/432/597 542/414/579 505/388/553
f 511/424/589 500/425/590 535/432/597 541/431/596
f 501/403/568 536/433/598 543/434/599 513/428/593
f 536/433/598 499/398/563 508/397/562 543/434/599
f 509/399/564 499/398/563 522/435/600 533/436/601
f 533/436/601 522/435/600 502/412/577 519/411/576
f 508/397/562 496/396/561 534/426/591 543/434/599
f 543/434/599 534/426/591 497/429/594 513/428/593
f 499/398/563 536/433/598 544/409/574 522/435/600
f 544/409/574 537/410/575 502/412/577 522/435/600
f 506/389/554 507/395/560 525/391/556 524/390/555
f 536/433/598 501/403/568 523/406/571 544/409/574
f 510/430/595 515/423/588 540/415/580 542/414/579
f 548/264/384 312/437/293 550/438/602
f 550/438/602 312/437/293 549/439/549
f 551/440/379 269/441/332 553/442/603
f 553/442/603 269/441/332 552/443/385
f 548/268/387 550/444/604 547/445/605 545/269/388
f 550/444/604 549/387/552 546/386/551 547/445/605
f 551/262/382 553/446/606 547/447/607 546/260/380
f 553/446/606 552/448/608 545/449/609 547/447/607
f 325/450/610 545/449/609 552/448/608
f 325/263/383 313/175/290 548/264/384
f 312/437/293 241/170/285 549/384/549
f 326/451/390 318/219/336 551/259/379
f 325/273/383 552/265/385 317/211/328
f 556/452/611 558/453/612 581/454/613 580/455/614
f 558/453/612 560/456/615 582/457/616 581/454/613
f 560/456/615 562/458/617 583/459/618 582/457/616
f 562/458/617 564/460/619 584/461/620 583/459/618
f 564/460/619 566/462/621 585/463/622 584/461/620
f 566/462/621 568/464/623 586/465/624 585/463/622
f 568/464/623 570/466/625 587/467/626 586/465/624
f 578/468/627 579/469/628 571/466/629 569/464/630
f 569/464/631 571/466/632 570/466/625 568/464/623
f 577/470/633 578/468/627 569/464/630 567/462/634
f 567/462/635 569/464/631 568/464/623 566/462/621
f 576/471/636 577/470/633 567/462/634 565/460/637
f 565/460/638 567/462/635 566/462/621 564/460/619
f 575/472/639 576/471/636 565/460/637 563/458/640
f 563/458/641 565/460/638 564/460/619 562/458/617
f 574/473/642 575/472/639 563/458/640 561/456/643
f 561/456/644 563/458/641 562/458/617 560/456/615
f 573/474/645 574/473/642 561/456/643 559/453/646
f 559/453/647 561/456/644 560/456/615 558/453/612
f 572/475/648 573/474/645 559/453/646 557/452/649
f 557/452/650 559/453/647 558/453/612 556/452/611
f 554/476/651 573/474/645 572/475/648
f 554/476/651 574/473/642 573/474/645
f 554/476/651 575/472/639 574/473/642
f 554/476/651 576/471/636 575/472/639
f 554/476/651 577/470/633 576/471/636
f 554/476/651 578/468/627 577/470/633
f 554/476/651 579/469/628 578/468/627
f 555/477/652 580/455/652 581/454/652
f 555/477/652 581/454/652 582/457/652
f 555/477/652 582/457/652 583/459/652
f 555/477/652 583/459/652 584/461/652
f 555/477/652 584/461/652 585/463/652
f 555/477/652 585/463/652 586/465/652
f 555/477/652 586/465/652 587/467/652
f 557/452/649 591/478/653 592/479/654 572/475/648
f 580/455/614 593/480/655 590/481/656 556/452/611
f 555/477/652 589/482/652 593/480/652 580/455/652
f 556/452/611 590/481/656 591/478/657 557/452/650
f 572/475/648 592/479/654 588/482/658 554/476/651
f 596/483/659 620/484/660 621/485/661 598/486/662
f 598/486/662 621/485/661 622/487/663 600/488/664
f 600/488/664 622/487/663 623/489/665 602/490/666
f 602/490/666 623/489/665 624/491/667 604/492/668
f 604/492/668 624/491/667 625/493/669 606/494/670
f 606/494/670 625/493/669 626/495/671 608/496/672
f 608/496/672 626/495/671 627/497/673 610/498/674
f 618/499/675 609/496/676 611/498/677 619/500/678
f 609/496/679 608/496/672 610/498/674 611/498/680
f 617/501/681 607/494/682 609/496/676 618/499/675
f 607/494/683 606/494/670 608/496/672 609/496/679
f 616/502/684 605/492/685 607/494/682 617/501/681
f 605/492/686 604/492/668 606/494/670 607/494/683
f 615/503/687 603/490/688 605/492/685 616/502/684
f 603/490/689 602/490/666 604/492/668 605/492/686
f 614/504/690 601/488/691 603/490/688 615/503/687
f 601/488/692 600/488/664 602/490/666 603/490/689
f 613/505/693 599/486/694 601/488/691 614/504/690
f 599/486/695 598/486/662 600/488/664 601/488/692
f 612/506/696 597/483/697 599/486/694 613/505/693
f 597/483/698 596/483/659 598/486/662 599/486/695
f 594/507/699 612/506/696 613/505/693
f 594/507/699 613/505/693 614/504/690
f 594/507/699 614/504/690 615/503/687
f 594/507/699 615/503/687 616/502/684
f 594/507/699 616/502/684 617/501/681
f 594/507/699 617/501/681 618/499/675
f 594/507/699 618/499/675 619/500/678
f 595/508/652 621/485/652 620/484/652
f 595/508/652 622/487/652 621/485/652
f 595/508/652 623/489/652 622/487/652
f 595/508/652 624/491/652 623/489/652
f 595/508/652 625/493/652 624/491/652
f 595/508/652 626/495/652 625/493/652
f 595/508/652 627/497/652 626/495/652
f 597/483/697 612/506/696 632/509/700 631/510/701
f 620/484/660 596/483/659 630/511/702 633/512/703
f 595/508/652 620/484/652 633/512/652 629/513/652
f 596/483/659 597/483/698 631/510/704 630/511/702
f 612/506/696 594/507/699 628/513/705 632/509/700
f 636/277/706 650/280/707 670/279/708 665/278/709
f 650/280/707 634/282/710 664/281/711 670/279/708
f 670/279/708 664/281/711 643/284/712 658/283/713
f 665/278/709 670/279/708 658/283/713 642/285/714
f 635/286/715 651/289/716 671/288/717 663/287/718
f 651/289/716 637/291/719 662/290/720 671/288/717
f 671/288/717 662/290/720 645/293/721 659/292/722
f 663/287/718 671/288/717 659/292/722 644/294/723
f 664/281/711 697/296/724 680/295/725 643/284/712
f 678/297/726 638/300/727 666/299/728 694/298/729
f 639/301/730 679/304/731 695/303/732 667/302/733
f 676/305/734 635/286/715 663/287/718 696/306/735
f 636/277/706 652/308/736 672/307/737 650/280/707
f 652/308/736 640/310/738 654/309/739 672/307/737
f 672/307/737 654/309/739 638/300/727 656/311/740
f 650/280/707 672/307/737 656/311/740 634/282/710
f 641/312/741 653/315/742 673/314/743 655/313/744
f 653/315/742 637/291/719 651/289/716 673/314/743
f 673/314/743 651/289/716 635/286/715 657/316/745
f 655/313/744 673/314/743 657/316/745 639/301/730
f 696/306/735 663/287/718 644/294/723 681/317/746
f 643/284/712 680/295/725 691/318/747 658/283/713
f 658/283/713 691/318/747 682/319/748 642/285/714
f 684/320/749 646/323/750 661/322/751 692/321/752
f 667/302/733 695/303/732 686/325/753 649/324/754
f 647/326/755 685/329/756 693/328/757 660/327/758
f 694/298/729 666/299/728 648/331/759 687/330/760
f 692/321/752 661/322/751 649/324/754 686/325/753
f 679/304/731 639/301/730 657/316/745 688/332/761
f 638/300/727 678/297/726 689/333/762 656/311/740
f 660/327/758 693/328/757 687/330/760 648/331/759
f 638/300/727 654/309/739 674/334/763 666/299/728
f 654/309/739 640/310/738 668/335/764 674/334/763
f 674/334/763 668/335/764 647/326/755 660/327/758
f 666/299/728 674/334/763 660/327/758 648/331/759
f 656/311/740 689/333/762 677/336/765 634/282/710
f 688/332/761 657/316/745 635/286/715 676/305/734
f 690/337/766 659/292/722 645/293/721 683/338/767
f 681/317/746 644/294/723 659/292/722 690/337/766
f 641/312/741 655/313/744 675/340/768 669/339/769
f 655/313/744 639/301/730 667/302/733 675/340/768
f 675/340/768 667/302/733 649/324/754 661/322/751
f 669/339/769 675/340/768 661/322/751 646/323/750
f 679/304/731 688/332/761 689/333/762 678/297/726
f 677/336/765 689/333/762 688/332/761 676/305/734
f 681/317/746 690/337/766 691/318/747 680/295/725
f 682/319/770 691/318/770 690/337/766 683/338/767
f 684/320/749 692/321/752 693/328/771 685/329/771
f 687/330/760 693/328/757 692/321/752 686/325/753
f 678/297/726 694/298/729 695/303/732 679/304/731
f 686/325/753 695/303/732 694/298/729 687/330/760
f 676/305/734 696/306/735 697/296/724 677/336/765
f 680/295/725 697/296/724 696/306/735 681/317/746
f 634/282/710 677/336/765 697/296/724 664/281/711
f 320/208/325 319/227/344 698/267/386
f 326/514/390 321/169/284 698/272/386
f 698/267/386 318/219/336 326/514/390
f 714/515/772 875/516/773 1096/517/774 884/518/775
f 875/516/773 742/519/776 903/520/777 1096/517/774
f 1096/517/774 903/520/777 756/521/778 906/522/779
f 884/518/775 1096/517/774 906/522/779 747/523/780
f 742/519/776 874/524/781 1097/525/782 903/520/777
f 874/524/781 706/526/783 840/527/784 1097/525/782
f 1097/525/782 840/527/784 722/528/785 904/529/786
f 903/520/777 1097/525/782 904/529/786 756/521/778
f 756/521/778 904/529/786 1098/530/787 905/531/788
f 904/529/786 722/528/785 841/532/789 1098/530/787
f 1098/530/787 841/532/789 701/533/790 866/534/791
f 905/531/788 1098/530/787 866/534/791 738/535/792
f 747/523/780 906/522/779 1099/536/793 885/537/794
f 906/522/779 756/521/778 905/531/788 1099/536/793
f 1099/536/793 905/531/788 738/535/792 867/538/795
f 885/537/794 1099/536/793 867/538/795 710/539/796
f 719/540/797 902/541/798 1100/542/799 882/543/800
f 902/541/798 755/544/801 907/545/802 1100/542/799
f 1100/542/799 907/545/802 757/546/803 910/547/804
f 882/543/800 1100/542/799 910/547/804 746/548/805
f 755/544/801 901/549/806 1101/550/807 907/545/802
f 901/549/806 716/551/808 844/552/809 1101/550/807
f 1101/550/807 844/552/809 725/553/810 908/554/811
f 907/545/802 1101/550/807 908/554/811 757/546/803
f 757/546/803 908/554/811 1102/555/812 909/556/813
f 908/554/811 725/553/810 845/557/814 1102/555/812
f 1102/555/812 845/557/814 705/558/815 868/559/816
f 909/556/813 1102/555/812 868/559/816 739/560/817
f 746/548/805 910/547/804 1103/561/818 883/562/819
f 910/547/804 757/546/803 909/556/813 1103/561/818
f 1103/561/818 909/556/813 739/560/817 869/563/820
f 883/562/819 1103/561/818 869/563/820 711/564/821
f 713/565/822 873/566/823 1104/567/824 880/568/825
f 873/566/823 741/569/826 911/570/827 1104/567/824
f 1104/567/824 911/570/827 758/571/828 914/572/829
f 880/568/825 1104/567/824 914/572/829 745/573/830
f 741/569/826 872/574/831 1105/575/832 911/570/827
f 872/574/831 708/576/833 849/577/834 1105/575/832
f 1105/575/832 849/577/834 727/578/835 912/579/836
f 911/570/827 1105/575/832 912/579/836 758/571/828
f 758/571/828 912/579/836 1106/580/837 913/581/838
f 912/579/836 727/578/835 850/582/839 1106/580/837
f 1106/580/837 850/582/839 703/583/840 870/584/841
f 913/581/838 1106/580/837 870/584/841 740/585/842
f 745/573/830 914/572/829 1107/586/843 881/587/844
f 914/572/829 758/571/828 913/581/838 1107/586/843
f 1107/586/843 913/581/838 740/585/842 871/588/845
f 881/587/844 1107/586/843 871/588/845 712/589/846
f 716/551/808 889/590/847 1108/591/848 899/592/849
f 889/590/847 748/593/850 915/594/851 1108/591/848
f 1108/591/848 915/594/851 759/595/852 918/596/853
f 899/592/849 1108/591/848 918/596/853 754/597/854
f 748/593/850 888/598/855 1109/599/856 915/594/851
f 888/598/855 701/533/790 841/532/789 1109/599/856
f 1109/599/856 841/532/789 722/528/785 916/600/857
f 915/594/851 1109/599/856 916/600/857 759/595/852
f 759/595/852 916/600/857 1110/601/858 917/602/859
f 916/600/857 722/528/785 840/527/784 1110/601/858
f 1110/601/858 840/527/784 706/526/783 892/603/860
f 917/602/859 1110/601/858 892/603/860 750/604/861
f 754/597/854 918/596/853 1111/605/862 900/606/863
f 918/596/853 759/595/852 917/602/859 1111/605/862
f 1111/605/862 917/602/859 750/604/861 893/607/864
f 900/606/863 1111/605/862 893/607/864 718/608/865
f 711/564/821 869/563/820 1112/609/866 878/610/867
f 869/563/820 739/560/817 919/611/868 1112/609/866
f 1112/609/866 919/611/868 760/612/869 922/613/870
f 878/610/867 1112/609/866 922/613/870 744/614/871
f 739/560/817 868/559/816 1113/615/872 919/611/868
f 868/559/816 705/558/815 859/616/873 1113/615/872
f 1113/615/872 859/616/873 733/617/874 920/618/875
f 919/611/868 1113/615/872 920/618/875 760/612/869
f 760/612/869 920/618/875 1114/619/876 921/620/877
f 920/618/875 733/617/874 860/621/878 1114/619/876
f 1114/619/876 860/621/878 708/576/833 872/574/831
f 921/620/877 1114/619/876 872/574/831 741/569/826
f 744/614/871 922/613/870 1115/622/879 879/623/880
f 922/613/870 760/612/869 921/620/877 1115/622/879
f 1115/622/879 921/620/877 741/569/826 873/566/823
f 879/623/880 1115/622/879 873/566/823 713/565/822
f 718/608/865 893/607/864 1116/624/881 897/625/882
f 893/607/864 750/604/861 923/626/883 1116/624/881
f 1116/624/881 923/626/883 761/627/884 926/628/885
f 897/625/882 1116/624/881 926/628/885 753/629/886
f 750/604/861 892/603/860 1117/630/887 923/626/883
f 892/603/860 706/526/783 857/631/888 1117/630/887
f 1117/630/887 857/631/888 731/632/889 924/633/890
f 923/626/883 1117/630/887 924/633/890 761/627/884
f 761/627/884 924/633/890 1118/634/891 925/635/892
f 924/633/890 731/632/889 856/636/893 1118/634/891
f 1118/634/891 856/636/893 700/637/894 855/638/895
f 925/635/892 1118/634/891 855/638/895 730/639/896
f 753/629/886 926/628/885 1119/640/897 898/641/898
f 926/628/885 761/627/884 925/635/892 1119/640/897
f 1119/640/897 925/635/892 730/639/896 854/642/899
f 898/641/898 1119/640/897 854/642/899 717/643/900
f 709/644/901 838/645/902 1120/646/903 876/647/904
f 838/645/902 721/648/905 927/649/906 1120/646/903
f 1120/646/903 927/649/906 762/650/907 930/651/908
f 876/647/904 1120/646/903 930/651/908 743/652/909
f 721/648/905 839/653/910 1121/654/911 927/649/906
f 839/653/910 700/637/894 856/636/893 1121/654/911
f 1121/654/911 856/636/893 731/632/889 928/655/912
f 927/649/906 1121/654/911 928/655/912 762/650/907
f 762/650/907 928/655/912 1122/656/913 929/657/914
f 928/655/912 731/632/889 857/631/888 1122/656/913
f 1122/656/913 857/631/888 706/526/783 874/524/781
f 929/657/914 1122/656/913 874/524/781 742/519/776
f 743/652/909 930/651/908 1123/658/915 877/659/916
f 930/651/908 762/650/907 929/657/914 1123/658/915
f 1123/658/915 929/657/914 742/519/776 875/516/773
f 877/659/916 1123/658/915 875/516/773 714/515/772
f 837/660/917 931/661/918 763/662/919 720/663/920
f 720/663/920 763/662/919 933/664/921 836/665/922
f 737/666/923 865/667/924 1124/668/925 931/661/918
f 865/667/924 709/644/901 876/647/904 1124/668/925
f 1124/668/925 876/647/904 743/652/909 932/669/926
f 931/661/918 1124/668/925 932/669/926 763/662/919
f 763/662/919 932/669/926 1125/670/927 933/664/921
f 932/669/926 743/652/909 877/659/916 1125/670/927
f 1125/670/927 877/659/916 714/515/772 864/671/928
f 933/664/921 1125/670/927 864/671/928 736/672/929
f 853/673/930 1210/674/931 1245/675/932 1223/676/932
f 726/677/933 934/678/934 848/679/935 704/680/936
f 1228/681/937 764/682/938 936/683/939 847/684/940
f 1227/685/941 1247/686/941 1216/687/942 848/679/943
f 726/677/933 846/688/944 1126/689/945 934/678/934
f 846/688/944 711/564/821 878/610/867 1126/689/945
f 1126/689/945 878/610/867 744/614/871 935/690/946
f 934/678/934 1126/689/945 935/690/946 764/682/938
f 764/682/938 935/690/946 1127/691/947 936/683/939
f 935/690/946 744/614/871 879/623/880 1127/691/947
f 1127/691/947 879/623/880 713/565/822 863/692/948
f 936/683/939 1127/691/947 863/692/948 735/693/949
f 847/684/940 936/683/939 735/693/949 707/694/950
f 1237/695/951 937/696/952 765/697/953 732/698/954
f 1236/699/955 1250/700/955 1086/701/956 707/694/957
f 732/698/954 765/697/953 939/702/958 858/703/959
f 735/693/949 863/692/948 1128/704/960 937/696/952
f 863/692/948 713/565/822 880/568/825 1128/704/960
f 1128/704/960 880/568/825 745/573/830 938/705/961
f 937/696/952 1128/704/960 938/705/961 765/697/953
f 765/697/953 938/705/961 1129/706/962 939/702/958
f 938/705/961 745/573/830 881/587/844 1129/706/962
f 1129/706/962 881/587/844 712/589/846 851/707/963
f 939/702/958 1129/706/962 851/707/963 728/708/964
f 858/703/959 939/702/958 728/708/964 702/709/965
f 752/710/966 940/711/967 887/712/968 715/713/969
f 1231/714/970 766/715/971 942/716/972 886/717/973
f 1230/718/974 1241/719/974 1212/720/975 887/712/976
f 752/710/966 896/721/977 1130/722/978 940/711/967
f 896/721/977 719/540/797 882/543/800 1130/722/978
f 1130/722/978 882/543/800 746/548/805 941/723/979
f 940/711/967 1130/722/978 941/723/979 766/715/971
f 766/715/971 941/723/979 1131/724/980 942/716/972
f 941/723/979 746/548/805 883/562/819 1131/724/980
f 1131/724/980 883/562/819 711/564/821 846/688/944
f 942/716/972 1131/724/980 846/688/944 726/677/933
f 886/717/973 942/716/972 726/677/933 704/680/936
f 847/684/981 1211/725/982 1248/726/983 1226/727/983
f 853/673/984 943/728/985 767/729/986 729/730/987
f 729/730/987 767/729/986 945/731/988 852/732/989
f 736/672/929 864/671/928 1132/733/990 943/728/985
f 864/671/928 714/515/772 884/518/775 1132/733/990
f 1132/733/990 884/518/775 747/523/780 944/734/991
f 943/728/985 1132/733/990 944/734/991 767/729/986
f 767/729/986 944/734/991 1133/735/992 945/731/988
f 944/734/991 747/523/780 885/537/794 1133/735/992
f 1133/735/992 885/537/794 710/539/796 842/736/993
f 945/731/988 1133/735/992 842/736/993 723/737/994
f 1221/738/995 1238/739/996 1207/740/997 852/732/998
f 843/741/999 1219/742/1000 1239/743/1001 1220/744/1001
f 843/741/1002 946/745/1003 768/746/1004 724/747/1005
f 1234/748/1006 948/749/1007 752/710/966 715/713/969
f 723/737/994 842/736/993 1134/750/1008 946/745/1003
f 842/736/993 710/539/796 894/751/1009 1134/750/1008
f 1134/750/1008 894/751/1009 751/752/1010 947/753/1011
f 946/745/1003 1134/750/1008 947/753/1011 768/746/1004
f 768/746/1004 947/753/1011 1135/754/1012 948/749/1007
f 947/753/1011 751/752/1010 895/755/1013 1135/754/1012
f 1135/754/1012 895/755/1013 719/540/797 896/721/977
f 948/749/1007 1135/754/1012 896/721/977 752/710/966
f 1233/756/1014 1253/757/1014 1095/758/1015 724/747/1016
f 1094/759/1017 827/760/1018 1046/761/1019 1218/762/1020
f 708/576/833 862/763/1021 1136/764/1022 849/577/834
f 862/763/1021 734/765/1023 949/766/1024 1136/764/1022
f 1136/764/1022 949/766/1024 769/767/1025 952/768/1026
f 849/577/834 1136/764/1022 952/768/1026 727/578/835
f 734/765/1023 861/769/1027 1137/770/1028 949/766/1024
f 861/769/1027 718/608/865 897/625/882 1137/770/1028
f 1137/770/1028 897/625/882 753/629/886 950/771/1029
f 949/766/1024 1137/770/1028 950/771/1029 769/767/1025
f 769/767/1025 950/771/1029 1138/772/1030 951/773/1031
f 950/771/1029 753/629/886 898/641/898 1138/772/1030
f 1138/772/1030 898/641/898 717/643/900 891/774/1032
f 951/773/1031 1138/772/1030 891/774/1032 749/775/1033
f 727/578/835 952/768/1026 1139/776/1034 850/582/839
f 952/768/1026 769/767/1025 951/773/1031 1139/776/1034
f 1139/776/1034 951/773/1031 749/775/1033 890/777/1035
f 850/582/839 1139/776/1034 890/777/1035 703/583/840
f 705/558/815 845/557/814 1140/778/1036 859/616/873
f 845/557/814 725/553/810 953/779/1037 1140/778/1036
f 1140/778/1036 953/779/1037 770/780/1038 956/781/1039
f 859/616/873 1140/778/1036 956/781/1039 733/617/874
f 725/553/810 844/552/809 1141/782/1040 953/779/1037
f 844/552/809 716/551/808 899/592/849 1141/782/1040
f 1141/782/1040 899/592/849 754/597/854 954/783/1041
f 953/779/1037 1141/782/1040 954/783/1041 770/780/1038
f 770/780/1038 954/783/1041 1142/784/1042 955/785/1043
f 954/783/1041 754/597/854 900/606/863 1142/784/1042
f 1142/784/1042 900/606/863 718/608/865 861/769/1027
f 955/785/1043 1142/784/1042 861/769/1027 734/765/1023
f 733/617/874 956/781/1039 1143/786/1044 860/621/878
f 956/781/1039 770/780/1038 955/785/1043 1143/786/1044
f 1143/786/1044 955/785/1043 734/765/1023 862/763/1021
f 860/621/878 1143/786/1044 862/763/1021 708/576/833
f 710/539/796 867/538/795 1144/787/1045 894/751/1009
f 867/538/795 738/535/792 957/788/1046 1144/787/1045
f 1144/787/1045 957/788/1046 771/789/1047 960/790/1048
f 894/751/1009 1144/787/1045 960/790/1048 751/752/1010
f 738/535/792 866/534/791 1145/791/1049 957/788/1046
f 866/534/791 701/533/790 888/598/855 1145/791/1049
f 1145/791/1049 888/598/855 748/593/850 958/792/1050
f 957/788/1046 1145/791/1049 958/792/1050 771/789/1047
f 771/789/1047 958/792/1050 1146/793/1051 959/794/1052
f 958/792/1050 748/593/850 889/590/847 1146/793/1051
f 1146/793/1051 889/590/847 716/551/808 901/549/806
f 959/794/1052 1146/793/1051 901/549/806 755/544/801
f 751/752/1010 960/790/1048 1147/795/1053 895/755/1013
f 960/790/1048 771/789/1047 959/794/1052 1147/795/1053
f 1147/795/1053 959/794/1052 755/544/801 902/541/798
f 895/755/1013 1147/795/1053 902/541/798 719/540/797
f 783/796/1054 1001/797/1055 1148/798/1056 992/799/1057
f 1001/797/1055 811/800/1058 1021/801/1059 1148/798/1056
f 1148/798/1056 1021/801/1059 820/802/1060 1018/803/1061
f 992/799/1057 1148/798/1056 1018/803/1061 806/804/1062
f 806/804/1062 1018/803/1061 1149/805/1063 991/806/1064
f 1018/803/1061 820/802/1060 1019/807/1065 1149/805/1063
f 1149/805/1063 1019/807/1065 789/808/1066 963/809/1067
f 991/806/1064 1149/805/1063 963/809/1067 776/810/1068
f 820/802/1060 1020/811/1069 1150/812/1070 1019/807/1065
f 1020/811/1069 802/813/1071 983/814/1072 1150/812/1070
f 1150/812/1070 983/814/1072 773/815/1073 964/816/1074
f 1019/807/1065 1150/812/1070 964/816/1074 789/808/1066
f 811/800/1058 1002/817/1075 1151/818/1076 1021/801/1059
f 1002/817/1075 779/819/1077 984/820/1078 1151/818/1076
f 1151/818/1076 984/820/1078 802/813/1071 1020/811/1069
f 1021/801/1059 1151/818/1076 1020/811/1069 820/802/1060
f 787/821/1079 999/822/1080 1152/823/1081 1017/824/1082
f 999/822/1080 810/825/1083 1025/826/1084 1152/823/1081
f 1152/823/1081 1025/826/1084 821/827/1085 1022/828/1086
f 1017/824/1082 1152/823/1081 1022/828/1086 819/829/1087
f 819/829/1087 1022/828/1086 1153/830/1088 1016/831/1089
f 1022/828/1086 821/827/1085 1023/832/1090 1153/830/1088
f 1153/830/1088 1023/832/1090 791/833/1091 966/834/1092
f 1016/831/1089 1153/830/1088 966/834/1092 784/835/1093
f 821/827/1085 1024/836/1094 1154/837/1095 1023/832/1090
f 1024/836/1094 803/838/1096 985/839/1097 1154/837/1095
f 1154/837/1095 985/839/1097 775/840/1098 967/841/1099
f 1023/832/1090 1154/837/1095 967/841/1099 791/833/1091
f 810/825/1083 1000/842/1100 1155/843/1101 1025/826/1084
f 1000/842/1100 780/844/1102 986/845/1103 1155/843/1101
f 1155/843/1101 986/845/1103 803/838/1096 1024/836/1094
f 1025/826/1084 1155/843/1101 1024/836/1094 821/827/1085
f 782/846/1104 997/847/1105 1156/848/1106 990/849/1107
f 997/847/1105 809/850/1108 1029/851/1109 1156/848/1106
f 1156/848/1106 1029/851/1109 822/852/1110 1026/853/1111
f 990/849/1107 1156/848/1106 1026/853/1111 805/854/1112
f 805/854/1112 1026/853/1111 1157/855/1113 989/856/1114
f 1026/853/1111 822/852/1110 1027/857/1115 1157/855/1113
f 1157/855/1113 1027/857/1115 793/858/1116 969/859/1117
f 989/856/1114 1157/855/1113 969/859/1117 777/860/1118
f 822/852/1110 1028/861/1119 1158/862/1120 1027/857/1115
f 1028/861/1119 804/863/1121 987/864/1122 1158/862/1120
f 1158/862/1120 987/864/1122 774/865/1123 970/866/1124
f 1027/857/1115 1158/862/1120 970/866/1124 793/858/1116
f 809/850/1108 998/867/1125 1159/868/1126 1029/851/1109
f 998/867/1125 781/869/1127 988/870/1128 1159/868/1126
f 1159/868/1126 988/870/1128 804/863/1121 1028/861/1119
f 1029/851/1109 1159/868/1126 1028/861/1119 822/852/1110
f 784/835/1093 1014/871/1129 1160/872/1130 1004/873/1131
f 1014/871/1129 818/874/1132 1033/875/1133 1160/872/1130
f 1160/872/1130 1033/875/1133 823/876/1134 1030/877/1135
f 1004/873/1131 1160/872/1130 1030/877/1135 812/878/1136
f 812/878/1136 1030/877/1135 1161/879/1137 1003/880/1138
f 1030/877/1135 823/876/1134 1031/881/1139 1161/879/1137
f 1161/879/1137 1031/881/1139 789/808/1066 964/816/1074
f 1003/880/1138 1161/879/1137 964/816/1074 773/815/1073
f 823/876/1134 1032/882/1140 1162/883/1141 1031/881/1139
f 1032/882/1140 814/884/1142 1007/885/1143 1162/883/1141
f 1162/883/1141 1007/885/1143 776/810/1068 963/809/1067
f 1031/881/1139 1162/883/1141 963/809/1067 789/808/1066
f 818/874/1132 1015/886/1144 1163/887/1145 1033/875/1133
f 1015/886/1144 786/888/1146 1008/889/1147 1163/887/1145
f 1163/887/1145 1008/889/1147 814/884/1142 1032/882/1140
f 1033/875/1133 1163/887/1145 1032/882/1140 823/876/1134
f 780/844/1102 995/890/1148 1164/891/1149 986/845/1103
f 995/890/1148 808/892/1150 1037/893/1151 1164/891/1149
f 1164/891/1149 1037/893/1151 824/894/1152 1034/895/1153
f 986/845/1103 1164/891/1149 1034/895/1153 803/838/1096
f 803/838/1096 1034/895/1153 1165/896/1154 985/839/1097
f 1034/895/1153 824/894/1152 1035/897/1155 1165/896/1154
f 1165/896/1154 1035/897/1155 797/898/1156 976/899/1157
f 985/839/1097 1165/896/1154 976/899/1157 775/840/1098
f 824/894/1152 1036/900/1158 1166/901/1159 1035/897/1155
f 1036/900/1158 805/854/1112 989/856/1114 1166/901/1159
f 1166/901/1159 989/856/1114 777/860/1118 977/902/1160
f 1035/897/1155 1166/901/1159 977/902/1160 797/898/1156
f 808/892/1150 996/903/1161 1167/904/1162 1037/893/1151
f 996/903/1161 782/846/1104 990/849/1107 1167/904/1162
f 1167/904/1162 990/849/1107 805/854/1112 1036/900/1158
f 1037/893/1151 1167/904/1162 1036/900/1158 824/894/1152
f 786/888/1146 1012/905/1163 1168/906/1164 1008/889/1147
f 1012/905/1163 817/907/1165 1041/908/1166 1168/906/1164
f 1168/906/1164 1041/908/1166 825/909/1167 1038/910/1168
f 1008/889/1147 1168/906/1164 1038/910/1168 814/884/1142
f 814/884/1142 1038/910/1168 1169/911/1169 1007/885/1143
f 1038/910/1168 825/909/1167 1039/912/1170 1169/911/1169
f 1169/911/1169 1039/912/1170 796/913/1171 975/914/1172
f 1007/885/1143 1169/911/1169 975/914/1172 776/810/1068
f 825/909/1167 1040/915/1173 1170/916/1174 1039/912/1170
f 1040/915/1173 795/917/1175 973/918/1176 1170/916/1174
f 1170/916/1174 973/918/1176 772/919/1177 974/920/1178
f 1039/912/1170 1170/916/1174 974/920/1178 796/913/1171
f 817/907/1165 1013/921/1179 1171/922/1180 1041/908/1166
f 1013/921/1179 785/923/1181 972/924/1182 1171/922/1180
f 1171/922/1180 972/924/1182 795/917/1175 1040/915/1173
f 1041/908/1166 1171/922/1180 1040/915/1173 825/909/1167
f 778/925/1183 993/926/1184 1172/927/1185 961/928/1186
f 993/926/1184 807/929/1187 1045/930/1188 1172/927/1185
f 1172/927/1185 1045/930/1188 826/931/1189 1042/932/1190
f 961/928/1186 1172/927/1185 1042/932/1190 788/933/1191
f 788/933/1191 1042/932/1190 1173/934/1192 962/935/1193
f 1042/932/1190 826/931/1189 1043/936/1194 1173/934/1192
f 1173/934/1192 1043/936/1194 796/913/1171 974/920/1178
f 962/935/1193 1173/934/1192 974/920/1178 772/919/1177
f 826/931/1189 1044/937/1195 1174/938/1196 1043/936/1194
f 1044/937/1195 806/804/1062 991/806/1064 1174/938/1196
f 1174/938/1196 991/806/1064 776/810/1068 975/914/1172
f 1043/936/1194 1174/938/1196 975/914/1172 796/913/1171
f 807/929/1187 994/939/1197 1175/940/1198 1045/930/1188
f 994/939/1197 783/796/1054 992/799/1057 1175/940/1198
f 1175/940/1198 992/799/1057 806/804/1062 1044/937/1195
f 1045/930/1188 1175/940/1198 1044/937/1195 826/931/1189
f 1211/725/1199 1249/941/1200 1248/726/1201
f 1046/761/1019 801/942/1202 1091/943/1203 1218/762/1020
f 801/942/1202 1046/761/1019 1176/944/1204 982/945/1205
f 1046/761/1019 827/760/1018 1047/946/1206 1176/944/1204
f 1176/944/1204 1047/946/1206 807/929/1187 993/926/1184
f 982/945/1205 1176/944/1204 993/926/1184 778/925/1183
f 827/760/1018 1048/947/1207 1177/948/1208 1047/946/1206
f 1048/947/1207 800/949/1209 981/950/1210 1177/948/1208
f 1177/948/1208 981/950/1210 783/796/1054 994/939/1197
f 1047/946/1206 1177/948/1208 994/939/1197 807/929/1187
f 1084/951/1211 829/952/1212 1052/953/1213 1252/954/1214
f 1048/947/1215 827/760/1018 1094/759/1017 1215/955/1216
f 1060/956/1217 831/957/1218 1088/958/1219 1207/740/1220
f 1086/701/1221 799/959/1222 1051/960/1223 1211/725/1199
f 1049/961/1224 792/962/1225 1089/963/1226 1216/687/1227
f 792/962/1228 1049/961/1229 1178/964/1230 968/965/1231
f 1049/961/1229 828/966/1232 1050/967/1233 1178/964/1230
f 1178/964/1230 1050/967/1233 808/892/1150 995/890/1148
f 968/965/1231 1178/964/1230 995/890/1148 780/844/1102
f 828/966/1232 1051/960/1234 1179/968/1235 1050/967/1233
f 1051/960/1234 799/959/1236 980/969/1237 1179/968/1235
f 1179/968/1235 980/969/1237 782/846/1104 996/903/1161
f 1050/967/1233 1179/968/1235 996/903/1161 808/892/1150
f 1252/954/1214 1086/701/1221 1250/700/1238
f 1249/941/1200 828/966/1239 1049/961/1224 1216/687/1227
f 1210/674/1240 1246/970/1241 1245/675/1242
f 1085/971/1243 794/972/1244 1054/973/1245 1205/974/1246
f 1092/975/1247 1255/976/1248 1254/977/1249
f 799/959/1236 1052/953/1250 1180/978/1251 980/969/1237
f 1052/953/1250 829/952/1212 1053/979/1252 1180/978/1251
f 1180/978/1251 1053/979/1252 809/850/1108 997/847/1105
f 980/969/1237 1180/978/1251 997/847/1105 782/846/1104
f 829/952/1212 1054/973/1245 1181/980/1253 1053/979/1252
f 1054/973/1245 794/972/1244 971/981/1254 1181/980/1253
f 1181/980/1253 971/981/1254 781/869/1127 998/867/1125
f 1053/979/1252 1181/980/1253 998/867/1125 809/850/1108
f 1209/982/1255 1243/983/1256 1242/984/1257
f 1054/973/1245 829/952/1212 1084/951/1211 1205/974/1246
f 792/962/1225 1057/985/1258 1209/982/1255 1089/963/1226
f 1055/986/1259 816/987/1260 1092/975/1247 1212/720/1261
f 816/987/1262 1055/986/1263 1182/988/1264 1011/989/1265
f 1055/986/1263 830/990/1266 1056/991/1267 1182/988/1264
f 1182/988/1264 1056/991/1267 810/825/1083 999/822/1080
f 1011/989/1265 1182/988/1264 999/822/1080 787/821/1079
f 830/990/1266 1057/985/1268 1183/992/1269 1056/991/1267
f 1057/985/1268 792/962/1228 968/965/1231 1183/992/1269
f 1183/992/1269 968/965/1231 780/844/1102 1000/842/1100
f 1056/991/1267 1183/992/1269 1000/842/1100 810/825/1083
f 1088/958/1219 831/957/1218 1058/993/1270 1210/674/1240
f 1243/983/1256 830/990/1271 1055/986/1259 1212/720/1261
f 1246/970/1241 800/949/1272 1048/947/1215 1215/955/1216
f 800/949/1209 1058/993/1273 1184/994/1274 981/950/1210
f 1058/993/1273 831/957/1275 1059/995/1276 1184/994/1274
f 1184/994/1274 1059/995/1276 811/800/1058 1001/797/1055
f 981/950/1210 1184/994/1274 1001/797/1055 783/796/1054
f 831/957/1275 1060/956/1277 1185/996/1278 1059/995/1276
f 1060/956/1277 790/997/1279 965/998/1280 1185/996/1278
f 1185/996/1278 965/998/1280 779/819/1077 1002/817/1075
f 1059/995/1276 1185/996/1278 1002/817/1075 811/800/1058
f 1095/758/1281 832/999/1282 1061/1000/1283 1219/742/1284
f 1255/976/1248 1095/758/1281 1253/757/1285
f 1240/1001/1286 1207/740/1220 1238/739/1287
f 790/997/1279 1061/1000/1288 1186/1002/1289 965/998/1280
f 1061/1000/1288 832/999/1290 1062/1003/1291 1186/1002/1289
f 1186/1002/1289 1062/1003/1291 815/1004/1292 1009/1005/1293
f 965/998/1280 1186/1002/1289 1009/1005/1293 779/819/1077
f 832/999/1290 1063/1006/1294 1187/1007/1295 1062/1003/1291
f 1063/1006/1294 816/987/1262 1011/989/1265 1187/1007/1295
f 1187/1007/1295 1011/989/1265 787/821/1079 1010/1008/1296
f 1062/1003/1291 1187/1007/1295 1010/1008/1296 815/1004/1292
f 794/972/1244 1085/971/1243 1081/1009/1297
f 777/860/1118 969/859/1117 1188/1010/1298 979/1011/1299
f 969/859/1117 793/858/1116 1067/1012/1300 1188/1010/1298
f 1188/1010/1298 1067/1012/1300 833/1013/1301 1064/1014/1302
f 979/1011/1299 1188/1010/1298 1064/1014/1302 798/1015/1303
f 798/1015/1303 1064/1014/1302 1189/1016/1304 978/1017/1305
f 1064/1014/1302 833/1013/1301 1065/1018/1306 1189/1016/1304
f 1189/1016/1304 1065/1018/1306 817/907/1165 1012/905/1163
f 978/1017/1305 1189/1016/1304 1012/905/1163 786/888/1146
f 833/1013/1301 1066/1019/1307 1190/1020/1308 1065/1018/1306
f 1066/1019/1307 813/1021/1309 1006/1022/1310 1190/1020/1308
f 1190/1020/1308 1006/1022/1310 785/923/1181 1013/921/1179
f 1065/1018/1306 1190/1020/1308 1013/921/1179 817/907/1165
f 793/858/1116 970/866/1124 1191/1023/1311 1067/1012/1300
f 970/866/1124 774/865/1123 1005/1024/1312 1191/1023/1311
f 1191/1023/1311 1005/1024/1312 813/1021/1309 1066/1019/1307
f 1067/1012/1300 1191/1023/1311 1066/1019/1307 833/1013/1301
f 775/840/1098 976/899/1157 1192/1025/1313 967/841/1099
f 976/899/1157 797/898/1156 1071/1026/1314 1192/1025/1313
f 1192/1025/1313 1071/1026/1314 834/1027/1315 1068/1028/1316
f 967/841/1099 1192/1025/1313 1068/1028/1316 791/833/1091
f 791/833/1091 1068/1028/1316 1193/1029/1317 966/834/1092
f 1068/1028/1316 834/1027/1315 1069/1030/1318 1193/1029/1317
f 1193/1029/1317 1069/1030/1318 818/874/1132 1014/871/1129
f 966/834/1092 1193/1029/1317 1014/871/1129 784/835/1093
f 834/1027/1315 1070/1031/1319 1194/1032/1320 1069/1030/1318
f 1070/1031/1319 798/1015/1303 978/1017/1305 1194/1032/1320
f 1194/1032/1320 978/1017/1305 786/888/1146 1015/886/1144
f 1069/1030/1318 1194/1032/1320 1015/886/1144 818/874/1132
f 797/898/1156 977/902/1160 1195/1033/1321 1071/1026/1314
f 977/902/1160 777/860/1118 979/1011/1299 1195/1033/1321
f 1195/1033/1321 979/1011/1299 798/1015/1303 1070/1031/1319
f 1071/1026/1314 1195/1033/1321 1070/1031/1319 834/1027/1315
f 779/819/1077 1009/1005/1293 1196/1034/1322 984/820/1078
f 1009/1005/1293 815/1004/1292 1075/1035/1323 1196/1034/1322
f 1196/1034/1322 1075/1035/1323 835/1036/1324 1072/1037/1325
f 984/820/1078 1196/1034/1322 1072/1037/1325 802/813/1071
f 802/813/1071 1072/1037/1325 1197/1038/1326 983/814/1072
f 1072/1037/1325 835/1036/1324 1073/1039/1327 1197/1038/1326
f 1197/1038/1326 1073/1039/1327 812/878/1136 1003/880/1138
f 983/814/1072 1197/1038/1326 1003/880/1138 773/815/1073
f 835/1036/1324 1074/1040/1328 1198/1041/1329 1073/1039/1327
f 1074/1040/1328 819/829/1087 1016/831/1089 1198/1041/1329
f 1198/1041/1329 1016/831/1089 784/835/1093 1004/873/1131
f 1073/1039/1327 1198/1041/1329 1004/873/1131 812/878/1136
f 815/1004/1292 1010/1008/1296 1199/1042/1330 1075/1035/1323
f 1010/1008/1296 787/821/1079 1017/824/1082 1199/1042/1330
f 1199/1042/1330 1017/824/1082 819/829/1087 1074/1040/1328
f 1075/1035/1323 1199/1042/1330 1074/1040/1328 835/1036/1324
f 709/644/901 1077/1043/1331 1200/1044/1332 838/645/902
f 1077/1043/1333 778/925/1183 961/928/1186 1200/1044/1334
f 1200/1044/1334 961/928/1186 788/933/1335 1076/1045/1336
f 838/645/902 1200/1044/1332 1076/1045/1337 721/648/905
f 749/775/1033 1079/1046/1338 1201/1047/1339 890/777/1035
f 1079/1046/1340 813/1021/1341 1005/1024/1342 1201/1047/1343
f 1201/1047/1343 1005/1024/1342 774/865/1344 1078/1048/1345
f 890/777/1035 1201/1047/1339 1078/1048/1346 703/583/840
f 721/648/905 1076/1045/1337 1202/1049/1347 839/653/910
f 1076/1045/1336 788/933/1335 962/935/1348 1202/1049/1349
f 1202/1049/1349 962/935/1348 772/919/1350 1080/1050/1351
f 839/653/910 1202/1049/1347 1080/1050/1352 700/637/894
f 712/589/846 1082/1051/1353 1203/1052/1354 851/707/1355
f 1082/1051/1356 781/869/1127 971/981/1254 1203/1052/1357
f 1203/1052/1357 971/981/1254 794/972/1244 1081/1009/1297
f 851/707/1355 1203/1052/1354 1081/1009/1297 728/708/1358
f 717/643/900 1083/1053/1359 1204/1054/1360 891/774/1032
f 1083/1053/1361 785/923/1361 1006/1022/1362 1204/1054/1363
f 1204/1054/1363 1006/1022/1362 813/1021/1341 1079/1046/1340
f 891/774/1032 1204/1054/1360 1079/1046/1338 749/775/1033
f 702/709/1364 1085/971/1364 1205/974/1365 858/703/1366
f 858/703/1366 1205/974/1365 1084/951/1367 732/698/1368
f 801/942/1202 1090/1055/1369 1091/943/1203
f 1081/1009/1297 1085/971/1243 702/709/1370 728/708/1358
f 707/694/950 1237/695/951 1236/699/1371
f 1219/742/1284 1240/1001/1286 1239/743/1372
f 703/583/840 1078/1048/1346 1206/1056/1373 870/584/841
f 1078/1048/1345 774/865/1344 987/864/1374 1206/1056/1375
f 1206/1056/1375 987/864/1374 804/863/1376 1087/1057/1377
f 870/584/841 1206/1056/1373 1087/1057/1378 740/585/842
f 1224/1058/1379 1244/1059/1380 1215/955/1381 836/665/1382
f 852/732/998 1207/740/997 1088/958/1383 729/730/1384
f 740/585/842 1087/1057/1378 1208/1060/1385 871/588/845
f 1087/1057/1377 804/863/1376 988/870/1128 1208/1060/1386
f 1208/1060/1386 988/870/1128 781/869/1127 1082/1051/1356
f 871/588/845 1208/1060/1385 1082/1051/1353 712/589/846
f 704/680/1387 1089/963/1388 1209/982/1389 886/717/1390
f 887/712/968 940/711/967 766/715/971 1231/714/970
f 729/730/1384 1088/958/1383 1210/674/931 853/673/930
f 1225/1061/1391 853/673/984 1223/676/1392
f 1091/943/1203 1090/1055/1369 737/666/1393 699/1062/1394
f 707/694/957 1086/701/956 1211/725/982 847/684/981
f 848/679/935 934/678/934 764/682/938 1228/681/937
f 715/713/1395 1092/975/1396 1254/977/1397 1232/1063/1397
f 887/712/976 1212/720/975 1092/975/1396 715/713/1395
f 730/639/896 1093/1064/1398 1213/1065/1399 854/642/899
f 1093/1064/1400 795/917/1401 972/924/1402 1213/1065/1403
f 1213/1065/1403 972/924/1402 785/923/1404 1083/1053/1404
f 854/642/899 1213/1065/1399 1083/1053/1359 717/643/900
f 737/666/1393 1090/1055/1369 1214/1066/1405 865/667/1406
f 1090/1055/1369 801/942/1202 982/945/1205 1214/1066/1407
f 1214/1066/1407 982/945/1205 778/925/1183 1077/1043/1333
f 865/667/1406 1214/1066/1405 1077/1043/1331 709/644/901
f 836/665/922 933/664/921 736/672/929 1225/1061/1391
f 836/665/1382 1215/955/1381 1094/759/1408 720/663/1409
f 886/717/1390 1209/982/1389 1242/984/1410 1229/1067/1410
f 848/679/943 1216/687/942 1089/963/1388 704/680/1387
f 724/747/1005 768/746/1004 948/749/1007 1234/748/1006
f 732/698/1368 1084/951/1367 1251/1068/1411 1235/1069/1411
f 700/637/894 1080/1050/1352 1217/1070/1412 855/638/895
f 1080/1050/1351 772/919/1350 973/918/1413 1217/1070/1414
f 1217/1070/1414 973/918/1413 795/917/1401 1093/1064/1400
f 855/638/895 1217/1070/1412 1093/1064/1398 730/639/896
f 720/663/1409 1094/759/1408 1218/762/1415 837/660/1416
f 837/660/1416 1218/762/1415 1091/943/1417 699/1062/1417
f 724/747/1016 1095/758/1015 1219/742/1000 843/741/999
f 852/732/989 945/731/988 723/737/994 1222/1071/1418
f 699/1062/1419 737/666/923 931/661/918 837/660/917
f 1237/695/1420 1235/1069/1420 1251/1068/1420 1252/954/1420
f 1236/699/1421 1237/695/1421 1252/954/1421 1250/700/1421
f 1222/1071/1418 843/741/1002 1220/744/1422
f 1224/1058/1423 836/665/922 1225/1061/1391
f 736/672/929 943/728/985 853/673/984 1225/1061/1391
f 1221/738/1424 852/732/989 1222/1071/1418
f 723/737/994 946/745/1003 843/741/1002 1222/1071/1418
f 1233/756/1425 724/747/1005 1234/748/1006
f 1232/1063/1426 1234/748/1006 715/713/969
f 1230/718/1427 887/712/968 1231/714/970
f 1229/1067/1428 1231/714/970 886/717/973
f 1227/685/1429 848/679/935 1228/681/937
f 1226/727/1430 1228/681/937 847/684/940
f 735/693/949 937/696/952 1237/695/951 707/694/950
f 1235/1069/1431 1237/695/951 732/698/954
f 1251/1068/1432 1084/951/1211 1252/954/1214
f 1052/953/1213 799/959/1222 1086/701/1221 1252/954/1214
f 1051/960/1223 828/966/1239 1249/941/1200 1211/725/1199
f 1247/686/1433 1249/941/1200 1216/687/1227
f 1057/985/1258 830/990/1271 1243/983/1256 1209/982/1255
f 1241/719/1434 1243/983/1256 1212/720/1261
f 816/987/1260 1063/1006/1435 1255/976/1248 1092/975/1247
f 1063/1006/1435 832/999/1282 1095/758/1281 1255/976/1248
f 1061/1000/1283 790/997/1436 1240/1001/1286 1219/742/1284
f 790/997/1436 1060/956/1217 1207/740/1220 1240/1001/1286
f 1058/993/1270 800/949/1272 1246/970/1241 1210/674/1240
f 1244/1059/1437 1246/970/1241 1215/955/1216
f 1228/681/1438 1226/727/1438 1248/726/1438 1249/941/1438
f 1227/685/1439 1228/681/1439 1249/941/1439 1247/686/1439
f 1230/718/1440 1231/714/1440 1243/983/1440 1241/719/1440
f 1231/714/1441 1229/1067/1441 1242/984/1441 1243/983/1441
f 1234/748/1442 1232/1063/1442 1254/977/1442 1255/976/1442
f 1233/756/1443 1234/748/1443 1255/976/1443 1253/757/1443
f 1222/1071/1444 1220/744/1444 1239/743/1444 1240/1001/1444
f 1221/738/995 1222/1071/1445 1240/1001/1445 1238/739/996
f 1225/1061/1446 1223/676/1446 1245/675/1446 1246/970/1446
f 1224/1058/1379 1225/1061/1447 1246/970/1447 1244/1059/1380
f 1266/1072/1448 1282/1073/1449 1295/1074/1450 1268/1075/1451
f 1299/1076/1452 1281/1077/1453 1266/1072/1454 1268/1075/1455
f 1266/1072/1454 1281/1077/1453 1308/1078/1456 1306/1079/1457
f 1281/1077/1458 1267/1080/1459 1305/1081/1460 1308/1078/1456
f 1308/1078/1456 1305/1081/1460 1276/1082/1461 1303/1083/1462
f 1306/1079/1457 1308/1078/1456 1303/1083/1462 1277/1084/1463
f 1272/1085/1464 1297/1086/1465 1309/1087/1466 1289/1088/1467
f 1297/1086/1468 1275/1089/1469 1285/1090/1470 1309/1087/1471
f 1309/1087/1471 1285/1090/1470 1257/1091/1472
f 1289/1088/1467 1309/1087/1466 1261/1092/1473 1256/1093/1473
f 1295/1074/1450 1282/1073/1449 1264/1094/1474 1273/1095/1475
f 1271/1096/1476 1292/1097/1477 1283/1098/1478 1267/1080/1459
f 1270/1099/1479 1287/1100/1480 1310/1101/1481 1293/1102/1482
f 1287/1100/1480 1259/1103/1483 1262/1104/1484
f 1262/1104/1484 1257/1091/1472 1285/1090/1470
f 1293/1102/1482 1310/1101/1481 1285/1090/1470 1275/1089/1469
f 1283/1098/1478 1292/1097/1477 1274/1105/1485 1265/1106/1486
f 1265/1106/1486 1274/1105/1485 1296/1107/1487 1284/1108/1488
f 1271/1096/1476 1288/1109/1489 1311/1110/1490 1292/1097/1477
f 1288/1109/1489 1270/1099/1479 1293/1102/1482 1311/1110/1490
f 1311/1110/1490 1293/1102/1482 1275/1089/1469 1291/1111/1491
f 1292/1097/1477 1311/1110/1490 1291/1111/1491 1274/1105/1485
f 1258/1112/1492 1280/1113/1493 1312/1114/1494 1260/1115/1495
f 1280/1113/1493 1269/1116/1496 1294/1117/1497 1312/1114/1494
f 1312/1114/1494 1294/1117/1497 1272/1085/1498 1289/1088/1499
f 1260/1115/1495 1312/1114/1494 1289/1088/1499 1256/1093/1500
f 1269/1116/1496 1286/1118/1501 1313/1119/1502 1294/1117/1497
f 1286/1118/1501 1268/1075/1451 1295/1074/1450 1313/1119/1502
f 1313/1119/1502 1295/1074/1450 1273/1095/1475 1290/1120/1503
f 1294/1117/1497 1313/1119/1502 1290/1120/1503 1272/1085/1504
f 1284/1108/1505 1296/1107/1506 1273/1095/1507 1264/1094/1508
f 1273/1095/1507 1296/1107/1506 1314/1121/1509 1290/1120/1510
f 1296/1107/1487 1274/1105/1485 1291/1111/1491 1314/1121/1511
f 1314/1121/1511 1291/1111/1491 1275/1089/1469 1297/1086/1468
f 1290/1120/1510 1314/1121/1509 1297/1086/1465 1272/1085/1464
f 1258/1112/1512 1263/1122/1513 1315/1123/1514 1280/1113/1515
f 1263/1122/1513 1259/1103/1516 1287/1100/1517 1315/1123/1514
f 1315/1123/1514 1287/1100/1517 1270/1099/1518 1298/1124/1519
f 1280/1113/1515 1315/1123/1514 1298/1124/1519 1269/1116/1520
f 1269/1116/1520 1298/1124/1519 1316/1125/1521 1286/1118/1522
f 1298/1124/1519 1270/1099/1518 1288/1109/1489 1316/1125/1521
f 1316/1125/1521 1288/1109/1489 1271/1096/1476 1299/1076/1452
f 1286/1118/1522 1316/1125/1521 1299/1076/1452 1268/1075/1455
f 1265/1106/1486 1284/1108/1488 1317/1126/1523 1304/1127/1524
f 1284/1108/1505 1264/1094/1508 1307/1128/1525 1317/1126/1526
f 1317/1126/1526 1307/1128/1525 1278/1129/1527 1300/1130/1528
f 1304/1127/1524 1317/1126/1523 1300/1130/1529 1279/1131/1530
f 1279/1131/1530 1300/1130/1529 1322/1132/1531 1321/1133/1532
f 1276/1082/1461 1301/1134/1533 1325/1135/1534 1324/1136/1535
f 1278/1129/1536 1302/1137/1537 1326/1138/1538 1323/1139/1539
f 1303/1083/1462 1276/1082/1461 1324/1136/1535 1328/1140/1540
f 1267/1080/1459 1283/1098/1478 1319/1141/1541 1305/1081/1460
f 1283/1098/1478 1265/1106/1486 1304/1127/1524 1319/1141/1541
f 1319/1141/1541 1304/1127/1524 1279/1131/1530 1301/1134/1533
f 1305/1081/1460 1319/1141/1541 1301/1134/1533 1276/1082/1461
f 1264/1094/1474 1282/1073/1449 1320/1142/1542 1307/1128/1543
f 1282/1073/1449 1266/1072/1448 1306/1079/1544 1320/1142/1542
f 1320/1142/1542 1306/1079/1544 1277/1084/1545 1302/1137/1537
f 1307/1128/1543 1320/1142/1542 1302/1137/1537 1278/1129/1536
f 1321/1133/1532 1322/1132/1531 1318/1143/1546
f 1324/1136/1535 1325/1135/1534 1318/1143/1546
f 1323/1139/1539 1326/1138/1538 1318/1143/1547
f 1328/1140/1540 1324/1136/1535 1318/1143/1546
f 1277/1084/1463 1303/1083/1462 1328/1140/1540 1327/1144/1548
f 1302/1137/1537 1277/1084/1545 1327/1144/1549 1326/1138/1538
f 1301/1134/1533 1279/1131/1530 1321/1133/1532 1325/1135/1534
f 1300/1130/1528 1278/1129/1527 1323/1139/1550 1322/1132/1551
f 1327/1144/1548 1328/1140/1540 1318/1143/1546
f 1326/1138/1538 1327/1144/1549 1318/1143/1547
f 1325/1135/1534 1321/1133/1532 1318/1143/1546
f 1322/1132/1551 1323/1139/1550 1318/1143/1552
f 1310/1101/1481 1262/1104/1484 1285/1090/1470
f 1310/1101/1481 1287/1100/1480 1262/1104/1484
f 1261/1092/1553 1309/1087/1471 1257/1091/1472
f 1271/1096/1476 1267/1080/1459 1281/1077/1458 1299/1076/1452
f 1331/1072/1554 1333/1075/1555 1360/1074/1556 1347/1073/1557
f 1364/1076/1558 1333/1075/1559 1331/1072/1560 1346/1077/1561
f 1331/1072/1560 1371/1079/1562 1373/1078/1563 1346/1077/1561
f 1346/1077/1564 1373/1078/1563 1370/1081/1565 1332/1080/1566
f 1373/1078/1563 1368/1083/1567 1341/1082/1568 1370/1081/1565
f 1371/1079/1562 1342/1084/1569 1368/1083/1567 1373/1078/1563
f 1337/1085/1570 1354/1088/1571 1374/1087/1572 1362/1086/1573
f 1362/1086/1574 1374/1087/1575 1350/1090/1576 1340/1089/1577
f 1374/1087/1575 1257/1091/1578 1350/1090/1576
f 1354/1088/1571 1256/1093/1579 1261/1092/1579 1374/1087/1572
f 1360/1074/1556 1338/1095/1580 1329/1094/1581 1347/1073/1557
f 1336/1096/1582 1332/1080/1566 1348/1098/1583 1357/1097/1584
f 1335/1099/1585 1358/1102/1586 1375/1101/1587 1352/1100/1588
f 1352/1100/1588 1262/1104/1589 1259/1103/1590
f 1262/1104/1589 1350/1090/1576 1257/1091/1578
f 1358/1102/1586 1340/1089/1577 1350/1090/1576 1375/1101/1587
f 1348/1098/1583 1330/1106/1591 1339/1105/1592 1357/1097/1584
f 1330/1106/1591 1349/1108/1593 1361/1107/1594 1339/1105/1592
f 1336/1096/1582 1357/1097/1584 1376/1110/1595 1353/1109/1596
f 1353/1109/1596 1376/1110/1595 1358/1102/1586 1335/1099/1585
f 1376/1110/1595 1356/1111/1597 1340/1089/1577 1358/1102/1586
f 1357/1097/1584 1339/1105/1592 1356/1111/1597 1376/1110/1595
f 1258/1112/1598 1260/1115/1599 1377/1114/1600 1345/1113/1601
f 1345/1113/1601 1377/1114/1600 1359/1117/1602 1334/1116/1603
f 1377/1114/1600 1354/1088/1604 1337/1085/1605 1359/1117/1602
f 1260/1115/1599 1256/1093/1606 1354/1088/1604 1377/1114/1600
f 1334/1116/1603 1359/1117/1602 1378/1119/1607 1351/1118/1608
f 1351/1118/1608 1378/1119/1607 1360/1074/1556 1333/1075/1555
f 1378/1119/1607 1355/1120/1609 1338/1095/1580 1360/1074/1556
f 1359/1117/1602 1337/1085/1610 1355/1120/1609 1378/1119/1607
f 1349/1108/1611 1329/1094/1612 1338/1095/1613 1361/1107/1614
f 1338/1095/1613 1355/1120/1615 1379/1121/1616 1361/1107/1614
f 1361/1107/1594 1379/1121/1617 1356/1111/1597 1339/1105/1592
f 1379/1121/1617 1362/1086/1574 1340/1089/1577 1356/1111/1597
f 1355/1120/1615 1337/1085/1570 1362/1086/1573 1379/1121/1616
f 1258/1112/1618 1345/1113/1619 1380/1123/1620 1263/1122/1621
f 1263/1122/1621 1380/1123/1620 1352/1100/1622 1259/1103/1623
f 1380/1123/1620 1363/1124/1624 1335/1099/1625 1352/1100/1622
f 1345/1113/1619 1334/1116/1626 1363/1124/1624 1380/1123/1620
f 1334/1116/1626 1351/1118/1627 1381/1125/1628 1363/1124/1624
f 1363/1124/1624 1381/1125/1628 1353/1109/1596 1335/1099/1625
f 1381/1125/1628 1364/1076/1558 1336/1096/1582 1353/1109/1596
f 1351/1118/1627 1333/1075/1559 1364/1076/1558 1381/1125/1628
f 1330/1106/1591 1369/1127/1629 1382/1126/1630 1349/1108/1593
f 1349/1108/1611 1382/1126/1631 1372/1128/1632 1329/1094/1612
f 1382/1126/1631 1365/1130/1633 1343/1129/1634 1372/1128/1632
f 1369/1127/1629 1344/1131/1635 1365/1130/1636 1382/1126/1630
f 1344/1131/1635 1386/1133/1637 1387/1132/1638 1365/1130/1636
f 1341/1082/1568 1389/1136/1639 1390/1135/1640 1366/1134/1641
f 1343/1129/1642 1388/1139/1643 1391/1138/1644 1367/1137/1645
f 1368/1083/1567 1393/1140/1646 1389/1136/1639 1341/1082/1568
f 1332/1080/1566 1370/1081/1565 1384/1141/1647 1348/1098/1583
f 1348/1098/1583 1384/1141/1647 1369/1127/1629 1330/1106/1591
f 1384/1141/1647 1366/1134/1641 1344/1131/1635 1369/1127/1629
f 1370/1081/1565 1341/1082/1568 1366/1134/1641 1384/1141/1647
f 1329/1094/1581 1372/1128/1648 1385/1142/1649 1347/1073/1557
f 1347/1073/1557 1385/1142/1649 1371/1079/1650 1331/1072/1554
f 1385/1142/1649 1367/1137/1645 1342/1084/1651 1371/1079/1650
f 1372/1128/1648 1343/1129/1642 1367/1137/1645 1385/1142/1649
f 1386/1133/1637 1383/1143/1652 1387/1132/1638
f 1389/1136/1639 1383/1143/1652 1390/1135/1640
f 1388/1139/1643 1383/1143/1653 1391/1138/1644
f 1393/1140/1646 1383/1143/1652 1389/1136/1639
f 1342/1084/1569 1392/1144/1654 1393/1140/1646 1368/1083/1567
f 1367/1137/1645 1391/1138/1644 1392/1144/1655 1342/1084/1651
f 1366/1134/1641 1390/1135/1640 1386/1133/1637 1344/1131/1635
f 1365/1130/1633 1387/1132/1656 1388/1139/1657 1343/1129/1634
f 1392/1144/1654 1383/1143/1652 1393/1140/1646
f 1391/1138/1644 1383/1143/1653 1392/1144/1655
f 1390/1135/1640 1383/1143/1652 1386/1133/1637
f 1387/1132/1656 1383/1143/1658 1388/1139/1657
f 1375/1101/1587 1350/1090/1576 1262/1104/1589
f 1375/1101/1587 1262/1104/1589 1352/1100/1588
f 1261/1092/1659 1257/1091/1578 1374/1087/1575
f 1336/1096/1582 1364/1076/1558 1346/1077/1564 1332/1080/1566
o Mage_Hat
v 0.123708 1.812334 -0.492534
v 0.223696 1.538943 -0.796470
v 0.337267 1.844351 -0.374108
v 0.606788 1.582857 -0.570252
v 0.459478 1.909908 -0.173238
v 0.820931 1.688730 -0.191192
v 0.519015 2.005539 0.146091
v 0.747429 1.908431 0.253982
v 0.335792 2.094343 0.241414
v 0.594090 2.040176 0.572781
v 0.213574 2.139056 0.401720
v 0.269337 2.143770 0.666929
v -0.122971 2.153749 0.348319
v -0.217990 2.161918 0.765688
v -0.335794 2.094343 0.241414
v -0.595472 2.040055 0.572835
v -0.458743 2.001433 0.052049
v -0.815320 1.856493 0.227028
v -0.459480 1.909907 -0.173238
v -0.817906 1.689219 -0.191406
v -0.337269 1.844350 -0.374108
v -0.606788 1.582857 -0.570252
v -0.123709 1.812334 -0.492534
v -0.234205 1.550077 -0.779099
v 0.070306 2.258924 -0.473025
v 0.177457 2.262409 -0.432813
v 0.263197 2.289816 -0.345768
v 0.258922 2.384831 -0.253918
v 0.191739 2.442594 -0.171253
v 0.070994 2.476996 -0.124570
v -0.070994 2.476996 -0.124570
v -0.191740 2.442594 -0.171253
v -0.258922 2.384831 -0.253918
v -0.263198 2.289816 -0.345768
v -0.177457 2.262409 -0.432813
v -0.070307 2.258924 -0.473025
v 0.216583 1.456497 -0.755642
v 0.587162 1.502066 -0.530479
v 0.793517 1.609799 -0.152814
v 0.786952 1.777924 0.264560
v 0.572078 1.960429 0.610225
v 0.209895 2.080132 0.803652
v -0.209895 2.080132 0.803652
v -0.573909 1.960001 0.610403
v -0.786952 1.777924 0.264559
v -0.789468 1.610891 -0.153275
v -0.587162 1.502066 -0.530479
v -0.216583 1.456497 -0.755642
v 0.000000 2.024871 -0.078529
v 0.000000 2.362915 -0.665851
v 0.074489 2.501777 -0.613270
v 0.144668 2.500942 -0.487353
v -0.144668 2.500942 -0.487353
v -0.074489 2.501777 -0.613270
v -0.043504 2.553258 -0.629035
v -0.042451 2.652670 -0.439364
v -0.049567 2.455799 -0.599907
v -0.096414 2.458342 -0.513139
v 0.129225 2.576414 -0.495685
v -0.103975 2.624728 -0.454557
v -0.000000 2.441453 -0.590002
v -0.037172 2.438234 -0.520232
v 0.043504 2.553258 -0.629035
v 0.103975 2.624728 -0.454557
v 0.037172 2.438235 -0.520232
v -0.129225 2.576414 -0.495685
v 0.049567 2.455800 -0.599908
v 0.096414 2.458342 -0.513139
v 0.042451 2.652670 -0.439364
v 0.253580 1.359777 -0.966513
v 0.687861 1.410785 -0.685243
v 0.931631 1.538040 -0.214723
v 0.928076 1.745062 0.302871
v 0.249987 2.130912 0.965808
v -0.249988 2.130912 0.965808
v -0.680714 1.975838 0.729082
v -0.928076 1.745062 0.302871
v -0.687862 1.410785 -0.685243
v -0.253580 1.359778 -0.966512
v 0.251049 1.306818 -0.943851
v 0.680923 1.358659 -0.661132
v 0.922108 1.487207 -0.188036
v 0.918511 1.695467 0.332640
v 0.247413 2.082549 0.999984
v -0.247414 2.082549 0.999984
v -0.673691 1.927087 0.761617
v -0.918511 1.695467 0.332639
v -0.680924 1.358659 -0.661132
v -0.251049 1.306818 -0.943851
v 0.117990 1.987184 -0.501769
v 0.105151 2.006030 -0.465215
v 0.289353 2.031883 -0.374473
v 0.323963 2.015900 -0.399291
v 0.395866 2.083704 -0.218500
v 0.442118 2.074317 -0.224440
v 0.395991 2.153315 -0.042296
v 0.441207 2.153703 -0.028419
v 0.290142 2.222089 0.107183
v 0.322641 2.232545 0.136577
v 0.106129 2.265440 0.192137
v 0.117900 2.282330 0.229810
v -0.106129 2.265440 0.192137
v -0.117900 2.282330 0.229810
v -0.290142 2.222089 0.107183
v -0.322641 2.232545 0.136577
v -0.395991 2.153315 -0.042296
v -0.441207 2.153703 -0.028420
v -0.395866 2.083704 -0.218500
v -0.442118 2.074317 -0.224440
v -0.289353 2.031883 -0.374473
v -0.323963 2.015900 -0.399291
v -0.105151 2.006030 -0.465214
v -0.117990 1.987185 -0.501769
v 0.124833 1.889176 -0.517490
v 0.341441 1.920836 -0.400129
v 0.465472 1.986350 -0.200756
v 0.464612 2.077847 0.022368
v 0.339974 2.170646 0.209653
v 0.124390 2.229951 0.315261
v -0.124391 2.229950 0.315262
v -0.339976 2.170646 0.209653
v -0.464613 2.077847 0.022368
v -0.465473 1.986350 -0.200756
v -0.341442 1.920835 -0.400128
v -0.124835 1.889176 -0.517490
v 0.095478 2.270586 0.325494
v 0.116545 2.281447 0.333047
v 0.103196 2.292375 0.326652
v 0.092503 2.193868 0.372711
v 0.099019 2.184077 0.393165
v 0.112713 2.194246 0.386653
v 0.146219 2.257561 0.211612
v 0.138524 2.100159 0.308149
v -0.093336 2.272184 0.327662
v -0.100255 2.294125 0.328961
v -0.113655 2.283422 0.335672
v -0.092108 2.195431 0.374901
v -0.111661 2.196174 0.389303
v -0.098002 2.185782 0.395493
v -0.149852 2.259884 0.215051
v -0.144010 2.102419 0.311614
v 0.140787 2.315113 0.297113
v 0.121578 2.309334 0.315454
v 0.140195 2.293943 0.324431
v 0.156962 2.301629 0.304960
v 0.134576 2.179564 0.394684
v 0.115520 2.165537 0.403668
v 0.132870 2.146054 0.400774
v 0.149422 2.158153 0.393019
v -0.132700 2.148347 0.403955
v -0.114609 2.167536 0.406403
v -0.133615 2.181896 0.397849
v -0.149214 2.160738 0.396573
v -0.138442 2.317476 0.300264
v -0.154682 2.304287 0.308481
v -0.137269 2.296340 0.327571
v -0.118575 2.311390 0.318165
v 0.091287 2.218366 0.236724
v 0.088413 2.143106 0.283043
v -0.093769 2.144527 0.285261
v -0.095043 2.219822 0.238928
v 0.220143 2.025841 0.889597
v -0.223913 1.346940 -0.809945
v 0.601833 1.893323 0.679682
v -0.607771 1.396275 -0.564436
v 0.819757 1.695160 0.302700
v -0.220144 2.025841 0.889598
v 0.223913 1.346940 -0.809946
v -0.600282 1.893910 0.679441
v 0.607771 1.396276 -0.564435
v -0.819758 1.695160 0.302699
v 0.823478 1.512779 -0.152491
v -0.825608 1.511963 -0.152151
v 0.601310 2.008198 0.771415
v 0.727003 1.934021 0.649084
v 0.719234 1.885358 0.681582
v 0.595577 1.959316 0.804007
v -0.032002 2.389169 -0.666157
v -0.014750 2.398368 -0.683188
v 0.014751 2.398368 -0.683188
v 0.032002 2.389169 -0.666157
v 0.026134 2.380464 -0.647550
v 0.000000 2.376931 -0.638864
v -0.026134 2.380464 -0.647550
v -0.883648 1.513983 -0.308738
v -0.930927 1.579046 -0.112202
v -0.921400 1.528213 -0.085516
v -0.874922 1.463032 -0.282002
v 0.458741 2.001433 0.052049
v 0.815320 1.856493 0.227028
v 0.565443 2.049592 0.518977
v 0.406228 2.084341 0.310614
v 0.122969 2.153749 0.348319
v 0.217989 2.161918 0.765688
v 0.422984 2.101221 0.319396
v 0.566684 2.071654 0.503001
v 0.533641 2.028929 0.161594
v 0.745007 1.939449 0.256286
v 0.239228 2.158526 0.406271
v 0.286896 2.162885 0.645782
v -0.359966 1.836466 -0.430778
v -0.559302 1.634691 -0.586687
v -0.192273 1.814208 -0.518894
v -0.263352 1.602342 -0.755965
vn 0.1049 -0.9233 0.3696
vn 0.1027 -0.9124 0.3961
vn 0.1026 -0.9120 0.3972
vn 0.3439 0.7635 -0.5466
vn 0.4576 0.7938 -0.4007
vn 0.6116 0.6943 -0.3793
vn 0.4443 0.6899 -0.5715
vn 0.4384 0.8483 -0.2970
vn 0.6337 0.7507 -0.1868
vn 0.6885 0.3114 0.6550
vn 0.8445 0.1511 0.5139
vn 0.7113 0.2920 0.6394
vn -0.6362 0.7627 0.1167
vn -0.1331 0.9902 -0.0428
vn -0.3505 0.9284 -0.1233
vn -0.4593 0.8881 -0.0198
vn -0.1702 0.9835 0.0609
vn -0.0261 -0.8865 0.4619
vn -0.0236 -0.8868 0.4615
vn 0.0314 -0.8904 0.4542
vn 0.0347 -0.8904 0.4538
vn -0.4613 0.8505 -0.2528
vn -0.6159 0.7675 -0.1775
vn -0.4588 0.7930 -0.4007
vn -0.5849 0.7147 -0.3836
vn -0.5495 0.7748 -0.3126
vn -0.5441 0.6309 -0.5531
vn -0.1247 0.6448 -0.7542
vn -0.4175 0.3902 -0.8206
vn -0.1077 0.5292 -0.8416
vn 0.1209 0.8039 -0.5824
vn 0.1270 0.7516 -0.6473
vn 0.1586 0.7140 -0.6819
vn 0.6795 0.4636 0.5686
vn 0.9545 0.2155 0.2062
vn 0.9203 0.3783 0.0995
vn 0.6487 0.6471 0.4005
vn -0.2427 0.6233 0.7434
vn 0.2427 0.6233 0.7434
vn 0.2263 0.8262 0.5160
vn -0.2263 0.8262 0.5160
vn 0.9592 0.0104 -0.2825
vn 0.9240 0.1797 -0.3375
vn -0.6868 -0.0762 -0.7228
vn -0.9592 0.0104 -0.2825
vn -0.9240 0.1797 -0.3375
vn -0.6578 0.1252 -0.7427
vn -0.9545 0.2155 0.2062
vn -0.6795 0.4636 0.5686
vn -0.6487 0.6471 0.4005
vn -0.9203 0.3783 0.0995
vn 0.6868 -0.0762 -0.7228
vn 0.6578 0.1252 -0.7427
vn 0.2454 -0.0887 -0.9654
vn -0.2454 -0.0887 -0.9654
vn -0.2315 0.1488 -0.9614
vn 0.2315 0.1488 -0.9614
vn 0.5820 0.7271 0.3640
vn 0.6075 0.7294 0.3146
vn 0.2080 0.8437 0.4949
vn 0.2033 0.8246 0.5279
vn -0.8429 0.5375 0.0263
vn -0.8699 0.4909 -0.0489
vn -0.8458 0.2122 -0.4895
vn -0.8780 0.2963 -0.3760
vn 0.6502 0.0849 -0.7550
vn 0.5464 -0.0280 -0.8370
vn 0.8458 0.2122 -0.4895
vn 0.2245 -0.0167 -0.9743
vn -0.2245 -0.0167 -0.9743
vn -0.1753 -0.1265 -0.9764
vn 0.1753 -0.1265 -0.9764
vn -0.5820 0.7271 0.3640
vn -0.2033 0.8246 0.5279
vn -0.2080 0.8437 0.4949
vn -0.6075 0.7294 0.3146
vn -0.5464 -0.0280 -0.8370
vn -0.6502 0.0849 -0.7550
vn 0.8429 0.5375 0.0263
vn 0.8780 0.2963 -0.3760
vn 0.8699 0.4909 -0.0489
vn -0.0370 -0.9565 0.2893
vn 0.0370 -0.9565 0.2893
vn 0.0324 -0.9568 0.2891
vn -0.0324 -0.9568 0.2891
vn -0.0894 -0.9483 0.3046
vn -0.0844 -0.9499 0.3010
vn -0.1014 -0.9121 0.3973
vn -0.1011 -0.9116 0.3985
vn -0.0947 -0.8995 0.4264
vn 0.5581 -0.8203 -0.1250
vn 0.0001 -0.9289 0.3704
vn 0.2119 -0.9430 -0.2565
vn 0.0849 -0.8960 0.4359
vn 0.0817 -0.8950 0.4385
vn -0.8762 -0.3136 -0.3658
vn -0.7239 -0.3622 -0.5871
vn -0.7385 -0.3592 -0.5706
vn 0.4649 0.6382 -0.6137
vn 0.1564 0.6875 -0.7092
vn -0.0502 -0.8832 0.4662
vn -0.5186 0.8525 0.0659
vn -0.1844 0.9728 0.1402
vn -0.1546 0.6881 -0.7090
vn 0.7215 0.6818 -0.1206
vn 0.6934 0.6025 -0.3951
vn -0.2116 -0.9435 -0.2552
vn 0.0828 -0.9496 0.3024
vn 0.0795 -0.9508 0.2994
vn -0.7340 -0.6723 0.0960
vn -0.7329 -0.5771 0.3602
vn 0.5404 -0.5710 0.6180
vn 0.7233 -0.5869 0.3639
vn 0.1995 -0.5957 0.7780
vn 0.2025 0.8649 0.4592
vn -0.2025 0.8649 0.4592
vn -0.5538 -0.8236 -0.1222
vn 0.7322 -0.6742 0.0971
vn -0.1995 -0.5957 0.7780
vn -0.5432 -0.5667 0.6195
vn -0.8561 0.0357 -0.5156
vn -0.5606 -0.4649 -0.6853
vn -0.0000 -0.6057 0.7957
vn -0.3206 -0.5738 0.7537
vn -0.6220 -0.7039 0.3430
vn -0.0000 -0.7515 0.6598
vn 0.2974 0.5287 0.7950
vn -0.2974 0.5261 0.7967
vn -0.2791 0.5308 0.8002
vn 0.2775 0.5337 0.7989
vn 0.3633 0.5654 -0.7405
vn 0.8353 -0.0607 -0.5465
vn 0.8008 -0.4074 -0.4391
vn 0.3092 -0.0834 -0.9473
vn 0.3206 -0.5738 0.7537
vn 0.6220 -0.7039 0.3430
vn 0.7275 -0.6788 -0.1004
vn -0.7596 0.2804 0.5869
vn -0.9693 -0.0228 0.2450
vn -0.9605 0.0022 0.2784
vn -0.7329 0.3046 0.6084
vn -0.1194 0.8796 -0.4604
vn 0.1194 0.8796 -0.4604
vn -0.3633 0.5654 -0.7405
vn -0.7274 -0.6788 -0.1004
vn -0.8353 -0.0607 -0.5465
vn -0.8008 -0.4074 -0.4391
vn 0.5606 -0.4649 -0.6853
vn 0.8561 0.0357 -0.5156
vn -0.3092 -0.0834 -0.9473
vn -0.8004 0.5024 -0.3269
vn 0.5561 0.8300 -0.0444
vn 0.0928 -0.2374 -0.9670
vn 0.2053 -0.9710 -0.1227
vn -0.0000 -0.9899 -0.1415
vn -0.0928 -0.2374 -0.9670
vn -0.2053 -0.9710 -0.1227
vn -0.5561 0.8300 -0.0444
vn 0.8004 0.5024 -0.3269
vn -0.9864 -0.1500 0.0668
vn -0.2756 -0.4046 -0.8720
vn 0.2756 -0.4046 -0.8720
vn 0.2831 -0.4045 -0.8696
vn -0.2831 -0.4045 -0.8696
vn 0.9689 -0.0251 0.2462
vn 0.8876 0.1244 0.4434
vn 0.9602 -0.0008 0.2795
vn 0.7233 -0.3650 -0.5861
vn 0.9542 -0.2476 -0.1681
vn 0.9622 -0.2353 -0.1369
vn 0.7382 -0.3622 -0.5690
vn 0.4714 0.8819 0.0050
vn 0.1642 0.9844 0.0632
vn 0.1790 0.9746 0.1347
vn 0.3686 0.9231 0.1096
vn -0.4604 0.6422 -0.6129
vn -0.6234 0.5994 -0.5021
vn -0.7199 0.6831 -0.1228
vn 0.5506 0.4400 0.7094
vn -0.1063 -0.9327 0.3446
vn -0.1059 -0.9350 0.3386
vn 0.0927 -0.9458 0.3112
vn 0.0181 0.9147 -0.4038
vn -0.0181 0.9147 -0.4038
vn -0.0191 0.9148 -0.4036
vn 0.0191 0.9148 -0.4036
vn 0.1156 0.9030 -0.4138
vn 0.0481 0.8929 -0.4476
vn 0.0439 0.8927 -0.4486
vn 0.1115 0.9017 -0.4178
vn 0.1284 0.9157 -0.3807
vn 0.1292 0.9150 -0.3823
vn 0.1015 0.9225 -0.3723
vn 0.1018 0.9225 -0.3723
vn 0.0600 0.9203 -0.3865
vn 0.0580 0.9200 -0.3876
vn -0.0600 0.9203 -0.3865
vn -0.0580 0.9200 -0.3876
vn -0.1018 0.9225 -0.3723
vn -0.1015 0.9225 -0.3723
vn -0.1284 0.9157 -0.3807
vn -0.1292 0.9150 -0.3823
vn -0.1115 0.9017 -0.4178
vn -0.1156 0.9030 -0.4138
vn -0.0481 0.8929 -0.4476
vn -0.0439 0.8927 -0.4486
vn 0.1091 0.9927 -0.0518
vn 0.6996 -0.2633 -0.6642
vn 0.2547 -0.3096 -0.9161
vn -0.6996 -0.2633 -0.6642
vn -0.2547 -0.3096 -0.9161
vn -0.9627 -0.1485 -0.2262
vn -0.9628 0.0377 0.2677
vn -0.7005 0.2408 0.6717
vn -0.2552 0.3738 0.8917
vn 0.9627 -0.1485 -0.2262
vn 0.2552 0.3738 0.8917
vn 0.7005 0.2408 0.6718
vn 0.9628 0.0377 0.2677
vn 0.0850 0.6736 0.7342
vn -0.0560 0.6737 0.7368
vn -0.2815 0.7505 0.5979
vn 0.3142 0.7419 0.5924
vn 0.9934 -0.0920 -0.0680
vn 0.9998 0.0036 -0.0209
vn 0.0908 0.8283 -0.5528
vn -0.0914 0.8312 -0.5485
vn -0.3480 0.7980 -0.4921
vn 0.3565 0.7851 -0.5065
vn -0.9983 -0.0532 -0.0255
vn -0.0869 -0.8881 0.4514
vn 0.0815 -0.8907 0.4472
vn 0.3278 -0.8382 0.4359
vn -0.3269 -0.8299 0.4522
vn -0.0667 0.1964 0.9782
vn 0.0943 0.1943 0.9764
vn 0.1828 0.5784 0.7950
vn 0.1861 0.4530 0.8718
vn -0.3125 0.5671 0.7621
vn -0.3102 0.4052 0.8600
vn -0.0011 -0.8616 0.5077
vn -0.1546 0.4582 0.8753
vn -0.1532 0.5813 0.7991
vn 0.3406 0.3954 0.8531
vn 0.3452 0.5577 0.7549
vn -0.2835 0.1923 0.9395
vn -0.0627 0.3489 0.9351
vn 0.3124 0.1824 0.9323
vn 0.0897 0.3466 0.9337
vn 0.2392 0.8265 0.5096
vn 0.0957 0.7841 0.6132
vn 0.4487 0.6304 0.6334
vn 0.2268 0.0583 0.9722
vn 0.4431 0.2422 0.8631
vn -0.2021 0.0663 0.9771
vn -0.4142 0.2565 0.8733
vn -0.2128 0.8291 0.5170
vn -0.4197 0.6387 0.6449
vn -0.0673 0.7857 0.6149
vn 0.6942 0.6168 -0.3711
vn 0.3279 -0.8382 0.4359
vn 0.6549 -0.6605 0.3673
vn -0.3481 0.7980 -0.4920
vn -0.0914 0.8312 -0.5484
vn -0.6905 0.6388 -0.3393
vn -0.6577 -0.6392 0.3985
vn 0.0012 0.8699 -0.4933
vn -0.9986 0.0494 0.0178
vn 0.8781 -0.3218 0.3541
vn 0.6110 -0.3634 0.7033
vn -0.8858 -0.3016 0.3527
vn -0.9100 -0.4115 -0.0502
vn 0.9069 -0.4188 -0.0472
vn -0.6141 -0.3563 0.7042
vn 0.6808 -0.6393 -0.3575
vn 0.2135 -0.4300 0.8772
vn -0.6808 -0.6436 -0.3497
vn 0.2527 -0.8204 -0.5129
vn -0.2135 -0.4300 0.8772
vn -0.2524 -0.8219 -0.5106
vn 0.9993 -0.0200 0.0308
vn 0.9947 -0.0615 0.0827
vn 1.0000 0.0079 -0.0042
vn 0.0110 0.5791 0.8152
vn 0.0240 0.5525 0.8331
vn 0.0146 0.5717 0.8203
vn 0.6626 0.7489 0.0011
vn 0.0062 0.5887 0.8083
vn 0.9991 0.0297 -0.0315
vn -0.0000 -0.9570 -0.2902
vn -0.9307 0.1172 0.3465
vn -0.9353 0.0668 0.3475
vn -0.9328 0.0978 0.3470
vn -0.4448 -0.1752 -0.8783
vn -0.4833 -0.2612 -0.8356
vn -0.5067 -0.3185 -0.8011
vn -0.9373 0.0219 0.3477
vn -0.5573 -0.4654 -0.6876
vn -0.7586 0.6066 -0.2376
vn 0.4231 0.8577 -0.2920
vn 0.5285 0.8236 -0.2055
vn 0.4407 0.8964 -0.0477
vn 0.2809 0.9446 -0.1701
vn 0.2734 0.9484 -0.1608
vn 0.2546 0.9664 -0.0364
vn 0.2147 0.9733 -0.0812
vn 0.4196 0.8948 -0.1526
vn 0.3480 0.9310 -0.1100
vn 0.3488 0.9307 -0.1104
vn 0.2743 0.9593 -0.0669
vn -0.3144 0.6221 -0.7171
vn -0.2177 0.5498 -0.8064
vn -0.3213 0.6269 -0.7098
vn -0.4095 0.6835 -0.6043
vn 0.4726 0.1766 -0.8634
vn 0.5134 0.4333 0.7407
vn -0.1055 0.9076 -0.4064
vn 0.0782 0.8618 -0.5011
vn -0.7466 0.6507 0.1380
vn 0.0639 0.9878 -0.1417
vt 0.138114 0.555177
vt 0.132882 0.556709
vt 0.188106 0.685231
vt 0.193067 0.685231
vt 0.208039 0.643818
vt 0.199067 0.643818
vt 0.181596 0.700322
vt 0.188451 0.700186
vt 0.187952 0.702625
vt 0.181329 0.702737
vt 0.166919 0.708144
vt 0.169615 0.700199
vt 0.170150 0.702642
vt 0.167839 0.709758
vt 0.169592 0.685231
vt 0.161000 0.685231
vt 0.150039 0.643818
vt 0.165581 0.643818
vt 0.184317 0.555177
vt 0.185719 0.556709
vt 0.163388 0.556709
vt 0.164789 0.555177
vt 0.156040 0.685231
vt 0.141067 0.643818
vt 0.149601 0.698564
vt 0.134414 0.698159
vt 0.137105 0.702369
vt 0.148722 0.702369
vt 0.165226 0.645213
vt 0.179514 0.685231
vt 0.183526 0.643818
vt 0.687981 0.899243
vt 0.692906 0.899174
vt 0.691775 0.908986
vt 0.687148 0.909124
vt 0.669643 0.899282
vt 0.679464 0.899282
vt 0.679153 0.909201
vt 0.669953 0.909201
vt 0.692915 0.899085
vt 0.691792 0.908813
vt 0.661117 0.899015
vt 0.656191 0.899085
vt 0.657314 0.908813
vt 0.661945 0.908675
vt 0.656200 0.899174
vt 0.661125 0.899243
vt 0.661959 0.909124
vt 0.657331 0.908986
vt 0.687989 0.899015
vt 0.687162 0.908675
vt 0.679456 0.898999
vt 0.669651 0.898999
vt 0.669969 0.908643
vt 0.679138 0.908643
vt 0.185878 0.646674
vt 0.181663 0.692110
vt 0.177168 0.693273
vt 0.178695 0.646665
vt 0.159103 0.646693
vt 0.164876 0.689932
vt 0.164854 0.687166
vt 0.159128 0.646707
vt 0.185806 0.620862
vt 0.181618 0.658446
vt 0.184252 0.687166
vt 0.178636 0.620897
vt 0.170470 0.620897
vt 0.172063 0.657110
vt 0.177044 0.657110
vt 0.163229 0.646674
vt 0.170411 0.646665
vt 0.171939 0.693273
vt 0.167443 0.692110
vt 0.167489 0.658446
vt 0.163300 0.620862
vt 0.190003 0.646693
vt 0.189978 0.646707
vt 0.184231 0.689932
vt 0.201229 0.555177
vt 0.205059 0.556709
vt 0.210993 0.555177
vt 0.216225 0.556709
vt 0.207129 0.556709
vt 0.150075 0.566517
vt 0.174553 0.600984
vt 0.165593 0.566517
vt 0.147878 0.555177
vt 0.144047 0.556709
vt 0.135334 0.599425
vt 0.144228 0.599425
vt 0.144047 0.591319
vt 0.135087 0.591319
vt 0.204878 0.626827
vt 0.185653 0.626827
vt 0.201495 0.556709
vt 0.144228 0.626827
vt 0.163453 0.626827
vt 0.215978 0.626827
vt 0.183513 0.566517
vt 0.207991 0.566517
vt 0.141116 0.566517
vt 0.175995 0.725042
vt 0.173112 0.725042
vt 0.199031 0.566517
vt 0.169916 0.713600
vt 0.171069 0.682856
vt 0.174553 0.659521
vt 0.172745 0.661363
vt 0.173476 0.645605
vt 0.174553 0.644953
vt 0.185653 0.599425
vt 0.163453 0.599425
vt 0.163388 0.591319
vt 0.185719 0.591319
vt 0.175603 0.718374
vt 0.176879 0.713055
vt 0.175795 0.703182
vt 0.175165 0.704406
vt 0.176362 0.661363
vt 0.175631 0.645605
vt 0.176362 0.682727
vt 0.175631 0.666969
vt 0.133129 0.599425
vt 0.132882 0.591319
vt 0.173503 0.718374
vt 0.172745 0.682727
vt 0.172228 0.713055
vt 0.173312 0.703182
vt 0.173476 0.666969
vt 0.178037 0.682856
vt 0.179191 0.713600
vt 0.173942 0.704406
vt 0.169941 0.718817
vt 0.178082 0.722425
vt 0.175877 0.678399
vt 0.175877 0.660408
vt 0.174553 0.662894
vt 0.176362 0.664736
vt 0.173230 0.678399
vt 0.173230 0.660408
vt 0.171025 0.722425
vt 0.179166 0.718817
vt 0.171069 0.664865
vt 0.172745 0.664736
vt 0.215978 0.599425
vt 0.206948 0.599425
vt 0.207129 0.591319
vt 0.216225 0.591319
vt 0.204878 0.599425
vt 0.205059 0.591319
vt 0.201314 0.626827
vt 0.135334 0.626827
vt 0.133129 0.626827
vt 0.201314 0.599425
vt 0.201495 0.591319
vt 0.135087 0.556709
vt 0.678695 0.955831
vt 0.670411 0.955831
vt 0.669953 0.956076
vt 0.679153 0.956076
vt 0.687162 0.955550
vt 0.679138 0.955518
vt 0.678636 0.955939
vt 0.685807 0.955899
vt 0.691792 0.955688
vt 0.689978 0.955880
vt 0.690003 0.955863
vt 0.691775 0.955861
vt 0.687148 0.955999
vt 0.685878 0.955841
vt 0.661959 0.955999
vt 0.663229 0.955841
vt 0.657331 0.955861
vt 0.659103 0.955863
vt 0.657314 0.955688
vt 0.659128 0.955880
vt 0.663300 0.955899
vt 0.661945 0.955550
vt 0.669969 0.955518
vt 0.670470 0.955939
vt 0.688106 0.858470
vt 0.679514 0.858470
vt 0.661000 0.858470
vt 0.669592 0.858470
vt 0.656040 0.858470
vt 0.693067 0.858470
vt 0.415755 0.903647
vt 0.451968 0.903214
vt 0.450721 0.909804
vt 0.416934 0.910202
vt 0.461800 0.952158
vt 0.461360 0.896803
vt 0.459426 0.898143
vt 0.459895 0.958850
vt 0.417231 0.918934
vt 0.416934 0.889324
vt 0.416539 0.893602
vt 0.416827 0.922649
vt 0.459895 0.979727
vt 0.407382 0.980359
vt 0.409575 0.978578
vt 0.458865 0.977989
vt 0.407382 0.959481
vt 0.406911 0.898775
vt 0.406146 0.897468
vt 0.406583 0.952823
vt 0.406911 0.877897
vt 0.459426 0.877266
vt 0.458369 0.871041
vt 0.409081 0.871630
vt 0.412556 0.896860
vt 0.455085 0.896352
vt 0.413329 0.907763
vt 0.413651 0.941413
vt 0.409554 0.946714
vt 0.409179 0.902581
vt 0.451009 0.918536
vt 0.450270 0.922255
vt 0.454753 0.940925
vt 0.454440 0.907276
vt 0.458525 0.901986
vt 0.458903 0.946119
vt 0.451009 0.939414
vt 0.452330 0.944986
vt 0.417231 0.939812
vt 0.416117 0.945419
vt 0.458865 0.967550
vt 0.455525 0.962242
vt 0.458903 0.956558
vt 0.461800 0.962597
vt 0.458525 0.912425
vt 0.455085 0.906791
vt 0.458369 0.902357
vt 0.461360 0.907242
vt 0.409081 0.902946
vt 0.412556 0.907299
vt 0.409179 0.913020
vt 0.406146 0.907907
vt 0.409575 0.968139
vt 0.406583 0.963262
vt 0.409554 0.957153
vt 0.412995 0.962750
vt 0.461800 0.973036
vt 0.461360 0.875925
vt 0.406583 0.973701
vt 0.406146 0.876591
vt 0.455525 0.951803
vt 0.412995 0.952311
vt 0.450721 0.888926
vt 0.449979 0.893208
vt 0.150075 0.546154
vt 0.141116 0.546154
vt 0.138114 0.534814
vt 0.147878 0.534814
vt 0.207991 0.546154
vt 0.210993 0.534814
vt 0.199031 0.546154
vt 0.201229 0.534814
vt 0.164789 0.534814
vt 0.165593 0.546154
vt 0.183513 0.546154
vt 0.184317 0.534814
vt 0.201314 0.564815
vt 0.201229 0.589787
vt 0.206948 0.626827
vt 0.199067 0.613335
vt 0.199067 0.578725
vt 0.174553 0.666317
vt 0.174553 0.665555
vt 0.178037 0.664865
vt 0.141067 0.578725
vt 0.135334 0.564815
vt 0.141067 0.613335
vt 0.138114 0.589787
vt 0.193983 0.678249
vt 0.204076 0.650801
vt 0.197221 0.651267
vt 0.189767 0.677786
vt 0.185240 0.650844
vt 0.182544 0.678209
vt 0.178820 0.740921
vt 0.174715 0.739772
vt 0.181329 0.709393
vt 0.187952 0.709117
vt 0.167839 0.740903
vt 0.170150 0.709159
vt 0.174142 0.708021
vt 0.174715 0.709300
vt 0.178358 0.708156
vt 0.178820 0.709765
vt 0.188451 0.683330
vt 0.178358 0.702978
vt 0.178820 0.706948
vt 0.187952 0.689341
vt 0.145658 0.745429
vt 0.151852 0.745429
vt 0.148722 0.708486
vt 0.137105 0.708486
vt 0.145375 0.710183
vt 0.145658 0.711594
vt 0.153967 0.710183
vt 0.151852 0.711594
s 1
usemtl mage
f 1566/1145/1660 1564/1145/1661 1480/1146/1662 1580/1146/1660
f 1396/1147/1663 1398/1148/1664 1399/1149/1665 1397/1150/1666
f 1398/1148/1664 1582/1148/1667 1583/1149/1668 1399/1149/1665
f 1584/1151/1669 1401/1152/1670 1591/1153/1670 1589/1154/1671
f 1404/1155/1672 1405/1156/1672 1593/1157/1672 1592/1158/1672
f 1406/1159/1673 1408/1160/1674 1409/1161/1675 1407/1162/1676
f 1555/1163/1677 1477/1164/1678 1478/1165/1679 1560/1166/1680
f 1408/1160/1674 1410/1167/1681 1411/1168/1682 1409/1161/1675
f 1410/1167/1681 1412/1167/1683 1413/1168/1684 1411/1168/1682
f 1412/1167/1683 1414/1160/1685 1415/1161/1686 1413/1168/1684
f 1417/1169/1687 1415/1170/1686 1595/1171/1688 1597/1172/1689
f 1417/1173/1687 1416/1159/1690 1394/1174/1691 1395/1175/1692
f 1511/1176/1693 1510/1177/1694 1490/1178/1695 1492/1179/1696
f 1513/1180/1697 1512/1181/1698 1494/1182/1699 1496/1183/1700
f 1510/1177/1694 1509/1184/1701 1488/1185/1702 1490/1178/1695
f 1517/1186/1703 1516/1187/1704 1502/1188/1705 1504/1189/1706
f 1512/1181/1698 1511/1176/1693 1492/1179/1696 1494/1182/1699
f 1515/1190/1707 1514/1191/1708 1498/1192/1709 1500/1193/1710
f 1509/1184/1701 1508/1194/1711 1486/1195/1712 1488/1185/1702
f 1514/1191/1708 1513/1180/1697 1496/1183/1700 1498/1192/1709
f 1516/1187/1704 1515/1190/1707 1500/1193/1710 1502/1188/1705
f 1507/1196/1713 1518/1197/1714 1506/1198/1715 1483/1199/1716
f 1517/1186/1703 1504/1189/1706 1506/1198/1715 1518/1197/1714
f 1508/1194/1711 1507/1196/1713 1483/1199/1716 1486/1195/1712
f 1491/1200/1717 1422/1201/1718 1423/1202/1719 1493/1203/1720
f 1499/1204/1721 1426/1205/1722 1427/1206/1723 1501/1207/1724
f 1485/1208/1725 1419/1209/1726 1420/1210/1727
f 1484/1211/1728 1505/1212/1729 1429/1213/1730 1418/1214/1731
f 1497/1215/1732 1495/1216/1733 1424/1217/1734 1425/1218/1735
f 1427/1206/1723 1428/1219/1736 1503/1220/1737
f 1489/1221/1738 1487/1222/1739 1420/1210/1727 1421/1223/1740
f 1394/1174/1691 1396/1147/1663 1397/1150/1666 1395/1175/1692
f 1505/1212/1729 1503/1220/1737 1428/1219/1736
f 1491/1200/1717 1489/1221/1738 1421/1223/1740 1422/1201/1718
f 1499/1204/1721 1497/1215/1732 1425/1218/1735 1426/1205/1722
f 1561/1163/1741 1556/1166/1742 1482/1165/1743 1473/1164/1744
f 1563/1224/1745 1561/1163/1741 1473/1164/1744 1474/1225/1746
f 1559/1226/1747 1476/1227/1748 1569/1228/1749 1557/1224/1749
f 1437/1229/1750 1442/1230/1751 1436/1231/1752
f 1562/1232/1753 1560/1166/1680 1478/1165/1679 1479/1233/1754
f 1578/1234/1755 1471/1235/1756 1481/1236/1757 1581/1237/1755
f 1395/1175/1692 1397/1150/1666 1464/1238/1758 1463/1239/1759
f 1557/1224/1760 1570/1240/1760 1477/1164/1678 1555/1163/1677
f 1407/1162/1676 1409/1161/1675 1469/1241/1761 1468/1242/1762
f 1395/1175/1692 1463/1239/1759 1472/1242/1763 1417/1173/1687
f 1399/1149/1665 1583/1149/1668 1466/1243/1764 1465/1243/1765
f 1435/1244/1766 1436/1231/1752 1442/1230/1751
f 1558/1232/1767 1481/1233/1768 1482/1165/1743 1556/1166/1742
f 1433/1245/1769 1442/1230/1751 1432/1245/1770
f 1440/1229/1771 1442/1230/1751 1439/1246/1772
f 1441/1231/1773 1442/1230/1751 1440/1229/1771
f 1424/1217/1734 1423/1202/1719 1462/1247/1774 1449/1248/1775
f 1434/1249/1776 1442/1230/1751 1433/1245/1769
f 1438/1246/1777 1442/1230/1751 1437/1229/1750
f 1442/1230/1751 1441/1231/1773 1430/1244/1778
f 1435/1244/1766 1442/1230/1751 1434/1249/1776
f 1439/1246/1772 1442/1230/1751 1438/1246/1777
f 1432/1245/1770 1442/1230/1751 1431/1249/1779
f 1446/1250/1780 1451/1251/1781 1428/1219/1736
f 1454/1252/1782 1450/1253/1783 1577/1254/1784 1576/1255/1785
f 1467/1256/1786 1468/1257/1787 1478/1258/1788 1477/1259/1789
f 1456/1260/1790 1444/1261/1791 1574/1262/1792 1573/1263/1793
f 1460/1264/1794 1454/1252/1782 1576/1255/1785 1575/1265/1795
f 1460/1266/1796 1575/1267/1795 1574/1262/1792 1444/1261/1791
f 1469/1235/1797 1470/1268/1798 1480/1269/1799 1479/1236/1800
f 1449/1248/1801 1462/1247/1802 1456/1260/1790 1448/1270/1803
f 1450/1271/1804 1447/1272/1805 1571/1273/1806 1577/1274/1784
f 1419/1209/1726 1461/1275/1807 1445/1276/1808
f 1456/1260/1790 1573/1263/1793 1572/1277/1809 1448/1270/1803
f 1461/1275/1807 1460/1266/1796 1444/1261/1791
f 1451/1251/1781 1446/1250/1780 1447/1272/1805
f 1426/1205/1722 1459/1278/1810 1446/1250/1780 1427/1206/1723
f 1446/1250/1780 1459/1278/1810 1447/1272/1805
f 1422/1201/1718 1457/1279/1811 1462/1247/1774 1423/1202/1719
f 1462/1247/1802 1457/1279/1811 1456/1260/1790
f 1418/1214/1731 1458/1280/1812 1461/1275/1807
f 1458/1281/1813 1454/1282/1814 1460/1283/1796
f 1429/1213/1730 1455/1284/1815 1458/1280/1812 1418/1214/1731
f 1458/1281/1813 1455/1285/1816 1454/1282/1814
f 1425/1218/1735 1453/1286/1817 1459/1278/1810 1426/1205/1722
f 1459/1278/1810 1453/1286/1817 1448/1270/1803
f 1421/1223/1740 1452/1287/1818 1457/1279/1811 1422/1201/1718
f 1452/1287/1818 1444/1261/1791 1456/1260/1790
f 1451/1251/1781 1455/1284/1815 1429/1213/1730
f 1455/1285/1816 1451/1288/1781 1450/1289/1804
f 1424/1217/1734 1449/1248/1775 1453/1286/1817 1425/1218/1735
f 1453/1286/1817 1449/1248/1801 1448/1270/1803
f 1420/1210/1727 1445/1276/1808 1452/1287/1818 1421/1223/1740
f 1452/1287/1818 1445/1276/1808 1444/1261/1791
f 1470/1268/1798 1579/1268/1819 1580/1269/1819 1480/1269/1799
f 1472/1257/1820 1463/1256/1821 1473/1259/1822 1482/1258/1823
f 1466/1290/1824 1568/1291/1825 1569/1292/1825 1476/1293/1826
f 1464/1294/1827 1465/1290/1828 1475/1293/1829 1474/1295/1830
f 1403/1150/1831 1587/1175/1832 1467/1239/1833 1567/1296/1834
f 1468/1257/1787 1469/1235/1797 1479/1236/1800 1478/1258/1788
f 1413/1168/1684 1415/1161/1686 1471/1241/1835 1578/1297/1836
f 1465/1290/1828 1466/1290/1824 1476/1293/1826 1475/1293/1829
f 1463/1256/1821 1464/1294/1827 1474/1295/1830 1473/1259/1822
f 1587/1175/1832 1407/1162/1676 1468/1242/1762 1467/1239/1833
f 1471/1235/1756 1472/1257/1820 1482/1258/1823 1481/1236/1757
f 1409/1161/1675 1411/1168/1682 1470/1298/1837 1469/1241/1761
f 1567/1299/1838 1467/1256/1786 1477/1259/1789 1570/1300/1838
f 1564/1145/1661 1562/1232/1753 1479/1233/1754 1480/1146/1662
f 1397/1150/1666 1399/1149/1665 1465/1243/1765 1464/1238/1758
f 1565/1226/1839 1563/1224/1745 1474/1225/1746 1475/1227/1840
f 1415/1161/1686 1417/1173/1687 1472/1242/1763 1471/1241/1835
f 1558/1232/1767 1566/1145/1841 1581/1301/1841 1481/1233/1768
f 1559/1226/1747 1565/1226/1839 1475/1227/1840 1476/1227/1748
f 1493/1302/1842 1495/1303/1843 1496/1304/1844 1494/1305/1845
f 1486/1306/1846 1483/1307/1847 1484/1308/1848 1485/1309/1849
f 1488/1310/1850 1486/1306/1846 1485/1309/1849 1487/1311/1851
f 1487/1311/1851 1489/1312/1852 1490/1313/1853 1488/1310/1850
f 1492/1314/1854 1490/1313/1853 1489/1312/1852 1491/1315/1855
f 1494/1305/1845 1492/1314/1854 1491/1315/1855 1493/1302/1842
f 1498/1316/1856 1496/1304/1844 1495/1303/1843 1497/1317/1857
f 1493/1203/1720 1423/1202/1719 1424/1217/1734 1495/1216/1733
f 1500/1318/1858 1498/1316/1856 1497/1317/1857 1499/1319/1859
f 1502/1320/1860 1500/1318/1858 1499/1319/1859 1501/1321/1861
f 1501/1321/1861 1503/1322/1862 1504/1323/1863 1502/1320/1860
f 1506/1324/1864 1504/1323/1863 1503/1322/1862 1505/1325/1865
f 1483/1307/1847 1506/1324/1864 1505/1325/1865 1484/1308/1848
f 1484/1211/1728 1418/1214/1731 1419/1209/1726
f 1586/1174/1866 1406/1159/1673 1407/1162/1676 1587/1175/1832
f 1396/1326/1867 1394/1327/1868 1507/1196/1713 1508/1194/1711
f 1414/1328/1869 1517/1186/1703 1518/1197/1714 1416/1329/1870
f 1394/1327/1868 1416/1329/1870 1518/1197/1714 1507/1196/1713
f 1412/1330/1871 1410/1330/1872 1515/1190/1707 1516/1187/1704
f 1408/1328/1873 1406/1329/1874 1513/1180/1697 1514/1191/1708
f 1398/1331/1875 1396/1326/1867 1508/1194/1711 1509/1184/1701
f 1410/1330/1872 1408/1328/1873 1514/1191/1708 1515/1190/1707
f 1586/1327/1876 1402/1326/1877 1511/1176/1693 1512/1181/1698
f 1414/1328/1869 1412/1330/1871 1516/1187/1704 1517/1186/1703
f 1582/1331/1878 1398/1331/1875 1509/1184/1701 1510/1177/1694
f 1406/1329/1874 1586/1327/1876 1512/1181/1698 1513/1180/1697
f 1402/1326/1877 1582/1331/1878 1510/1177/1694 1511/1176/1693
f 1447/1272/1805 1459/1278/1810 1448/1270/1803
f 1457/1279/1811 1452/1287/1818 1456/1260/1790
f 1445/1276/1808 1461/1275/1807 1444/1261/1791
f 1450/1271/1804 1451/1251/1781 1447/1272/1805
f 1427/1206/1723 1446/1250/1780 1428/1219/1736
f 1420/1210/1727 1419/1209/1726 1445/1276/1808
f 1419/1209/1726 1418/1214/1731 1461/1275/1807
f 1428/1219/1736 1451/1251/1781 1429/1213/1730
f 1501/1207/1724 1427/1206/1723 1503/1220/1737
f 1487/1222/1739 1485/1208/1725 1420/1210/1727
f 1485/1208/1725 1484/1211/1728 1419/1209/1726
f 1429/1213/1730 1505/1212/1729 1428/1219/1736
f 1532/1332/1879 1523/1333/1880 1522/1334/1881 1530/1335/1882
f 1538/1336/1883 1542/1337/1883 1526/1338/1883 1525/1339/1883
f 1527/1340/1884 1530/1341/1884 1553/1342/1884 1554/1343/1884
f 1525/1344/1885 1533/1345/1886 1547/1346/1887 1535/1347/1888
f 1533/1348/1889 1534/1349/1889 1546/1350/1889 1548/1351/1889
f 1534/1352/1890 1526/1353/1891 1541/1354/1892 1543/1355/1893
f 1523/1333/1880 1532/1332/1879 1544/1356/1894 1540/1357/1895
f 1531/1358/1896 1529/1359/1897 1549/1360/1898 1545/1361/1899
f 1519/1362/1900 1527/1340/1900 1554/1343/1900 1551/1363/1900
f 1520/1364/1901 1524/1365/1902 1539/1366/1903 1537/1367/1904
f 1519/1368/1905 1520/1364/1901 1521/1369/1906
f 1522/1334/1881 1523/1333/1880 1524/1365/1902
f 1527/1370/1907 1528/1371/1908 1529/1359/1897
f 1530/1335/1882 1531/1358/1896 1532/1332/1879
f 1535/1372/1909 1536/1373/1910 1537/1374/1904 1538/1375/1911
f 1539/1376/1903 1540/1377/1895 1541/1378/1912 1542/1379/1913
f 1543/1380/1914 1544/1381/1894 1545/1382/1899 1546/1383/1915
f 1547/1384/1916 1548/1385/1917 1549/1386/1898 1550/1387/1918
f 1525/1344/1885 1535/1347/1888 1538/1388/1919
f 1537/1374/1904 1539/1376/1903 1542/1379/1913 1538/1375/1911
f 1541/1354/1920 1526/1353/1891 1542/1389/1921
f 1547/1346/1922 1533/1345/1923 1548/1390/1924
f 1534/1352/1890 1543/1355/1893 1546/1391/1925
f 1545/1382/1899 1549/1386/1898 1548/1385/1917 1546/1383/1915
f 1528/1371/1908 1521/1369/1906 1536/1392/1910 1550/1393/1918
f 1530/1341/1926 1522/1394/1926 1552/1395/1926 1553/1342/1926
f 1519/1368/1905 1522/1334/1881 1524/1365/1902 1520/1364/1901
f 1530/1335/1882 1527/1370/1907 1529/1359/1897 1531/1358/1896
f 1535/1372/1909 1547/1384/1916 1550/1387/1918 1536/1373/1910
f 1543/1380/1914 1541/1378/1912 1540/1377/1895 1544/1381/1894
f 1536/1392/1910 1521/1369/1906 1520/1364/1901 1537/1367/1904
f 1523/1333/1880 1540/1357/1895 1539/1366/1903 1524/1365/1902
f 1544/1356/1894 1532/1332/1879 1531/1358/1896 1545/1361/1899
f 1528/1371/1908 1550/1393/1918 1549/1360/1898 1529/1359/1897
f 1522/1394/1927 1519/1362/1927 1551/1363/1927 1552/1395/1927
f 1521/1369/1906 1528/1371/1908 1527/1370/1907 1519/1368/1905
f 1440/1396/1771 1439/1397/1772 1566/1398/1928 1558/1399/1929
f 1433/1400/1769 1432/1400/1770 1565/1401/1930 1559/1401/1931
f 1439/1397/1772 1438/1397/1777 1564/1398/1932 1566/1398/1928
f 1432/1400/1770 1431/1402/1779 1563/1403/1933 1565/1401/1930
f 1438/1397/1777 1437/1396/1750 1562/1399/1934 1564/1398/1932
f 1440/1396/1771 1558/1399/1929 1556/1404/1935 1441/1405/1773
f 1433/1400/1769 1559/1401/1931 1557/1403/1936 1434/1402/1776
f 1437/1396/1750 1436/1405/1752 1560/1404/1937 1562/1399/1934
f 1431/1402/1779 1430/1406/1778 1561/1407/1938 1563/1403/1933
f 1430/1406/1778 1441/1405/1773 1556/1404/1935 1561/1407/1938
f 1434/1402/1776 1557/1403/1936 1555/1407/1939 1435/1406/1766
f 1435/1406/1766 1555/1407/1939 1560/1404/1937 1436/1405/1752
f 1431/1249/1779 1442/1230/1751 1430/1244/1778
f 1567/1408/1940 1570/1240/1941 1557/1224/1942
f 1557/1409/1943 1569/1292/1944 1568/1291/1945
f 1583/1149/1668 1403/1150/1831 1568/1410/1946 1466/1243/1764
f 1403/1411/1947 1557/1409/1943 1568/1291/1945
f 1403/1412/1948 1567/1408/1940 1557/1224/1942
f 1576/1413/1785 1577/1274/1784 1443/1414/1949
f 1447/1272/1805 1448/1270/1803 1572/1277/1809 1571/1273/1806
f 1574/1262/1792 1575/1267/1795 1443/1414/1949
f 1572/1277/1809 1573/1263/1793 1443/1414/1949
f 1577/1274/1784 1571/1273/1806 1443/1414/1949
f 1575/1267/1795 1576/1413/1785 1443/1414/1949
f 1573/1263/1793 1574/1262/1792 1443/1414/1949
f 1571/1273/1806 1572/1277/1809 1443/1414/1949
f 1461/1415/1807 1458/1281/1813 1460/1283/1796
f 1454/1282/1814 1455/1285/1816 1450/1289/1804
f 1413/1416/1950 1578/1417/1951 1566/1145/1952
f 1413/1418/1953 1566/1419/1954 1579/1268/1955
f 1578/1417/1951 1581/1301/1956 1566/1145/1952
f 1566/1419/1954 1580/1269/1957 1579/1268/1955
f 1411/1168/1682 1413/1168/1684 1579/1298/1958 1470/1298/1837
f 1400/1420/1959 1401/1421/1960 1583/1149/1668 1582/1148/1667
f 1401/1421/1960 1584/1422/1961 1403/1150/1831 1583/1149/1668
f 1585/1423/1962 1400/1420/1959 1582/1148/1667 1402/1147/1963
f 1405/1424/1964 1404/1425/1965 1586/1174/1866 1587/1175/1832
f 1404/1425/1965 1585/1423/1962 1402/1147/1963 1586/1174/1866
f 1584/1422/1961 1405/1424/1964 1587/1175/1832 1403/1150/1831
f 1590/1426/1966 1588/1427/1967 1589/1428/1968 1591/1429/1966
f 1588/1427/1967 1592/1430/1969 1593/1431/1969 1589/1428/1968
f 1585/1432/1970 1404/1155/1971 1592/1158/1971 1588/1433/1972
f 1400/1434/1973 1585/1432/1970 1588/1433/1972 1590/1435/1973
f 1401/1436/1974 1400/1437/1974 1590/1438/1974 1591/1439/1974
f 1405/1156/1975 1584/1151/1669 1589/1154/1671 1593/1157/1975
f 1594/1440/1976 1596/1441/1977 1597/1442/1689 1595/1443/1688
f 1415/1170/1686 1414/1444/1685 1594/1445/1978 1595/1171/1978
f 1414/1444/1979 1416/1446/1690 1596/1447/1977 1594/1445/1976
f 1416/1446/1690 1417/1169/1687 1597/1172/1689 1596/1447/1977
o Mage_ArmLeft
v 0.157360 1.185870 0.081038
v 0.157362 1.185870 -0.081040
v 0.157360 1.023793 0.081038
v 0.157362 1.023793 -0.081040
v 0.934773 1.021092 0.079652
v 0.934774 1.180398 0.079652
v 0.934773 1.021092 -0.079654
v 0.934774 1.180398 -0.079654
v 0.798557 1.024631 0.078654
v 0.798557 1.176906 0.078654
v 0.798556 1.024631 -0.078045
v 0.798556 1.176906 -0.078045
v 0.462370 1.185436 0.080608
v 0.157362 1.208662 -0.044319
v 0.157361 1.208662 0.044317
v 0.462369 1.185436 -0.080602
v 0.157362 1.060513 -0.103832
v 0.157362 1.149150 -0.103832
v 0.462369 1.024226 -0.080602
v 0.157360 1.001000 0.044317
v 0.157361 1.001001 -0.044319
v 0.462370 1.024226 0.080608
v 0.157360 1.149150 0.103830
v 0.157360 1.060513 0.103830
v 0.946392 1.009473 -0.046368
v 0.946392 1.009473 0.046366
v 0.946392 1.055393 0.091271
v 0.946392 1.147457 0.091271
v 0.946392 1.192017 0.046367
v 0.946393 1.192017 -0.046368
v 0.946392 1.147457 -0.091273
v 0.946392 1.055393 -0.091273
v 0.835221 1.009473 -0.091273
v 0.110916 1.186144 0.041951
v 0.904604 1.009473 -0.091273
v 0.904604 1.192017 -0.091273
v 0.110917 1.186144 -0.041954
v 0.835221 1.192017 -0.091273
v 0.798556 1.145419 -0.089473
v 0.798556 1.057418 -0.089473
v 0.798557 1.013525 0.045913
v 0.798556 1.013525 -0.045304
v 0.798556 1.188012 -0.045304
v 0.798557 1.188012 0.045913
v 0.798557 1.145419 0.090083
v 0.798557 1.057418 0.090083
v 0.904604 1.009473 0.091271
v 0.110916 1.024094 -0.041954
v 0.835221 1.009473 0.091271
v 0.835222 1.192017 0.091271
v 0.110915 1.024094 0.041951
v 0.904605 1.192017 0.091271
v 0.462609 1.208112 0.044082
v 0.462609 1.208112 -0.044077
v 0.462608 1.148910 -0.103279
v 0.462608 1.060752 -0.103279
v 0.462609 1.001549 -0.044077
v 0.462609 1.001549 0.044082
v 0.462609 1.060752 0.103284
v 0.462610 1.148910 0.103284
v 0.971253 1.055393 0.046367
v 0.971253 1.147456 0.046367
v 0.971253 1.055393 -0.046368
v 0.971253 1.147456 -0.046368
v 0.904604 1.055393 -0.116134
v 0.904604 1.147457 -0.116134
v 0.110917 1.063166 -0.081026
v 0.110917 1.147072 -0.081026
v 0.835221 1.055393 -0.116134
v 0.835221 1.147457 -0.116134
v 0.088846 1.149831 0.044710
v 0.835221 1.055393 0.116132
v 0.088846 1.060408 0.044710
v 0.835222 1.147457 0.116132
v 0.088847 1.149831 -0.044713
v 0.904604 1.055393 0.116132
v 0.088846 1.060408 -0.044713
v 0.904605 1.147457 0.116132
v 0.904604 0.984612 -0.046368
v 0.121231 1.175830 -0.070712
v 0.835221 0.984612 -0.046369
v 0.904604 0.984612 0.046366
v 0.121231 1.034408 -0.070712
v 0.835221 0.984612 0.046366
v 0.835221 1.206181 -0.046369
v 0.121229 1.175830 0.070710
v 0.904605 1.206181 -0.046368
v 0.110915 1.063166 0.081024
v 0.110915 1.147072 0.081024
v 0.835221 1.206181 0.046366
v 0.121229 1.034408 0.070710
v 0.904605 1.206181 0.046366
v 0.775529 1.218548 0.104377
v 0.775527 1.218548 -0.104378
v 0.775527 0.991189 -0.104378
v 0.775529 0.991189 0.104377
v 0.775529 1.252454 0.052476
v 0.775528 1.252454 -0.052477
v 0.775527 1.162022 -0.135510
v 0.775527 1.047715 -0.135510
v 0.775527 0.957283 -0.052477
v 0.775528 0.957283 0.052476
v 0.775529 1.047715 0.135508
v 0.775529 1.162022 0.135508
v 0.544741 1.183917 0.079088
v 0.544740 1.183917 -0.079085
v 0.544739 1.025744 -0.079085
v 0.544741 1.025744 0.079088
v 0.544861 1.206189 0.043245
v 0.544860 1.206189 -0.043241
v 0.544859 1.148074 -0.101356
v 0.544859 1.061588 -0.101356
v 0.544860 1.003473 -0.043241
v 0.544860 1.003473 0.043245
v 0.544861 1.061588 0.101360
v 0.544861 1.148074 0.101360
v 0.157362 1.104831 -0.103832
v 0.157360 1.104831 0.103830
v 0.946392 1.103134 0.091271
v 0.946392 1.103134 -0.091273
v 0.798556 1.103052 -0.089473
v 0.798557 1.103052 0.090083
v 0.462608 1.103134 -0.103279
v 0.462610 1.103134 0.103284
v 0.971253 1.103133 0.046367
v 0.971253 1.103133 -0.046368
v 0.904604 1.103134 -0.116134
v 0.835221 1.103134 -0.116134
v 0.088847 1.105119 -0.044713
v 0.835221 1.103134 0.116132
v 0.904604 1.103134 0.116132
v 0.110917 1.105119 -0.081026
v 0.088846 1.105119 0.044710
v 0.110915 1.105119 0.081024
v 0.775527 1.102919 -0.135510
v 0.775529 1.102919 0.135508
v 0.544861 1.103134 0.101360
v 0.544859 1.103134 -0.101356
v 0.382664 1.185653 0.080824
v 0.382665 1.185653 -0.080820
v 0.382665 1.024009 -0.080820
v 0.382663 1.024009 0.080824
v 0.382784 1.208387 0.044201
v 0.382784 1.208387 -0.044197
v 0.382785 1.149029 -0.103554
v 0.382785 1.060632 -0.103554
v 0.382784 1.001275 -0.044197
v 0.382783 1.001275 0.044201
v 0.382783 1.060632 0.103558
v 0.382783 1.149030 0.103558
v 0.382783 1.104831 0.103558
v 0.382785 1.104831 -0.103554
v 0.610435 1.103010 -0.108865
v 0.610437 1.103010 0.108866
v 0.610437 1.151288 0.108866
v 0.610437 1.058412 0.108866
v 0.610436 0.995984 0.046439
v 0.610435 0.995984 -0.046437
v 0.610434 1.058412 -0.108865
v 0.610435 1.151288 -0.108865
v 0.610435 1.213715 -0.046437
v 0.610436 1.213715 0.046439
v 0.610372 1.189785 0.084936
v 0.610371 1.019915 0.084936
v 0.610370 1.019915 -0.084934
v 0.610370 1.189785 -0.084934
v 0.270012 1.185762 0.080931
v 0.270071 1.104831 0.103694
v 0.270074 1.104831 -0.103693
v 0.270013 1.185762 -0.080930
v 0.270013 1.023901 -0.080930
v 0.270011 1.023901 0.080931
v 0.270072 1.208525 0.044259
v 0.270073 1.208525 -0.044258
v 0.270074 1.149089 -0.103693
v 0.270074 1.060573 -0.103693
v 0.270073 1.001138 -0.044258
v 0.270072 1.001137 0.044259
v 0.270071 1.060573 0.103694
v 0.270071 1.149090 0.103694
v 0.683242 1.202715 0.097901
v 0.706914 1.206868 0.100847
v 0.695089 1.195236 0.090125
v 0.706912 1.206868 -0.100847
v 0.683240 1.202715 -0.097901
v 0.695087 1.195236 -0.090125
v 0.706913 1.002769 -0.100847
v 0.683240 1.006913 -0.097901
v 0.695087 1.014346 -0.090125
v 0.706915 1.002769 0.100847
v 0.683242 1.006913 0.097901
v 0.695089 1.014346 0.090125
v 0.683229 1.232179 0.049702
v 0.706827 1.237712 0.050741
v 0.695066 1.222573 0.045469
v 0.706826 1.237712 -0.050742
v 0.683228 1.232179 -0.049702
v 0.695065 1.222573 -0.045468
v 0.707012 1.156179 -0.131367
v 0.683228 1.154516 -0.127365
v 0.695106 1.150424 -0.117377
v 0.707012 1.053457 -0.131367
v 0.683228 1.055112 -0.127365
v 0.695106 1.059158 -0.117377
v 0.683229 0.977449 -0.049702
v 0.706827 0.971925 -0.050742
v 0.695065 0.987009 -0.045469
v 0.706828 0.971924 0.050741
v 0.683230 0.977449 0.049702
v 0.695066 0.987009 0.045468
v 0.707015 1.053457 0.131367
v 0.683231 1.055112 0.127365
v 0.695109 1.059158 0.117377
v 0.707014 1.156180 0.131367
v 0.683231 1.154516 0.127365
v 0.695108 1.150424 0.117377
v 0.683229 1.103229 -0.127365
v 0.707016 1.103206 -0.131368
v 0.695107 1.103361 -0.117377
v 0.683232 1.103229 0.127365
v 0.707019 1.103206 0.131368
v 0.695110 1.103361 0.117377
v 0.798556 1.198864 -0.093587
v 0.798556 1.221808 -0.049955
v 0.798555 1.052048 -0.115725
v 0.798556 1.006785 -0.093587
v 0.798557 0.983841 0.050564
v 0.798557 1.006785 0.094197
v 0.798557 1.198864 0.094197
v 0.798557 1.221808 0.050564
v 0.798557 1.154239 0.116335
v 0.798556 1.154239 -0.115726
v 0.798556 0.983841 -0.049955
v 0.798557 1.052048 0.116335
v 0.798557 1.102940 0.116335
v 0.798556 1.102940 -0.115725
vn -0.2414 0.6862 0.6862
vn -0.1852 0.6949 0.6948
vn -0.1886 0.2720 0.9436
vn -0.2498 0.2599 0.9328
vn 0.0025 0.9617 -0.2742
vn 0.0025 0.9617 0.2742
vn 0.0145 0.9615 0.2745
vn 0.0145 0.9615 -0.2745
vn 0.6529 0.1706 0.7380
vn 0.8925 0.2938 0.3421
vn 0.7097 0.5005 0.4958
vn 0.2893 0.2513 0.9237
vn -0.0502 0.7062 0.7062
vn -0.0495 0.9609 0.2724
vn 0.0148 0.7070 0.7070
vn 0.0013 0.7071 0.7071
vn 0.0013 0.9617 0.2742
vn -0.2093 0.9433 0.2576
vn -0.1967 0.6931 0.6935
vn 0.9093 -0.3971 0.1246
vn 0.6549 -0.5016 0.5653
vn 0.2658 -0.6755 0.6878
vn 0.7346 -0.6571 0.1689
vn 0.0013 0.9617 -0.2742
vn 0.0014 0.7071 -0.7071
vn -0.1967 0.6931 -0.6935
vn -0.2093 0.9433 -0.2576
vn -0.0495 0.9609 -0.2724
vn -0.0503 0.7062 -0.7062
vn 0.0148 0.7070 -0.7070
vn 1.0000 -0.0000 -0.0000
vn 0.0023 -0.0000 1.0000
vn 0.0134 -0.0000 0.9999
vn 0.0025 0.2742 0.9617
vn 0.0134 -0.0000 -0.9999
vn 0.0025 0.2742 -0.9617
vn 0.0145 0.2745 -0.9615
vn 0.6639 0.1691 -0.7284
vn 0.6517 -0.0000 -0.7585
vn 0.3190 -0.0000 -0.9478
vn 0.2955 0.2505 -0.9219
vn -0.0495 0.2724 -0.9609
vn 0.0013 0.2742 -0.9617
vn -0.2111 0.2571 -0.9430
vn 0.9261 0.3600 -0.1131
vn 0.8953 0.2913 -0.3371
vn 0.0013 -0.2742 -0.9617
vn 0.0014 -0.7071 -0.7071
vn -0.2005 -0.6929 -0.6926
vn -0.2123 -0.2579 -0.9425
vn -0.0494 -0.2724 -0.9609
vn -0.0501 -0.7062 -0.7062
vn 0.0148 -0.7070 -0.7070
vn 0.0145 -0.2745 -0.9615
vn 0.3117 -0.0000 0.9502
vn 0.6398 -0.0000 0.7685
vn 0.2702 -0.6740 -0.6875
vn -0.2017 -0.9421 -0.2680
vn -0.5119 -0.8238 -0.2435
vn -0.4882 -0.6024 -0.6315
vn 0.0025 -0.9617 0.2742
vn 0.0025 -0.9617 -0.2742
vn 0.0145 -0.9615 -0.2745
vn 0.0145 -0.9615 0.2745
vn 0.7364 -0.6549 -0.1700
vn 0.9103 -0.3954 -0.1225
vn -0.0493 -0.9609 -0.2724
vn 0.0013 -0.9617 -0.2742
vn -0.2141 -0.9423 -0.2575
vn 0.0013 -0.9617 0.2742
vn 0.0013 -0.7071 0.7071
vn -0.2005 -0.6929 0.6926
vn -0.2141 -0.9423 0.2575
vn -0.0493 -0.9609 0.2724
vn -0.0500 -0.7062 0.7062
vn 0.0148 -0.7070 0.7070
vn -0.0879 0.2463 -0.9652
vn -0.0603 -0.0000 -0.9982
vn -0.0494 -0.2724 0.9609
vn 0.0145 -0.2745 0.9615
vn 0.0025 -0.2742 0.9617
vn -0.0603 -0.0000 0.9982
vn -0.0879 0.2463 0.9652
vn 0.0013 -0.2742 0.9617
vn -0.2123 -0.2579 0.9425
vn 0.0013 0.2742 0.9617
vn -0.2111 0.2571 0.9430
vn -0.0494 0.2724 0.9609
vn 0.0145 0.2745 0.9615
vn -0.1887 -0.2719 0.9437
vn -0.2500 -0.2600 0.9327
vn -0.2463 -0.0000 0.9692
vn -0.1804 -0.0000 0.9836
vn 0.2858 -0.2453 -0.9264
vn -0.0876 -0.2465 -0.9652
vn 0.9682 -0.0000 0.2501
vn 0.9682 -0.0000 -0.2501
vn 0.9428 0.2365 -0.2349
vn 0.9428 0.2365 0.2349
vn 0.7180 -0.0000 0.6960
vn 0.7005 0.2218 0.6783
vn 0.5971 -0.5633 0.5711
vn 0.7040 -0.6751 0.2205
vn 0.9443 -0.2305 0.2350
vn 0.7015 -0.2158 0.6792
vn 0.6407 0.7415 0.1992
vn 0.6407 0.7415 -0.1992
vn 0.5704 0.6133 0.5463
vn 0.7180 -0.0000 -0.6960
vn 0.7005 0.2218 -0.6783
vn 0.5704 0.6133 -0.5463
vn 0.7040 -0.6751 -0.2205
vn 0.9443 -0.2305 -0.2350
vn 0.5971 -0.5633 -0.5711
vn 0.7015 -0.2157 -0.6792
vn 0.2134 0.7472 -0.6294
vn 0.2497 0.2363 -0.9390
vn -0.2815 0.2250 -0.9328
vn -0.2483 0.7423 -0.6224
vn -0.5344 -0.5972 -0.5981
vn -0.6568 -0.2294 -0.7183
vn 0.2498 -0.2303 -0.9405
vn 0.2651 -0.0000 -0.9642
vn 0.2366 -0.6837 -0.6904
vn -0.3092 -0.0000 -0.9510
vn -0.5881 -0.0000 -0.8088
vn -0.5575 0.1952 -0.8069
vn -0.2707 -0.6803 -0.6811
vn -0.2815 -0.2193 -0.9342
vn -0.6581 -0.7170 0.2298
vn -0.5344 -0.5972 0.5981
vn -0.6568 -0.2294 0.7183
vn -0.9311 -0.2580 0.2580
vn -0.5076 0.6494 -0.5662
vn -0.5301 0.6000 -0.5992
vn -0.6544 0.7203 -0.2301
vn -0.6544 0.7203 0.2301
vn -0.5445 -0.5874 -0.5987
vn -0.5571 -0.1892 -0.8086
vn -0.3040 -0.0000 0.9527
vn -0.2765 -0.2196 0.9356
vn 0.2498 -0.2303 0.9405
vn 0.2651 -0.0000 0.9642
vn -0.6581 -0.7170 -0.2298
vn -0.9311 -0.2580 -0.2580
vn -0.6747 -0.0000 0.7381
vn -0.2257 -0.0000 0.9742
vn -0.6557 0.2304 0.7190
vn -0.5301 0.6000 0.5992
vn 0.6350 -0.1878 0.7493
vn 0.2792 -0.2459 0.9282
vn -0.2447 0.7436 0.6223
vn -0.2765 0.2254 0.9342
vn 0.2497 0.2363 0.9390
vn 0.2134 0.7472 0.6294
vn -0.9311 0.2580 0.2580
vn -0.5792 -0.0000 0.8152
vn -0.5478 -0.1903 0.8147
vn -0.6557 0.2304 -0.7190
vn -0.5373 -0.5890 0.6036
vn -0.2672 -0.6816 0.6812
vn -0.5482 0.1963 0.8130
vn -0.5008 0.6505 0.5710
vn 0.2366 -0.6837 0.6904
vn -0.9630 -0.0000 0.2697
vn 0.2497 -0.9394 -0.2348
vn -0.2964 -0.9294 -0.2200
vn -0.2256 -0.0000 -0.9742
vn -0.6747 -0.0000 -0.7381
vn 0.2497 -0.9394 0.2348
vn -0.2956 -0.9298 0.2194
vn -0.9311 0.2580 -0.2580
vn -0.5806 -0.7913 0.1916
vn -0.5831 -0.7900 -0.1895
vn 0.1736 0.9714 -0.1621
vn -0.2249 0.9630 -0.1484
vn -0.2239 0.9633 0.1478
vn 0.1736 0.9714 0.1621
vn -0.9629 -0.0000 -0.2697
vn -0.4471 0.8828 -0.1442
vn -0.4451 0.8835 0.1457
vn 0.9252 0.3615 0.1149
vn 0.7823 0.6037 0.1536
vn -0.0875 -0.2465 0.9652
vn -0.4882 -0.6024 0.6315
vn -0.1886 0.9437 0.2719
vn -0.2495 0.9328 0.2600
vn -0.2017 -0.9421 0.2680
vn -0.5119 -0.8238 0.2435
vn -0.1853 -0.6948 -0.6949
vn -0.1887 -0.2719 -0.9437
vn -0.2500 -0.2600 -0.9327
vn -0.2421 -0.6861 -0.6860
vn -0.1852 0.6949 -0.6948
vn -0.1886 0.9437 -0.2719
vn -0.2495 0.9328 -0.2600
vn -0.2414 0.6862 -0.6862
vn -0.1888 -0.9436 -0.2719
vn -0.2503 -0.9326 -0.2599
vn -0.2503 -0.9326 0.2599
vn -0.1887 -0.9436 0.2719
vn -0.1853 -0.6948 0.6949
vn -0.2420 -0.6861 0.6861
vn -0.1886 0.2720 -0.9436
vn -0.2498 0.2599 -0.9328
vn -0.2030 0.9418 -0.2678
vn -0.1521 0.6923 -0.7054
vn -0.4891 0.6020 -0.6312
vn -0.5131 0.8231 -0.2433
vn -0.1521 0.6923 0.7054
vn -0.4891 0.6020 0.6312
vn -0.1804 -0.0000 -0.9836
vn -0.0453 -0.0000 -0.9990
vn -0.2463 -0.0000 -0.9692
vn 0.0025 -0.2742 -0.9617
vn 0.0023 -0.0000 -1.0000
vn -0.0453 -0.0000 0.9990
vn 0.0012 -0.0000 -1.0000
vn 0.0012 -0.0000 1.0000
vn 0.0026 0.7071 0.7071
vn 0.0026 -0.7071 0.7071
vn 0.0026 -0.7071 -0.7071
vn 0.0026 0.7071 -0.7071
vn -0.5131 0.8231 0.2433
vn -0.2030 0.9418 0.2678
vn -0.8047 0.5729 -0.1560
vn -0.8047 0.5729 0.1561
vn 0.6589 0.7279 0.1897
vn 0.6589 0.7279 -0.1898
vn 0.6607 0.7197 -0.2133
vn 0.6607 0.7197 0.2132
vn -0.7999 0.4191 0.4295
vn 0.6739 0.5234 0.5215
vn 0.6739 0.5214 0.5234
vn 0.6739 0.5214 -0.5234
vn 0.6739 0.5234 -0.5215
vn -0.7999 0.4191 -0.4295
vn -0.7615 -0.0000 -0.6481
vn -0.7856 -0.1729 -0.5941
vn -0.7843 -0.1543 -0.6009
vn 0.6436 -0.0000 -0.7654
vn 0.6681 -0.1902 -0.7193
vn 0.6692 -0.2089 -0.7131
vn -0.7859 0.1730 -0.5936
vn -0.7845 0.1539 -0.6007
vn 0.6685 0.1897 -0.7191
vn 0.6696 0.2091 -0.7126
vn 0.6728 -0.5220 -0.5243
vn 0.6728 -0.5243 -0.5220
vn -0.7992 -0.4199 -0.4300
vn -0.8037 -0.5741 0.1563
vn -0.8037 -0.5741 -0.1563
vn 0.6573 -0.7293 -0.1900
vn 0.6573 -0.7293 0.1900
vn 0.6592 -0.7210 0.2137
vn 0.6592 -0.7210 -0.2138
vn 0.6728 -0.5220 0.5243
vn 0.6728 -0.5243 0.5220
vn -0.7992 -0.4199 0.4301
vn -0.7615 -0.0000 0.6481
vn -0.7859 0.1730 0.5936
vn -0.7845 0.1539 0.6007
vn 0.6436 -0.0000 0.7654
vn 0.6685 0.1897 0.7191
vn 0.6696 0.2091 0.7126
vn -0.7856 -0.1729 0.5941
vn -0.7842 -0.1543 0.6010
vn 0.6682 -0.1902 0.7193
vn 0.6692 -0.2089 0.7131
vn 0.7836 0.6017 -0.1545
vn 0.7159 0.4949 -0.4925
vn 0.6637 -0.4982 -0.5580
vn 0.6466 -0.1861 -0.7398
vt 0.085155 0.648488
vt 0.077276 0.645812
vt 0.077282 0.637840
vt 0.085155 0.638509
vt 0.052664 0.679577
vt 0.061296 0.679518
vt 0.597627 0.914804
vt 0.597627 0.919630
vt 0.595138 0.921759
vt 0.595138 0.915645
vt 0.070180 0.644596
vt 0.070190 0.679121
vt 0.061269 0.644910
vt 0.040468 0.644979
vt 0.040476 0.679604
vt 0.028287 0.679633
vt 0.028287 0.644999
vt 0.597627 0.880752
vt 0.597627 0.898858
vt 0.595138 0.897172
vt 0.595138 0.877880
vt 0.597627 0.872503
vt 0.597627 0.873084
vt 0.597627 0.869538
vt 0.597627 0.867608
vt 0.052664 0.628223
vt 0.061296 0.627871
vt 0.052664 0.637373
vt 0.061296 0.637348
vt 0.597627 0.909257
vt 0.595138 0.909254
vt 0.070190 0.637176
vt 0.040476 0.637386
vt 0.028287 0.637397
vt 0.597627 0.906487
vt 0.597627 0.902832
vt 0.597627 0.886006
vt 0.597627 0.888380
vt 0.040476 0.619059
vt 0.040468 0.611466
vt 0.028287 0.611444
vt 0.028287 0.619048
vt 0.070190 0.619270
vt 0.070180 0.611850
vt 0.061269 0.611535
vt 0.061296 0.619097
vt 0.595138 0.865922
vt 0.595138 0.846630
vt 0.587707 0.848214
vt 0.587715 0.867174
vt 0.052664 0.576868
vt 0.061296 0.576925
vt 0.070190 0.577324
vt 0.040476 0.576839
vt 0.028287 0.576813
vt 0.597627 0.878007
vt 0.597627 0.878018
vt 0.587728 0.883764
vt 0.595138 0.884395
vt 0.595138 0.878004
vt 0.587728 0.878036
vt 0.052664 0.619070
vt 0.077282 0.618612
vt 0.085155 0.617927
vt 0.085155 0.627890
vt 0.077282 0.627844
vt 0.595138 0.872034
vt 0.587728 0.872656
vt 0.960054 0.346778
vt 0.960054 0.351571
vt 0.957365 0.346778
vt 0.960054 0.367196
vt 0.957365 0.351571
vt 0.956109 0.337906
vt 0.957365 0.321024
vt 0.960054 0.325990
vt 0.957365 0.341615
vt 0.957365 0.372015
vt 0.956109 0.355133
vt 0.952846 0.356390
vt 0.952846 0.351571
vt 0.945342 0.351571
vt 0.945342 0.356390
vt 0.024379 0.613641
vt 0.023264 0.619595
vt 0.952846 0.341615
vt 0.952846 0.346778
vt 0.952846 0.336649
vt 0.945342 0.346778
vt 0.941377 0.346768
vt 0.941377 0.351351
vt 0.945342 0.336649
vt 0.945342 0.341615
vt 0.023264 0.581592
vt 0.020875 0.589112
vt 0.941377 0.354756
vt 0.024379 0.642921
vt 0.023264 0.674973
vt 0.941377 0.338288
vt 0.941377 0.341834
vt 0.023264 0.628282
vt 0.028287 0.628223
vt 0.597627 0.852712
vt 0.597627 0.849502
vt 0.023264 0.636967
vt 0.597627 0.882601
vt 0.597627 0.883554
vt 0.597627 0.903753
vt 0.595138 0.903284
vt 0.020875 0.667453
vt 0.020875 0.628282
vt 0.952846 0.318336
vt 0.945342 0.318336
vt 0.941377 0.321462
vt 0.952846 0.373546
vt 0.945342 0.373546
vt 0.020875 0.628243
vt 0.020875 0.633078
vt 0.941377 0.371582
vt 0.597627 0.937737
vt 0.595138 0.941050
vt 0.077282 0.680678
vt 0.085155 0.684501
vt 0.077276 0.610642
vt 0.085155 0.607951
vt 0.077282 0.575774
vt 0.085155 0.571937
vt 0.595138 0.909800
vt 0.595138 0.890509
vt 0.587715 0.889247
vt 0.587705 0.908206
vt 0.070190 0.627871
vt 0.020875 0.623408
vt 0.960054 0.341615
vt 0.040476 0.628223
vt 0.052650 0.644957
vt 0.052650 0.611489
vt 0.587705 0.876956
vt 0.586435 0.875320
vt 0.086435 0.682515
vt 0.587715 0.857997
vt 0.586439 0.856738
vt 0.086439 0.646939
vt 0.587728 0.846786
vt 0.587728 0.841406
vt 0.586441 0.842021
vt 0.586441 0.846802
vt 0.086441 0.627917
vt 0.086441 0.618765
vt 0.587728 0.852514
vt 0.586441 0.851891
vt 0.086441 0.637661
vt 0.086439 0.609488
vt 0.586439 0.837176
vt 0.587715 0.835924
vt 0.587707 0.816964
vt 0.586435 0.818595
vt 0.086435 0.573915
s 1
usemtl mage
f 1778/1448/1980 1760/1449/1981 1752/1450/1982 1812/1451/1983
f 1741/1452/1984 1740/1452/1985 1650/1453/1986 1651/1453/1987
f 1828/1454/1988 1826/1455/1989 1690/1456/1990 1701/1457/1991
f 1702/1458/1992 1706/1459/1993 1650/1453/1986 1610/1460/1994
f 1764/1461/1995 1770/1462/1996 1612/1463/1997 1598/1464/1998
f 1824/1465/1999 1825/1466/2000 1693/1467/2001 1699/1468/2002
f 1771/1462/2003 1767/1461/2004 1599/1464/2005 1611/1463/2006
f 1707/1459/2007 1703/1458/2008 1613/1460/2009 1651/1453/1987
f 1822/1469/2010 1637/1470/2010 1608/1471/2010 1823/1472/2010
f 1748/1473/2011 1721/1474/2012 1747/1475/2013
f 1720/1474/2014 1742/1475/2015 1652/1476/2016
f 1829/1454/2017 1833/1477/2018 1732/1478/2019 1696/1457/2020
f 1703/1458/2008 1708/1479/2021 1652/1476/2016 1613/1460/2009
f 1767/1461/2004 1772/1480/2022 1615/1481/2023 1599/1464/2005
f 1821/1482/2024 1640/1483/2010 1609/1484/2010 1820/1485/2025
f 1773/1486/2026 1768/1487/2027 1601/1488/2028 1614/1489/2029
f 1709/1490/2030 1704/1491/2031 1616/1492/2032 1653/1493/2033
f 1828/1454/1988 1701/1457/1991 1733/1478/2034 1832/1477/2035
f 1692/1494/2036 1698/1495/2037 1803/1496/2038 1784/1497/2039
f 1745/1498/2040 1744/1498/2041 1654/1499/2042 1655/1499/2043
f 1824/1465/1999 1699/1468/2002 1698/1468/2044 1830/1465/2045
f 1704/1491/2031 1710/1500/2046 1654/1499/2042 1616/1492/2032
f 1768/1487/2027 1774/1501/2047 1618/1502/2048 1601/1488/2028
f 1822/1469/2010 1833/1503/2010 1718/1504/2010 1637/1470/2010
f 1775/1501/2049 1769/1487/2050 1600/1488/2051 1617/1502/2052
f 1711/1500/2053 1705/1491/2054 1619/1492/2055 1655/1499/2043
f 1796/1505/2056 1696/1506/2020 1732/1507/2019 1815/1508/2057
f 1712/1490/2058 1721/1474/2012 1656/1493/2059
f 1721/1474/2012 1746/1509/2060 1656/1493/2059
f 1818/1508/2061 1733/1507/2034 1701/1506/1991 1811/1505/2062
f 1705/1491/2054 1712/1490/2058 1656/1493/2059 1619/1492/2055
f 1769/1487/2050 1776/1486/2063 1621/1489/2064 1600/1488/2051
f 1777/1480/2065 1764/1461/1995 1598/1464/1998 1620/1481/2066
f 1713/1479/2067 1702/1458/1992 1610/1460/1994 1657/1476/2068
f 1753/1510/2069 1809/1511/2070 1817/1512/2071 1751/1513/2072
f 1815/1508/2057 1732/1507/2019 1697/1514/2073 1799/1515/2074
f 1722/1516/2075 1723/1516/2076 1661/1517/2077 1659/1517/2078
f 1716/1518/2079 1722/1516/2075 1659/1519/2078 1625/1520/2080
f 1602/1521/2081 1623/1522/2082 1658/1523/2083 1624/1524/2084
f 1626/1525/2085 1659/1519/2078 1661/1519/2077 1627/1525/2086
f 1625/1520/2080 1659/1519/2078 1626/1525/2085 1603/1526/2087
f 1723/1516/2076 1717/1518/2088 1628/1520/2089 1661/1519/2077
f 1661/1519/2077 1628/1520/2089 1605/1526/2090 1627/1525/2086
f 1623/1522/2082 1622/1522/2091 1660/1523/2092 1658/1523/2083
f 1622/1522/2091 1604/1521/2093 1629/1524/2094 1660/1523/2092
f 1633/1527/2095 1663/1528/2096 1667/1529/2097 1635/1530/2098
f 1614/1489/2029 1601/1488/2028 1680/1531/2099 1664/1532/2100
f 1717/1518/2088 1629/1524/2094 1662/1533/2101 1724/1534/2102
f 1604/1521/2093 1632/1535/2103 1662/1533/2101 1629/1524/2094
f 1725/1536/2104 1718/1537/2105 1636/1538/2106 1667/1529/2097
f 1628/1520/2089 1663/1528/2096 1633/1527/2095 1605/1526/2090
f 1632/1535/2103 1630/1539/2107 1666/1540/2108 1662/1533/2101
f 1648/1541/2109 1688/1531/2110 1685/1532/2111 1670/1542/2112
f 1667/1529/2097 1636/1538/2106 1609/1543/2113 1635/1530/2098
f 1677/1544/2114 1634/1545/2115 1611/1463/2006 1599/1464/2005
f 1634/1545/2115 1631/1545/2116 1612/1463/1997 1611/1463/2006
f 1630/1539/2107 1608/1546/2117 1637/1547/2118 1666/1540/2108
f 1727/1536/2119 1669/1540/2120 1673/1533/2121 1728/1534/2122
f 1645/1541/2123 1648/1541/2109 1670/1542/2112 1674/1542/2124
f 1731/1548/2125 1685/1532/2111 1621/1489/2064 1715/1549/2126
f 1648/1541/2109 1617/1502/2052 1600/1488/2051 1688/1531/2110
f 1823/1472/2010 1608/1471/2010 1639/1550/2010 1830/1551/2045
f 1686/1552/2127 1620/1481/2066 1598/1464/1998 1683/1544/2128
f 1820/1485/2025 1609/1484/2010 1636/1553/2010 1829/1554/2010
f 1825/1466/2000 1831/1555/2129 1700/1556/2130 1693/1467/2001
f 1601/1488/2028 1618/1502/2048 1645/1541/2123 1680/1531/2099
f 1647/1530/2131 1671/1529/2132 1675/1528/2133 1649/1527/2134
f 1688/1531/2110 1600/1488/2051 1621/1489/2064 1685/1532/2111
f 1668/1557/2135 1686/1552/2127 1683/1544/2128 1631/1545/2116
f 1648/1541/2109 1645/1541/2123 1618/1502/2048 1617/1502/2052
f 1719/1537/2136 1643/1547/2137 1669/1540/2120 1727/1536/2119
f 1599/1464/2005 1615/1481/2023 1665/1552/2138 1677/1544/2114
f 1606/1546/2139 1646/1539/2140 1669/1540/2120 1643/1547/2137
f 1728/1534/2122 1716/1518/2079 1625/1520/2080 1675/1528/2133
f 1642/1538/2141 1671/1529/2132 1647/1530/2131 1607/1543/2142
f 1646/1539/2140 1644/1535/2143 1673/1533/2121 1669/1540/2120
f 1730/1558/2144 1731/1548/2125 1686/1552/2127 1668/1557/2135
f 1675/1528/2133 1625/1520/2080 1603/1526/2087 1649/1527/2134
f 1630/1539/2107 1632/1535/2103 1676/1559/2145 1678/1560/2146
f 1714/1549/2147 1614/1489/2029 1664/1532/2100 1729/1548/2148
f 1644/1535/2143 1602/1521/2081 1624/1524/2084 1673/1533/2121
f 1678/1560/2146 1676/1559/2145 1679/1559/2149 1681/1560/2150
f 1665/1552/2138 1672/1557/2151 1634/1545/2115 1677/1544/2114
f 1634/1545/2115 1672/1557/2151 1668/1557/2135 1631/1545/2116
f 1638/1561/2152 1639/1561/2153 1678/1560/2146 1681/1560/2150
f 1604/1521/2093 1622/1522/2091 1676/1559/2145 1632/1535/2103
f 1679/1559/2149 1644/1535/2143 1646/1539/2140 1681/1560/2150
f 1680/1531/2099 1645/1541/2123 1674/1542/2124 1664/1532/2100
f 1630/1539/2107 1678/1560/2146 1639/1561/2153 1608/1546/2117
f 1622/1522/2091 1623/1522/2082 1679/1559/2149 1676/1559/2145
f 1681/1560/2150 1646/1539/2140 1606/1546/2139 1638/1561/2152
f 1684/1562/2154 1682/1563/2155 1687/1563/2156 1689/1562/2157
f 1729/1548/2148 1664/1532/2100 1674/1542/2124 1726/1558/2158
f 1623/1522/2082 1602/1521/2081 1644/1535/2143 1679/1559/2149
f 1633/1527/2095 1635/1530/2098 1682/1563/2155 1684/1562/2154
f 1726/1564/2158 1730/1564/2144 1668/1565/2135 1672/1565/2151
f 1626/1525/2085 1627/1525/2086 1684/1562/2154 1689/1562/2157
f 1609/1543/2113 1640/1566/2159 1682/1563/2155 1635/1530/2098
f 1687/1563/2156 1647/1530/2131 1649/1527/2134 1689/1562/2157
f 1633/1527/2095 1684/1562/2154 1627/1525/2086 1605/1526/2090
f 1640/1566/2159 1641/1566/2160 1687/1563/2156 1682/1563/2155
f 1689/1562/2157 1649/1527/2134 1603/1526/2087 1626/1525/2085
f 1641/1566/2160 1607/1543/2142 1647/1530/2131 1687/1563/2156
f 1724/1534/2102 1662/1533/2101 1666/1540/2108 1725/1536/2104
f 1631/1545/2116 1683/1544/2128 1598/1464/1998 1612/1463/1997
f 1826/1455/1989 1827/1567/2161 1694/1568/2162 1690/1456/1990
f 1693/1494/2001 1700/1514/2130 1808/1515/2163 1787/1497/2164
f 1759/1569/2165 1760/1449/1981 1778/1448/1980 1790/1570/2166
f 1803/1496/2038 1698/1495/2037 1699/1495/2167 1805/1496/2168
f 1762/1571/2169 1756/1510/2170 1800/1511/2171 1785/1572/2172
f 1763/1449/2173 1758/1569/2174 1794/1570/2175 1782/1448/2176
f 1755/1573/2177 1802/1574/2178 1806/1574/2179 1754/1573/2180
f 1755/1573/2177 1762/1571/2169 1785/1572/2172 1802/1574/2178
f 1761/1571/2181 1754/1573/2180 1806/1574/2179 1788/1572/2182
f 1753/1510/2069 1761/1571/2181 1788/1572/2182 1809/1511/2070
f 1759/1569/2165 1790/1570/2166 1794/1570/2175 1758/1569/2174
f 1757/1450/2183 1763/1449/2173 1782/1448/2176 1797/1451/2184
f 1695/1575/2185 1691/1576/2186 1781/1577/2187 1793/1578/2188
f 1697/1514/2073 1692/1494/2036 1784/1497/2039 1799/1515/2074
f 1699/1495/2167 1693/1494/2001 1787/1497/2164 1805/1496/2168
f 1701/1506/1991 1690/1576/2189 1779/1577/2190 1811/1505/2062
f 1831/1555/2129 1832/1477/2035 1733/1478/2034 1700/1556/2130
f 1691/1576/2186 1696/1506/2020 1796/1505/2056 1781/1577/2187
f 1752/1450/1982 1760/1449/1981 1702/1458/1992 1713/1479/2067
f 1761/1571/2181 1753/1510/2069 1712/1490/2058 1705/1491/2054
f 1754/1573/2180 1761/1571/2181 1705/1491/2054 1711/1500/2053
f 1762/1571/2169 1755/1573/2177 1710/1500/2046 1704/1491/2031
f 1654/1499/2042 1710/1500/2046 1711/1500/2053 1655/1499/2043
f 1756/1510/2170 1762/1571/2169 1704/1491/2031 1709/1490/2030
f 1763/1449/2173 1757/1450/2183 1708/1479/2021 1703/1458/2008
f 1750/1513/2191 1756/1510/2170 1709/1490/2030 1735/1579/2192
f 1758/1569/2174 1763/1449/2173 1703/1458/2008 1707/1459/2007
f 1760/1449/1981 1759/1569/2165 1706/1459/1993 1702/1458/1992
f 1650/1453/1986 1706/1459/1993 1707/1459/2007 1651/1453/1987
f 1808/1515/2163 1700/1514/2130 1733/1507/2034 1818/1508/2061
f 1721/1474/2012 1713/1479/2067 1657/1476/2068
f 1757/1450/2183 1797/1451/2184 1814/1512/2193 1750/1513/2191
f 1817/1512/2071 1812/1451/1983 1752/1450/1982 1751/1513/2072
f 1663/1528/2096 1724/1534/2102 1725/1536/2104 1667/1529/2097
f 1674/1580/2124 1670/1580/2112 1730/1564/2144 1726/1564/2158
f 1665/1552/2138 1729/1548/2148 1726/1558/2158 1672/1557/2151
f 1615/1481/2023 1714/1549/2147 1729/1548/2148 1665/1552/2138
f 1670/1542/2112 1685/1532/2111 1731/1548/2125 1730/1558/2144
f 1673/1533/2121 1624/1524/2084 1716/1518/2079 1728/1534/2122
f 1642/1538/2141 1719/1537/2136 1727/1536/2119 1671/1529/2132
f 1686/1552/2127 1731/1548/2125 1715/1549/2126 1620/1481/2066
f 1671/1529/2132 1727/1536/2119 1728/1534/2122 1675/1528/2133
f 1666/1540/2108 1637/1547/2118 1718/1537/2105 1725/1536/2104
f 1628/1520/2089 1717/1518/2088 1724/1534/2102 1663/1528/2096
f 1660/1523/2092 1629/1524/2094 1717/1518/2088 1723/1516/2076
f 1624/1524/2084 1658/1523/2083 1722/1516/2075 1716/1518/2079
f 1658/1581/2083 1660/1581/2092 1723/1516/2076 1722/1516/2075
f 1747/1475/2013 1721/1474/2012 1657/1476/2068
f 1708/1479/2021 1720/1474/2014 1652/1476/2016
f 1743/1509/2194 1720/1474/2014 1653/1493/2033
f 1720/1474/2014 1709/1490/2030 1653/1493/2033
f 1749/1473/2195 1720/1474/2014 1743/1509/2194
f 1735/1579/2192 1720/1474/2014 1708/1479/2021
f 1735/1579/2192 1709/1490/2030 1720/1474/2014
f 1748/1473/2011 1746/1509/2060 1721/1474/2012
f 1734/1579/2196 1713/1479/2067 1721/1474/2012
f 1749/1473/2195 1742/1475/2015 1720/1474/2014
f 1734/1579/2196 1721/1474/2012 1712/1490/2058
f 1773/1486/2026 1766/1582/2197 1749/1473/2195 1743/1509/2194
f 1777/1480/2065 1765/1582/2198 1748/1473/2011 1747/1475/2013
f 1657/1476/2068 1610/1460/1994 1736/1583/2199 1747/1475/2013
f 1619/1492/2055 1656/1493/2059 1746/1509/2060 1739/1584/2200
f 1765/1582/2198 1776/1486/2063 1746/1509/2060 1748/1473/2011
f 1655/1499/2043 1619/1492/2055 1739/1584/2200 1745/1498/2040
f 1616/1492/2032 1654/1499/2042 1744/1498/2041 1738/1584/2201
f 1775/1501/2049 1774/1501/2047 1744/1498/2041 1745/1498/2040
f 1653/1493/2033 1616/1492/2032 1738/1584/2201 1743/1509/2194
f 1613/1460/2009 1652/1476/2016 1742/1475/2015 1737/1583/2202
f 1766/1582/2197 1772/1480/2022 1742/1475/2015 1749/1473/2195
f 1651/1453/1987 1613/1460/2009 1737/1583/2202 1741/1452/1984
f 1610/1460/1994 1650/1453/1986 1740/1452/1985 1736/1583/2199
f 1771/1462/2003 1770/1462/1996 1740/1452/1985 1741/1452/1984
f 1751/1513/2072 1752/1450/1982 1713/1479/2067 1734/1579/2196
f 1706/1459/1993 1759/1569/2165 1758/1569/2174 1707/1459/2007
f 1710/1500/2046 1755/1573/2177 1754/1573/2180 1711/1500/2053
f 1712/1490/2058 1753/1510/2069 1751/1513/2072 1734/1579/2196
f 1708/1479/2021 1757/1450/2183 1750/1513/2191 1735/1579/2192
f 1611/1463/2006 1612/1463/1997 1770/1462/1996 1771/1462/2003
f 1714/1549/2147 1615/1481/2023 1772/1480/2022 1766/1582/2197
f 1617/1502/2052 1618/1502/2048 1774/1501/2047 1775/1501/2049
f 1715/1549/2126 1621/1489/2064 1776/1486/2063 1765/1582/2198
f 1620/1481/2066 1715/1549/2126 1765/1582/2198 1777/1480/2065
f 1614/1489/2029 1714/1549/2147 1766/1582/2197 1773/1486/2026
f 1747/1475/2013 1736/1583/2199 1764/1461/1995 1777/1480/2065
f 1739/1584/2200 1746/1509/2060 1776/1486/2063 1769/1487/2050
f 1745/1498/2040 1739/1584/2200 1769/1487/2050 1775/1501/2049
f 1738/1584/2201 1744/1498/2041 1774/1501/2047 1768/1487/2027
f 1743/1509/2194 1738/1584/2201 1768/1487/2027 1773/1486/2026
f 1737/1583/2202 1742/1475/2015 1772/1480/2022 1767/1461/2004
f 1741/1452/1984 1737/1583/2202 1767/1461/2004 1771/1462/2003
f 1736/1583/2199 1740/1452/1985 1770/1462/1996 1764/1461/1995
f 1821/1482/2024 1827/1482/2161 1641/1483/2010 1640/1483/2010
f 1800/1511/2171 1756/1510/2170 1750/1513/2191 1814/1512/2193
f 1791/1578/2203 1694/1575/2204 1695/1575/2185 1793/1578/2188
f 1791/1585/2203 1793/1585/2188 1795/1586/2205 1792/1586/2206
f 1792/1587/2207 1795/1587/2208 1794/1570/2209 1790/1570/2210
f 1779/1588/2190 1791/1585/2203 1792/1586/2206 1780/1589/2211
f 1780/1590/2212 1792/1587/2207 1790/1570/2210 1778/1448/2213
f 1782/1448/2214 1794/1570/2209 1795/1587/2208 1783/1590/2215
f 1783/1589/2216 1795/1586/2205 1793/1585/2188 1781/1588/2187
f 1815/1591/2217 1799/1592/2218 1801/1593/2219 1816/1594/2217
f 1816/1595/2220 1801/1596/2221 1800/1511/2222 1814/1512/2220
f 1781/1588/2187 1796/1597/2223 1798/1598/2224 1783/1589/2216
f 1783/1590/2215 1798/1599/2225 1797/1451/2226 1782/1448/2214
f 1785/1572/2227 1800/1511/2222 1801/1596/2221 1786/1600/2228
f 1786/1601/2229 1801/1593/2219 1799/1592/2218 1784/1602/2039
f 1803/1603/2038 1805/1603/2168 1807/1604/2230 1804/1604/2231
f 1804/1605/2232 1807/1605/2233 1806/1574/2234 1802/1574/2235
f 1784/1602/2039 1803/1603/2038 1804/1604/2231 1786/1601/2229
f 1786/1600/2228 1804/1605/2232 1802/1574/2235 1785/1572/2227
f 1788/1572/2236 1806/1574/2234 1807/1605/2233 1789/1600/2237
f 1789/1601/2238 1807/1604/2230 1805/1603/2168 1787/1602/2164
f 1818/1591/2239 1811/1597/2240 1813/1598/2241 1819/1594/2239
f 1819/1595/2242 1813/1599/2243 1812/1451/2244 1817/1512/2242
f 1787/1602/2164 1808/1592/2245 1810/1593/2246 1789/1601/2238
f 1789/1600/2237 1810/1596/2247 1809/1511/2248 1788/1572/2236
f 1778/1448/2213 1812/1451/2244 1813/1599/2243 1780/1590/2212
f 1780/1589/2211 1813/1598/2241 1811/1597/2240 1779/1588/2190
f 1796/1597/2223 1815/1591/2217 1816/1594/2217 1798/1598/2224
f 1798/1599/2225 1816/1595/2220 1814/1512/2220 1797/1451/2226
f 1808/1592/2245 1818/1591/2239 1819/1594/2239 1810/1593/2246
f 1810/1596/2247 1819/1595/2242 1817/1512/2242 1809/1511/2248
f 1690/1576/2189 1694/1575/2204 1791/1578/2203 1779/1577/2190
f 1695/1568/2249 1694/1568/2162 1827/1567/2161 1821/1567/2024
f 1643/1470/2010 1719/1504/2010 1832/1503/2010 1831/1469/2010
f 1607/1484/2010 1641/1483/2010 1827/1482/2161 1826/1485/1989
f 1606/1471/2010 1643/1470/2010 1831/1469/2010 1825/1472/2010
f 1691/1456/2250 1820/1455/2025 1829/1454/2017 1696/1457/2020
f 1692/1467/2036 1823/1466/2251 1830/1465/2045 1698/1468/2044
f 1697/1556/2073 1732/1478/2019 1833/1477/2018 1822/1555/2252
f 1638/1550/2010 1824/1551/1999 1830/1551/2045 1639/1550/2010
f 1642/1553/2010 1828/1554/2010 1832/1503/2010 1719/1504/2010
f 1695/1568/2249 1821/1567/2024 1820/1455/2025 1691/1456/2250
f 1636/1553/2010 1718/1504/2010 1833/1503/2010 1829/1554/2010
f 1697/1556/2073 1822/1555/2252 1823/1466/2251 1692/1467/2036
f 1638/1550/2010 1606/1471/2010 1825/1472/2010 1824/1551/1999
f 1642/1553/2010 1607/1484/2010 1826/1485/1989 1828/1554/2010
o Mage_LegLeft
v 0.212074 0.001018 -0.116020
v 0.046015 0.193151 -0.046499
v 0.074160 0.195782 0.080875
v 0.290999 0.193260 -0.045550
v 0.125163 0.188160 -0.100926
v 0.217461 0.196569 0.108372
v 0.046737 0.194869 0.041211
v 0.090012 0.188375 -0.079405
v 0.168463 0.197098 0.113666
v 0.271513 0.190388 -0.012273
v 0.262758 0.195831 0.080682
v 0.290035 0.194932 0.041082
v 0.065270 0.190338 -0.012275
v 0.168467 0.187646 -0.108798
v 0.119614 0.196549 0.108505
v 0.220067 0.192728 -0.115706
v 0.045870 0.193677 -0.002619
v 0.246901 0.188413 -0.079248
v 0.168466 0.192205 -0.126187
v 0.261675 0.192606 -0.088255
v 0.211871 0.188180 -0.100816
v 0.290898 0.193734 -0.002615
v 0.248082 0.001018 -0.088781
v 0.124572 0.001018 -0.116022
v 0.072349 0.001018 -0.049347
v 0.088536 0.001018 -0.088790
v 0.205485 0.001018 -0.078064
v 0.085103 0.001018 0.015417
v 0.214741 0.073294 -0.121288
v 0.257426 0.071840 -0.092277
v 0.122121 0.073295 -0.121295
v 0.079391 0.071841 -0.092290
v 0.059973 0.069637 -0.048298
v 0.276829 0.069637 -0.048299
v 0.075523 0.001018 -0.012869
v 0.168435 0.073472 -0.124866
v 0.075244 0.192567 -0.088451
v 0.116990 0.192709 -0.115842
v 0.065395 0.189379 -0.046544
v 0.128693 0.001018 0.016396
v 0.168341 0.001018 0.016483
v 0.063410 0.067919 -0.011423
v 0.273416 0.067919 -0.011430
v 0.077358 0.307661 0.035629
v 0.098727 0.310288 0.067526
v 0.130718 0.312044 0.088845
v 0.206269 0.297075 -0.092758
v 0.168527 0.296459 -0.100254
v 0.238259 0.298830 -0.071439
v 0.098775 0.298833 -0.071487
v 0.130780 0.297076 -0.092784
v 0.077384 0.301461 -0.039605
v 0.259629 0.301457 -0.039542
v 0.259603 0.307657 0.035692
v 0.238211 0.310285 0.067574
v 0.206206 0.312042 0.088871
v 0.168459 0.312659 0.096341
v 0.267123 0.304557 -0.001922
v 0.069863 0.304561 -0.001991
v 0.257919 0.137578 0.063616
v 0.276112 0.129246 0.031217
v 0.213723 0.146932 0.083911
v 0.244593 0.163445 0.052384
v 0.279006 0.091712 0.031140
v 0.279059 0.089827 -0.010532
v 0.279154 0.089599 -0.049387
v 0.168489 0.149346 0.087285
v 0.057969 0.091712 0.031147
v 0.215431 0.089677 -0.118450
v 0.121535 0.089674 -0.118449
v 0.078964 0.089527 -0.091840
v 0.057781 0.089595 -0.049381
v 0.060964 0.129203 0.031243
v 0.057890 0.089823 -0.010524
v 0.079187 0.137550 0.063657
v 0.123392 0.146933 0.083945
v 0.092317 0.163398 0.052534
v 0.071585 0.160308 0.023162
v 0.128825 0.167353 0.071886
v 0.093419 0.154531 -0.074412
v 0.063174 0.127039 -0.047683
v 0.072013 0.156040 -0.043354
v 0.069334 0.157823 -0.010139
v 0.084632 0.126726 -0.083530
v 0.127273 0.153982 -0.095015
v 0.122786 0.127322 -0.105957
v 0.168467 0.089619 -0.122875
v 0.252462 0.126757 -0.083499
v 0.214309 0.127342 -0.105934
v 0.209741 0.154013 -0.094918
v 0.273888 0.127080 -0.047665
v 0.257980 0.089530 -0.091841
v 0.243495 0.154588 -0.074274
v 0.264810 0.156122 -0.043201
v 0.267457 0.157896 -0.010143
v 0.265219 0.160378 0.023058
v 0.127407 0.194160 0.074628
v 0.276226 0.128155 -0.009451
v 0.060838 0.128107 -0.009446
v 0.208194 0.167365 0.071785
v 0.168478 0.169038 0.076436
v 0.270737 0.191918 0.021828
v 0.247819 0.193158 0.052792
v 0.168464 0.194757 0.078662
v 0.066049 0.191865 0.021934
v 0.209642 0.194174 0.074521
v 0.271562 0.189481 -0.045896
v 0.089094 0.193117 0.052949
v 0.168489 0.127269 -0.111951
v 0.168480 0.153569 -0.101716
v 0.264261 0.001018 -0.049350
v 0.265240 0.065546 0.022824
v 0.168343 0.023546 0.021801
v 0.210981 0.001018 -0.044081
v 0.071609 0.065549 0.022832
v 0.168430 0.295121 0.114924
v 0.168427 0.294264 -0.107153
v 0.217682 0.294573 0.109779
v 0.085728 0.298115 -0.071487
v 0.288196 0.290153 0.045235
v 0.061197 0.301690 -0.035404
v 0.122578 0.295718 -0.094330
v 0.261235 0.292690 0.083886
v 0.214483 0.295717 -0.094269
v 0.288738 0.287088 0.001292
v 0.289225 0.283787 -0.042521
v 0.086155 0.312077 0.079360
v 0.251275 0.298112 -0.071399
v 0.119394 0.294577 0.109857
v 0.275740 0.301681 -0.035340
v 0.075753 0.292693 0.083999
v 0.048707 0.290157 0.045309
v 0.274812 0.308891 0.044578
v 0.250848 0.312062 0.079269
v 0.261462 0.280826 -0.082737
v 0.212350 0.314478 0.102198
v 0.048164 0.287092 0.001287
v 0.168433 0.315075 0.106775
v 0.047715 0.283803 -0.042743
v 0.062127 0.308904 0.044641
v 0.075527 0.280827 -0.082853
v 0.116955 0.279016 -0.108381
v 0.124720 0.314488 0.102260
v 0.061699 0.305389 0.004701
v 0.168425 0.277776 -0.121970
v 0.275239 0.305381 0.004698
v 0.220110 0.279016 -0.108302
v 0.252568 0.116476 0.141871
v 0.211571 0.127161 0.153606
v 0.168458 0.129383 0.155697
v 0.125406 0.127168 0.153609
v 0.271870 0.040812 0.118208
v 0.059798 0.070118 0.123075
v 0.065036 0.040812 0.118208
v 0.277157 0.070116 0.123076
v 0.084415 0.116479 0.141870
v 0.125489 0.001018 -0.010594
v 0.168322 0.001018 -0.010348
v 0.168370 0.000012 0.122406
v 0.245640 0.117672 0.211681
v 0.208147 0.125234 0.210015
v 0.168465 0.127028 0.209641
v 0.128807 0.125236 0.210015
v 0.272876 0.049466 0.220651
v 0.064506 0.082315 0.217703
v 0.064033 0.049470 0.220649
v 0.272450 0.082309 0.217706
v 0.091328 0.117674 0.211679
v 0.211160 0.001018 -0.010595
v 0.261123 0.001018 -0.012883
v 0.168381 0.007813 0.221195
v 0.119051 0.007875 0.221216
v 0.217709 0.007874 0.221216
v 0.094808 0.065290 0.260588
v 0.096033 0.093864 0.254137
v 0.168464 0.125189 0.234545
v 0.202441 0.123955 0.234830
v 0.229864 0.120151 0.235757
v 0.134500 0.123955 0.234831
v 0.107089 0.120151 0.235757
v 0.240902 0.093862 0.254137
v 0.242092 0.065291 0.260589
v 0.207989 0.001018 0.016395
v 0.251579 0.001018 0.015398
v 0.168306 0.001018 -0.043667
v 0.168328 0.001018 -0.120559
v 0.132381 0.102898 0.267915
v 0.168454 0.104211 0.270045
v 0.204536 0.102898 0.267915
v 0.131178 0.072126 0.277761
v 0.168438 0.072874 0.280613
v 0.205706 0.072126 0.277761
v 0.117784 -0.000255 0.122482
v 0.218949 -0.000255 0.122482
v 0.278440 0.072276 0.170012
v 0.250456 0.115261 0.177490
v 0.168461 0.127030 0.183750
v 0.126754 0.125186 0.182792
v 0.168375 0.001833 0.171734
v 0.125635 0.001018 -0.044080
v 0.058518 0.072279 0.170010
v 0.060084 0.040671 0.168129
v 0.086516 0.115264 0.177489
v 0.276830 0.040670 0.168129
v 0.210208 0.125182 0.182789
v 0.168306 0.001018 -0.077129
v 0.220090 0.001853 0.171965
v 0.116654 0.001853 0.171966
v 0.212605 0.023546 0.021706
v 0.131127 0.001018 -0.078063
v 0.124081 0.023546 0.021707
v 0.275403 0.118820 0.048480
v 0.061656 0.118811 0.048493
v 0.269797 0.094817 0.131976
v 0.067173 0.094819 0.131974
v 0.262233 0.101894 0.215156
v 0.074732 0.101898 0.215153
v 0.235985 0.110641 0.245411
v 0.100963 0.110643 0.245410
v 0.134011 0.117086 0.253372
v 0.168460 0.118367 0.254419
v 0.202921 0.117086 0.253372
v 0.068535 0.095429 0.173684
v 0.268433 0.095426 0.173686
v 0.212436 0.061710 -0.115976
v 0.086169 0.060402 -0.088596
v 0.068720 0.058416 -0.047331
v 0.250558 0.060409 -0.088591
v 0.124323 0.061706 -0.115978
v 0.268001 0.058425 -0.047334
v 0.168383 0.061847 -0.119685
v 0.072627 0.056669 -0.010675
v 0.264121 0.056677 -0.010681
v 0.081557 0.054138 0.021886
v 0.255220 0.054143 0.021881
v 0.070732 0.028185 0.117585
v 0.266102 0.028191 0.117586
v 0.072105 0.036008 0.220728
v 0.264751 0.036017 0.220732
v 0.100567 0.047370 0.254828
v 0.236297 0.047383 0.254829
v 0.132185 0.052376 0.268254
v 0.168424 0.052882 0.270284
v 0.204668 0.052379 0.268254
v 0.067207 0.027451 0.167983
v 0.269643 0.027460 0.167984
v 0.266756 0.023546 -0.010135
v 0.271896 0.023546 -0.049795
v 0.071460 -0.000237 0.122617
v 0.081662 0.023546 -0.092686
v 0.064712 0.023546 -0.049791
v 0.120735 0.023546 -0.122303
v 0.254954 0.023546 -0.092677
v 0.215913 0.023546 -0.122300
v 0.216039 0.056346 -0.121125
v 0.062277 0.052354 -0.050748
v 0.120708 0.056359 -0.121134
v 0.274416 0.052327 -0.050749
v 0.168378 0.056807 -0.127763
v 0.168330 0.023546 -0.127236
v 0.255193 0.023546 0.020621
v 0.069892 0.023546 -0.010120
v 0.065524 0.050256 -0.011915
v 0.271193 0.050228 -0.011930
v 0.081496 0.023546 0.020642
v 0.077360 0.046971 0.022988
v 0.259387 0.046942 0.022969
v 0.062470 0.023755 0.118156
v 0.274340 0.023727 0.118147
v 0.265290 -0.000237 0.122609
v 0.064983 0.030017 0.222369
v 0.074754 0.008208 0.223345
v 0.271860 0.030002 0.222370
v 0.262037 0.008208 0.223342
v 0.267540 0.001942 0.172992
v 0.069230 0.001942 0.172995
v 0.239425 0.015940 0.256513
v 0.097391 0.015942 0.256515
v 0.127235 0.017657 0.264020
v 0.168403 0.018212 0.266823
v 0.092845 0.039484 0.261276
v 0.209573 0.017656 0.264019
v 0.244003 0.039481 0.261278
v 0.278690 0.021889 0.169477
v 0.080629 0.054686 -0.092480
v 0.256079 0.054662 -0.092467
v 0.128668 0.043856 0.276713
v 0.168418 0.043915 0.279496
v 0.208172 0.043853 0.276713
v 0.058140 0.021911 0.169479
v 0.257768 0.186369 -0.079879
v 0.051132 0.186675 -0.042641
v 0.168467 0.186192 -0.113625
v 0.258809 0.188537 0.070655
v 0.051847 0.187834 0.035477
v 0.215381 0.189115 0.095375
v 0.050992 0.186945 -0.003559
v 0.285855 0.186771 -0.041841
v 0.284925 0.187894 0.035361
v 0.078105 0.188490 0.070829
v 0.168463 0.189614 0.100101
v 0.079147 0.186333 -0.080056
v 0.119154 0.186592 -0.104510
v 0.217895 0.186610 -0.104387
v 0.121686 0.189096 0.095495
v 0.285777 0.186999 -0.003555
v 0.119204 0.004977 0.097067
v 0.122734 0.018337 0.040946
v 0.213961 0.018336 0.040945
v 0.217517 0.004976 0.097065
v 0.125118 0.128824 0.146759
v 0.123502 0.144599 0.091093
v 0.168349 0.018284 0.041043
v 0.168364 0.005038 0.097176
v 0.080127 0.134098 0.075745
v 0.083880 0.118921 0.132189
v 0.168461 0.131058 0.149155
v 0.168486 0.147240 0.093693
v 0.213600 0.144591 0.091080
v 0.211875 0.128818 0.146750
v 0.253123 0.118923 0.132179
v 0.256962 0.134112 0.075741
v 0.278242 0.086794 0.049305
v 0.277121 0.073452 0.106273
v 0.071848 0.060890 0.041589
v 0.068050 0.046300 0.097885
v 0.059835 0.073454 0.106274
v 0.058726 0.086797 0.049305
v 0.268842 0.046299 0.097880
v 0.265012 0.060886 0.041586
v 0.062876 0.113748 0.063133
v 0.066537 0.097801 0.118926
v 0.274165 0.113750 0.063133
v 0.270445 0.097800 0.118922
v 0.079192 0.046067 0.040343
v 0.071973 0.031706 0.096154
v 0.257580 0.046050 0.040337
v 0.264832 0.031692 0.096143
v 0.082206 0.019204 0.039373
v 0.077271 0.006102 0.095581
v 0.259462 0.006077 0.095566
v 0.254494 0.019182 0.039361
v 0.076368 0.012677 0.043574
v 0.072976 0.002114 0.087122
v 0.283518 0.114206 0.070487
v 0.280565 0.102260 0.113957
v 0.259263 0.126550 0.128211
v 0.262901 0.137873 0.084350
v 0.216166 0.150529 0.099374
v 0.214498 0.138375 0.142618
v 0.067585 0.045134 0.046006
v 0.062051 0.034040 0.089335
v 0.214543 0.008438 0.044895
v 0.217191 -0.001935 0.088448
v 0.263745 0.002084 0.087104
v 0.260326 0.012646 0.043558
v 0.269195 0.045083 0.045984
v 0.274755 0.033990 0.089310
v 0.053519 0.114217 0.070484
v 0.056428 0.102273 0.113958
v 0.119523 -0.001933 0.088450
v 0.122152 0.008440 0.044897
v 0.168350 0.008263 0.045053
v 0.168362 -0.002025 0.088613
v 0.122503 0.138382 0.142624
v 0.120918 0.150537 0.099383
v 0.278633 0.045621 0.090633
v 0.275785 0.056898 0.046945
v 0.288246 0.084575 0.055813
v 0.287478 0.074282 0.100039
v 0.074183 0.137869 0.084349
v 0.077751 0.126551 0.128214
v 0.061067 0.056925 0.046957
v 0.058243 0.045647 0.090647
v 0.049475 0.074301 0.100042
v 0.048717 0.084595 0.055817
v 0.168467 0.141066 0.145442
v 0.168489 0.153586 0.102384
v 0.249689 0.460679 0.081039
v 0.249689 0.460680 -0.081039
v 0.087611 0.460679 0.081039
v 0.087611 0.460680 -0.081039
v 0.272819 0.460679 -0.044318
v 0.272819 0.460679 0.044318
v 0.124332 0.460679 -0.103831
v 0.212968 0.460679 -0.103831
v 0.064483 0.460679 0.044318
v 0.064483 0.460679 -0.044318
v 0.212968 0.460679 0.103831
v 0.124332 0.460679 0.103831
v 0.250306 0.507124 0.041953
v 0.250306 0.507124 -0.041953
v 0.087573 0.507125 -0.041953
v 0.087573 0.507125 0.041953
v 0.126985 0.507125 -0.081025
v 0.210891 0.507125 -0.081025
v 0.213789 0.529194 0.044711
v 0.124089 0.529194 0.044711
v 0.213789 0.529194 -0.044711
v 0.124089 0.529194 -0.044711
v 0.239649 0.496810 -0.070711
v 0.098227 0.496810 -0.070711
v 0.239649 0.496810 0.070711
v 0.126985 0.507124 0.081025
v 0.210891 0.507124 0.081025
v 0.098227 0.496810 0.070711
v 0.168413 0.460679 -0.103831
v 0.168413 0.460679 0.103831
v 0.168413 0.529194 -0.044711
v 0.168413 0.507125 -0.081025
v 0.168413 0.529194 0.044711
v 0.168413 0.507124 0.081025
v 0.242455 0.329035 0.073347
v 0.242819 0.329035 -0.074686
v 0.094786 0.329035 -0.075050
v 0.094422 0.329035 0.072983
v 0.265229 0.329035 0.039444
v 0.265426 0.329035 -0.040671
v 0.208916 0.329035 -0.097460
v 0.128801 0.329035 -0.097657
v 0.072012 0.329035 -0.041147
v 0.071815 0.329035 0.038968
v 0.128325 0.329035 0.095757
v 0.208440 0.329035 0.095954
v 0.168363 0.329035 0.103823
v 0.168878 0.329035 -0.105527
v 0.249542 0.373364 0.080891
v 0.168413 0.373283 0.103644
v 0.168413 0.373283 -0.108188
v 0.249542 0.373364 -0.080892
v 0.087759 0.373364 -0.080892
v 0.087759 0.373364 0.080891
v 0.272635 0.373283 0.044237
v 0.272635 0.373283 -0.044237
v 0.215500 0.372668 -0.107376
v 0.121800 0.372669 -0.107376
v 0.064667 0.373283 -0.044237
v 0.064667 0.373283 0.044237
v 0.124413 0.373283 0.103644
v 0.212887 0.373283 0.103644
v 0.274598 0.460679 -0.000000
v 0.062710 0.460679 -0.000000
v 0.251621 0.507124 -0.000000
v 0.086274 0.507125 -0.000000
v 0.214569 0.529194 -0.000000
v 0.123326 0.529194 -0.000000
v 0.168413 0.529194 -0.000000
v 0.063946 0.329035 -0.001109
v 0.273295 0.329035 -0.000594
v 0.274407 0.373283 -0.000000
v 0.062901 0.373283 -0.000000
v 0.249615 0.417022 0.080965
v 0.168413 0.416981 0.103738
v 0.168413 0.416981 -0.108281
v 0.249615 0.417022 -0.080965
v 0.087685 0.417022 -0.080965
v 0.087685 0.417022 0.080965
v 0.272727 0.416981 0.044277
v 0.272727 0.416981 -0.044278
v 0.214234 0.416674 -0.105604
v 0.123066 0.416674 -0.105604
v 0.064575 0.416981 -0.044278
v 0.064575 0.416981 0.044277
v 0.124373 0.416981 0.103738
v 0.212928 0.416981 0.103738
v 0.062806 0.416981 -0.000000
v 0.274503 0.416981 -0.000000
vn 0.2687 0.7838 0.5599
vn 0.1862 0.9344 0.3037
vn 0.5428 0.7913 0.2816
vn 0.6798 0.6123 0.4035
vn -0.7294 -0.2713 -0.6279
vn -0.7343 0.1174 -0.6685
vn -0.3216 0.1975 -0.9260
vn -0.3165 -0.1731 -0.9327
vn -0.0000 0.2216 -0.9751
vn 0.3221 0.1958 -0.9262
vn 0.3166 -0.1752 -0.9322
vn 0.0001 -0.1395 -0.9902
vn 0.9177 0.3798 0.1164
vn 0.8928 0.4447 0.0712
vn 0.9981 0.0522 -0.0334
vn 0.9991 -0.0075 -0.0422
vn -0.0139 -0.2308 0.9729
vn -0.0231 -0.2316 0.9725
vn -0.0113 -0.2306 0.9730
vn -0.7789 -0.1722 -0.6030
vn -0.3666 -0.1466 -0.9188
vn -0.3406 -0.3052 -0.8893
vn -0.7472 -0.3230 -0.5808
vn -0.9564 -0.1821 0.2283
vn -0.9535 -0.2034 0.2224
vn -0.9396 -0.2681 0.2128
vn -0.9126 -0.2451 0.3274
vn -0.9725 0.0132 -0.2327
vn -0.9117 -0.3712 -0.1763
vn -0.8820 -0.4639 0.0828
vn -0.9945 -0.1006 0.0288
vn -0.9991 -0.0061 -0.0420
vn -0.9980 0.0534 -0.0333
vn -0.8926 0.4453 0.0708
vn -0.9174 0.3807 0.1159
vn -0.0222 0.9959 -0.0876
vn 0.4614 0.8659 -0.1931
vn 0.0214 0.9943 -0.1047
vn -0.0120 0.9961 -0.0872
vn -0.6581 -0.0999 0.7462
vn -0.6695 0.2323 0.7055
vn -0.2977 0.2327 0.9259
vn -0.2941 -0.0939 0.9511
vn -0.0665 0.9801 -0.1871
vn -0.0635 0.9485 -0.3104
vn -0.1931 0.8419 -0.5039
vn -0.3129 0.8627 -0.3972
vn 0.9497 -0.3126 0.0163
vn 0.8925 -0.3474 -0.2877
vn 0.8920 0.3383 -0.2997
vn 0.9454 0.3255 -0.0150
vn 0.6598 -0.1000 0.7448
vn 0.6704 0.2351 0.7038
vn 0.9480 0.1473 0.2822
vn 0.9366 -0.1318 0.3245
vn -0.3480 -0.1860 -0.9188
vn -0.3407 0.1149 -0.9331
vn -0.6849 0.1139 -0.7196
vn -0.6696 -0.1861 -0.7190
vn 0.0299 0.9919 -0.1238
vn 0.0234 0.9855 -0.1678
vn 0.0227 0.9852 -0.1700
vn 0.0300 0.9917 -0.1248
vn 0.0008 0.1040 -0.9946
vn 0.0010 -0.1921 -0.9814
vn 0.3503 -0.1858 -0.9180
vn 0.3420 0.1165 -0.9325
vn 0.9370 0.2938 0.1888
vn 0.9176 0.3552 0.1783
vn 0.9867 -0.1627 0.0054
vn 0.9886 -0.1489 0.0229
vn 0.0008 0.9408 -0.3391
vn -0.0000 0.8109 -0.5852
vn -0.9500 -0.3120 0.0144
vn -0.8787 -0.3653 0.3075
vn -0.9172 0.2921 0.2709
vn -0.9451 0.3263 -0.0159
vn -0.2685 0.7829 0.5612
vn -0.1864 0.9344 0.3034
vn -0.0000 0.9501 0.3118
vn 0.0003 0.7823 0.6229
vn 0.7284 -0.2758 -0.6271
vn 0.7348 0.1136 -0.6687
vn 0.9725 0.0086 -0.2330
vn 0.9096 -0.3761 -0.1764
vn -0.6379 0.7401 0.2129
vn -0.5751 0.8063 0.1385
vn -0.1707 0.9736 0.1518
vn -0.2010 0.9485 0.2448
vn -0.3185 -0.0151 0.9478
vn 0.0009 -0.0136 0.9999
vn 0.0007 0.1854 0.9827
vn -0.3208 0.2008 0.9256
vn -0.6878 -0.0112 0.7258
vn -0.6771 0.2404 0.6955
vn 0.3141 0.8623 -0.3972
vn 0.0672 0.9799 -0.1877
vn -0.8903 -0.3483 -0.2934
vn -0.8908 0.3398 -0.3016
vn -0.6329 0.3625 -0.6842
vn -0.6865 0.0528 -0.7252
vn -0.9880 -0.1543 0.0085
vn -0.9972 0.0745 -0.0109
vn -0.9482 0.1434 0.2835
vn -0.9363 -0.1321 0.3254
vn -0.0211 0.9943 -0.1046
vn -0.4608 0.8663 -0.1928
vn 0.0289 0.9947 -0.0987
vn 0.0290 0.9949 -0.0963
vn 0.9969 0.0782 -0.0104
vn 0.9879 -0.1549 0.0097
vn -0.0300 0.9919 -0.1238
vn -0.0291 0.9947 -0.0987
vn -0.0292 0.9949 -0.0964
vn -0.0301 0.9917 -0.1251
vn 0.9452 0.0863 -0.3150
vn 0.9334 -0.1824 -0.3090
vn 0.1939 0.8415 -0.5043
vn 0.3547 0.3747 -0.8566
vn 0.0004 0.3698 -0.9291
vn -0.7004 -0.6930 -0.1708
vn -0.3883 -0.8181 -0.4242
vn -0.4327 -0.8013 -0.4131
vn 0.2966 -0.0940 0.9504
vn 0.2992 0.2341 0.9250
vn 0.0001 0.9805 -0.1963
vn -0.0235 0.9855 -0.1678
vn -0.0227 0.9851 -0.1704
vn -0.0000 0.9805 -0.1963
vn 0.0011 -0.0969 0.9953
vn 0.0009 0.2124 0.9772
vn 0.0221 0.9959 -0.0876
vn 0.0119 0.9961 -0.0871
vn -0.7848 0.5665 0.2514
vn -0.5926 0.4754 0.6502
vn -0.0000 -1.0000 -0.0000
vn 0.4847 0.8729 0.0558
vn 0.5451 0.8375 -0.0383
vn 0.5501 0.8341 -0.0409
vn 0.4912 0.8705 0.0319
vn 0.7266 0.6559 0.2045
vn 0.7896 0.5737 0.2177
vn 0.9540 0.2178 0.2059
vn 0.7199 0.6708 0.1785
vn 0.9979 -0.0091 0.0639
vn 0.9327 -0.3207 -0.1650
vn 0.9539 -0.2619 -0.1468
vn 0.9535 -0.2800 -0.1116
vn 0.9150 -0.3844 -0.1223
vn -0.0000 -0.2298 0.9732
vn -0.0000 -0.9801 -0.1984
vn 0.0027 -0.9783 -0.2071
vn 0.0011 -0.9965 -0.0838
vn -0.0000 -0.9968 -0.0800
vn -0.9709 -0.1979 -0.1349
vn -0.9413 -0.3104 -0.1325
vn 0.0010 -0.9672 -0.2538
vn 0.0020 -0.9697 -0.2445
vn 0.0010 -0.9674 -0.2533
vn -0.0000 -0.1375 -0.9905
vn -0.0000 -0.2842 -0.9588
vn -0.0029 -0.9783 -0.2074
vn -0.0011 -0.9965 -0.0840
vn 0.9941 -0.1047 0.0283
vn 0.8606 -0.5092 -0.0084
vn 0.8799 -0.4681 0.0818
vn 0.6351 0.3611 -0.6829
vn 0.6889 0.0510 -0.7231
vn 0.3832 0.0652 -0.9214
vn 0.0001 0.9701 0.2427
vn -0.0000 0.9874 0.1582
vn 0.1706 0.9735 0.1520
vn 0.2012 0.9484 0.2451
vn -0.8626 -0.5058 -0.0073
vn -0.9891 -0.1457 0.0234
vn -0.0001 -0.9513 0.3083
vn -0.0002 -0.9513 0.3083
vn 0.0783 -0.9550 0.2861
vn 0.1195 -0.9591 0.2568
vn 0.1627 -0.9621 0.2188
vn 0.1911 -0.9637 0.1866
vn 0.3203 -0.0156 0.9472
vn 0.6889 -0.0123 0.7247
vn 0.6782 0.2396 0.6947
vn 0.3223 0.2004 0.9252
vn -0.1555 -0.9754 -0.1563
vn -0.1625 -0.9755 -0.1484
vn -0.2410 -0.9701 -0.0289
vn -0.2192 -0.9733 -0.0674
vn 0.6723 -0.1847 -0.7169
vn 0.6861 0.1177 -0.7179
vn -0.3817 0.0658 -0.9219
vn -0.3535 0.3752 -0.8569
vn 0.0007 0.0676 -0.9977
vn 0.1555 -0.9754 -0.1565
vn 0.1625 -0.9755 -0.1486
vn 0.0817 -0.9744 -0.2093
vn -0.0594 -0.9799 0.1904
vn 0.2528 -0.9672 0.0229
vn 0.2347 -0.9719 0.0200
vn 0.2409 -0.9701 -0.0291
vn 0.2192 -0.9733 -0.0676
vn -0.9453 0.0821 -0.3157
vn -0.9314 -0.1832 -0.3145
vn 0.3666 -0.1471 -0.9187
vn 0.3408 -0.3052 -0.8892
vn -0.0000 -0.9649 -0.2625
vn -0.6801 0.6112 0.4049
vn -0.5424 0.7918 0.2809
vn 0.0641 0.9479 -0.3120
vn -0.7926 -0.6095 0.0164
vn 0.8788 -0.3655 0.3067
vn 0.9177 0.2910 0.2704
vn 0.1971 -0.8724 -0.4473
vn 0.1770 -0.8768 -0.4470
vn 0.3917 -0.8169 -0.4233
vn 0.4372 -0.7996 -0.4117
vn 0.0007 -0.8951 -0.4459
vn 0.0006 -0.8951 -0.4459
vn 0.9446 0.2853 0.1624
vn 0.9801 0.1972 -0.0234
vn 0.9273 0.2444 -0.2834
vn -0.9449 0.2837 0.1634
vn -0.9363 0.2962 0.1887
vn -0.9805 0.1949 -0.0231
vn -0.9277 0.2425 -0.2838
vn -0.6784 0.3126 -0.6649
vn -0.3145 0.3430 -0.8851
vn 0.3151 0.3440 -0.8845
vn 0.0002 0.3392 -0.9407
vn 0.0605 -0.9798 0.1904
vn -0.0818 -0.9744 -0.2092
vn 0.6787 0.3139 -0.6639
vn -0.2131 -0.9753 0.0575
vn -0.2094 -0.9707 0.1176
vn -0.1634 -0.9620 0.2189
vn -0.1920 -0.9634 0.1868
vn -0.0001 -0.9732 -0.2300
vn 0.0004 -0.9870 0.1609
vn -0.2525 -0.9673 0.0223
vn -0.2341 -0.9720 0.0187
vn -0.0046 -0.9971 -0.0764
vn -0.0093 -0.9762 -0.2166
vn -0.9978 -0.0062 0.0654
vn -0.7862 0.5781 0.2183
vn -0.9528 0.2219 0.2071
vn -0.2770 0.4096 0.8692
vn -0.8016 0.5966 -0.0388
vn 0.8022 0.5958 -0.0387
vn 0.5936 0.4748 0.6497
vn 0.2781 0.4093 0.8690
vn 0.0005 0.3788 0.9255
vn 0.7855 0.5657 0.2511
vn -0.0003 -0.9967 0.0813
vn 0.0005 -0.9966 0.0825
vn -0.0005 -0.9868 0.1620
vn -0.0000 -0.9851 0.1719
vn -0.9549 -0.2587 -0.1457
vn -0.9345 -0.3161 -0.1634
vn -0.9169 -0.3801 -0.1215
vn -0.9545 -0.2769 -0.1110
vn 0.5752 0.8062 0.1390
vn 0.6384 0.7394 0.2138
vn -0.4808 0.8749 0.0572
vn -0.4629 0.8786 0.1176
vn -0.4875 0.8725 0.0330
vn 0.0090 -0.9763 -0.2161
vn 0.0045 -0.9971 -0.0761
vn -0.8616 -0.4818 -0.1601
vn -0.9872 -0.1596 0.0059
vn -0.9168 0.3574 0.1780
vn 0.8497 0.5266 0.0272
vn 0.5224 0.8521 0.0309
vn 0.4818 0.8686 0.1159
vn 0.7780 0.5800 0.2414
vn -0.0000 0.9993 0.0383
vn -0.1438 0.9892 0.0299
vn -0.1218 0.9922 0.0253
vn -0.0000 0.9994 0.0338
vn -0.9880 0.1531 0.0216
vn -0.9594 -0.2804 0.0290
vn -0.8914 -0.2179 0.3975
vn -0.9123 0.2507 0.3239
vn -0.8495 0.5269 0.0271
vn -0.7779 0.5803 0.2411
vn -0.5224 0.8522 0.0308
vn -0.4817 0.8686 0.1158
vn 0.8815 -0.4711 0.0319
vn 0.9587 -0.2831 0.0291
vn 0.8908 -0.2198 0.3977
vn 0.7769 -0.4653 0.4243
vn 0.1438 0.9892 0.0299
vn 0.1217 0.9922 0.0253
vn -0.0000 -0.9968 0.0802
vn 0.9881 0.1521 0.0217
vn 0.9124 0.2499 0.3242
vn 0.0003 -0.9967 0.0813
vn -0.8885 -0.2842 -0.3603
vn -0.9100 -0.3687 -0.1897
vn -0.9076 -0.3481 -0.2345
vn -0.0005 -0.9966 0.0825
vn 0.0005 -0.9868 0.1620
vn -0.3279 0.9001 0.2867
vn -0.1082 0.9676 0.2283
vn 0.5862 -0.1026 0.8037
vn 0.4966 -0.4109 0.7646
vn -0.0000 0.9794 0.2019
vn 0.1081 0.9675 0.2284
vn 0.3279 0.9001 0.2868
vn -0.0000 -0.9749 0.2226
vn -0.0002 -0.9748 0.2231
vn -0.0019 -0.9746 0.2239
vn 0.0002 -0.9748 0.2231
vn -0.5865 -0.1017 0.8035
vn -0.6072 0.3662 0.7052
vn -0.5063 0.6769 0.5343
vn -0.1649 0.8085 0.5649
vn -0.0000 0.8537 0.5208
vn 0.1648 0.8085 0.5650
vn 0.5062 0.6767 0.5346
vn -0.2332 -0.0579 0.9707
vn -0.2331 0.4971 0.8358
vn -0.0000 -0.0665 0.9978
vn -0.0000 0.5385 0.8426
vn 0.2331 -0.0582 0.9707
vn 0.2330 0.4969 0.8359
vn 0.6070 0.3657 0.7055
vn -0.4974 -0.4097 0.7647
vn -0.1952 -0.4281 0.8824
vn -0.0000 -0.4477 0.8942
vn 0.1949 -0.4285 0.8823
vn 0.9705 -0.1993 -0.1353
vn 0.9535 -0.2047 0.2214
vn 0.9398 -0.2681 0.2118
vn 0.9413 -0.3104 -0.1329
vn 0.0141 -0.2309 0.9729
vn 0.0115 -0.2306 0.9730
vn 0.7788 -0.1733 -0.6028
vn 0.7474 -0.3230 -0.5806
vn -0.0012 -0.9675 -0.2530
vn -0.0024 -0.9698 -0.2440
vn -0.0011 -0.9673 -0.2536
vn 0.0235 -0.2317 0.9725
vn 0.8596 -0.4849 -0.1612
vn 0.8052 -0.5897 -0.0623
vn 0.8195 -0.5261 -0.2272
vn -0.2211 0.7883 -0.5742
vn 0.0002 0.7960 -0.6053
vn 0.0001 0.7960 -0.6053
vn -0.2625 0.7834 -0.5634
vn 0.5982 0.7937 0.1104
vn 0.5976 0.7992 0.0642
vn -0.7785 -0.4629 0.4240
vn 0.2222 0.7870 -0.5755
vn 0.5122 0.7677 -0.3852
vn 0.5227 0.7678 -0.3704
vn 0.2635 0.7819 -0.5650
vn -0.8834 -0.4675 0.0318
vn -0.5963 0.7953 0.1096
vn -0.5421 0.8395 -0.0382
vn -0.5472 0.8360 -0.0409
vn -0.5955 0.8008 0.0634
vn -0.8077 -0.5864 -0.0608
vn -0.8219 -0.5229 -0.2259
vn 0.7648 -0.6359 0.1030
vn 0.7733 -0.6158 -0.1510
vn -0.7675 -0.6325 0.1043
vn -0.7231 0.6598 0.2046
vn -0.6663 0.7446 -0.0406
vn -0.6547 0.7510 -0.0864
vn -0.7163 0.6746 0.1786
vn -0.2890 -0.4589 -0.8402
vn -0.6277 -0.5401 -0.5607
vn 0.2878 -0.4606 -0.8397
vn -0.0001 -0.4178 -0.9085
vn -0.7762 -0.6121 -0.1509
vn 0.6257 -0.5434 -0.5597
vn -0.3676 0.0089 -0.9299
vn 0.0002 0.0096 -1.0000
vn 0.3683 0.0079 -0.9297
vn 0.7840 -0.0282 -0.6201
vn -0.9695 -0.1372 0.2030
vn -0.9836 -0.0885 -0.1574
vn 0.9833 -0.0914 -0.1577
vn -0.7838 -0.0259 -0.6205
vn 0.9693 -0.1400 0.2020
vn 0.9564 -0.1839 0.2270
vn 0.9881 -0.1462 0.0473
vn -0.9884 -0.1437 0.0487
vn -0.9029 -0.4273 0.0470
vn -0.9019 -0.4275 0.0616
vn -0.8427 -0.3655 0.3953
vn -0.8450 -0.3679 0.3881
vn -0.5500 -0.3218 0.7707
vn -0.5175 -0.3249 0.7916
vn 0.9089 -0.3711 -0.1902
vn 0.9066 -0.3506 -0.2349
vn 0.9017 -0.4297 0.0469
vn 0.9008 -0.4299 0.0614
vn 0.1824 -0.3837 0.9053
vn 0.5496 -0.3228 0.7706
vn 0.5173 -0.3258 0.7913
vn 0.1566 -0.3955 0.9050
vn -0.0000 -0.4378 0.8991
vn -0.1826 -0.3834 0.9054
vn -0.1565 -0.3953 0.9051
vn 0.8419 -0.3674 0.3952
vn 0.8443 -0.3698 0.3879
vn -0.5460 -0.3280 0.7709
vn -0.5151 -0.3347 0.7891
vn -0.5148 -0.3432 0.7856
vn -0.5437 -0.3331 0.7703
vn 0.8875 -0.2864 -0.3609
vn 0.6698 0.7414 -0.0414
vn 0.6582 0.7478 -0.0873
vn 0.4569 0.7733 0.4396
vn 0.1846 0.7398 0.6470
vn 0.2155 0.7434 0.6332
vn 0.5019 0.7770 0.3800
vn -0.0000 0.7156 0.6985
vn 0.4672 0.8766 0.1154
vn -0.1845 0.7402 0.6465
vn -0.2156 0.7439 0.6326
vn -0.5096 0.7702 -0.3835
vn -0.5202 0.7704 -0.3687
vn -0.4562 0.7743 0.4386
vn -0.5011 0.7781 0.3788
vn 0.0019 -0.9746 0.2239
vn 0.9129 -0.2451 0.3264
vn -0.7063 -0.6852 0.1779
vn -0.4185 -0.8015 0.4272
vn -0.3664 -0.8181 0.4433
vn 0.0007 -0.8730 0.4877
vn 0.1419 -0.8643 0.4826
vn 0.7069 -0.6847 0.1778
vn 0.7927 -0.6093 0.0185
vn 0.7020 -0.6919 -0.1687
vn -0.1402 -0.8645 0.4827
vn 0.4202 -0.8008 0.4267
vn 0.3681 -0.8175 0.4429
vn -0.1199 -0.9590 0.2569
vn -0.0787 -0.9549 0.2863
vn 0.2134 -0.9752 0.0592
vn 0.2090 -0.9708 0.1180
vn -0.1755 -0.8771 -0.4470
vn -0.1955 -0.8727 -0.4473
vn -0.5362 0.2230 -0.8141
vn -0.4546 -0.0658 -0.8882
vn -0.4646 -0.0470 -0.8843
vn -0.5406 0.2634 -0.7990
vn -0.0000 0.8092 -0.5875
vn -0.0302 0.8333 -0.5520
vn -0.0304 0.8334 -0.5518
vn -0.4384 0.1075 0.8923
vn -0.2047 0.3122 0.9277
vn -0.2381 0.2980 0.9244
vn -0.4644 0.0559 0.8839
vn -0.0000 -0.7758 0.6310
vn -0.0346 -0.8068 0.5898
vn -0.0332 -0.8056 0.5916
vn -0.2379 0.7936 -0.5600
vn -0.4861 0.5795 -0.6541
vn -0.4854 0.5808 -0.6535
vn -0.2300 0.7969 -0.5586
vn -0.5218 -0.1611 0.8377
vn -0.5208 -0.1927 0.8316
vn -0.6529 -0.2425 0.7176
vn -0.6233 -0.2495 0.7411
vn -0.0000 -0.3711 -0.9286
vn -0.0029 -0.4078 -0.9131
vn -0.0030 -0.4087 -0.9127
vn 0.0026 -0.4079 -0.9130
vn 0.0027 -0.4089 -0.9126
vn 0.5364 0.2214 -0.8144
vn 0.4872 0.5786 -0.6541
vn 0.4865 0.5801 -0.6533
vn 0.5409 0.2621 -0.7992
vn 0.4380 0.1068 0.8926
vn 0.5213 -0.1619 0.8379
vn 0.5204 -0.1935 0.8317
vn 0.4640 0.0551 0.8841
vn 0.0658 -0.8340 0.5478
vn 0.0344 -0.8068 0.5898
vn 0.0331 -0.8055 0.5916
vn -0.0000 0.3636 0.9315
vn 0.2046 0.3118 0.9278
vn 0.2381 0.2975 0.9245
vn 0.0001 0.3636 0.9315
vn 0.2387 0.7936 -0.5596
vn 0.2307 0.7970 -0.5582
vn 0.2494 -0.2576 -0.9335
vn 0.4492 -0.0866 -0.8892
vn 0.4385 -0.1026 -0.8929
vn 0.2572 -0.2510 -0.9332
vn -0.4505 -0.0856 -0.8886
vn -0.4398 -0.1015 -0.8923
vn -0.0662 -0.8341 0.5477
vn 0.0793 -0.9680 -0.2382
vn 0.0415 -0.9712 -0.2348
vn 0.0399 -0.9713 -0.2346
vn -0.0800 -0.9679 -0.2382
vn -0.0402 -0.9713 -0.2346
vn -0.0419 -0.9712 -0.2348
vn -0.9462 -0.2776 -0.1664
vn -0.9288 -0.3266 -0.1754
vn -0.9259 -0.3340 -0.1767
vn 0.4536 -0.0672 -0.8887
vn 0.4638 -0.0483 -0.8846
vn 0.9275 -0.3296 -0.1766
vn 0.9453 -0.2800 -0.1675
vn 0.9245 -0.3370 -0.1779
vn 0.5147 -0.3357 0.7889
vn 0.5145 -0.3442 0.7854
vn 0.9236 -0.3550 -0.1446
vn 0.9241 -0.3543 -0.1436
vn 0.6529 -0.2450 0.7168
vn 0.6998 -0.2320 0.6756
vn 0.6233 -0.2524 0.7401
vn 0.5410 0.8020 0.2533
vn 0.9004 0.4044 0.1604
vn 0.9284 0.3438 0.1413
vn 0.6296 0.7378 0.2433
vn -0.9982 -0.0594 -0.0009
vn -0.8998 0.4059 0.1599
vn -0.9278 0.3455 0.1409
vn -0.9940 -0.1079 -0.0193
vn 0.9981 -0.0617 -0.0012
vn 0.9937 -0.1102 -0.0197
vn -0.0000 -0.9730 -0.2308
vn -0.6999 -0.2301 0.6762
vn -0.9249 -0.3520 -0.1436
vn -0.9254 -0.3512 -0.1426
vn -0.2504 -0.2572 -0.9333
vn -0.2582 -0.2507 -0.9330
vn -0.0000 0.9611 0.2762
vn 0.1891 0.9433 0.2728
vn 0.2163 0.9378 0.2716
vn 0.0303 0.8335 -0.5516
vn 0.0304 0.8336 -0.5515
vn -0.5408 0.8024 0.2525
vn -0.6290 0.7386 0.2425
vn 0.5459 -0.3303 0.7700
vn 0.5435 -0.3354 0.7695
vn -0.1892 0.9434 0.2725
vn -0.2162 0.9379 0.2713
vn 0.7048 -0.0024 0.7094
vn 0.9550 -0.0023 0.2966
vn 0.9373 0.2097 0.2785
vn 0.6908 0.1960 0.6960
vn 0.9550 -0.0023 -0.2966
vn 0.7231 0.0109 -0.6906
vn 0.6947 0.2025 -0.6902
vn 0.9373 0.2097 -0.2785
vn 0.3155 0.0357 -0.9483
vn 0.2686 0.2360 -0.9339
vn -0.3156 0.0357 -0.9482
vn -0.7231 0.0109 -0.6906
vn -0.6946 0.2062 -0.6892
vn -0.2695 0.2372 -0.9333
vn -0.9550 -0.0023 -0.2965
vn -0.9363 0.2144 -0.2783
vn -0.9550 -0.0023 0.2965
vn -0.7048 -0.0024 0.7094
vn -0.6906 0.1998 0.6951
vn -0.9363 0.2144 0.2783
vn -0.2742 -0.0023 0.9617
vn -0.2580 0.2118 0.9426
vn 0.2742 -0.0023 0.9617
vn 0.2571 0.2106 0.9431
vn -0.5949 0.5341 -0.6007
vn -0.2288 0.6565 -0.7188
vn -0.7114 0.6593 0.2434
vn -0.5949 0.5341 0.6007
vn -0.2288 0.6565 0.7188
vn -0.2550 0.9309 0.2615
vn 0.5976 0.5297 -0.6019
vn 0.7146 0.6556 -0.2439
vn 0.7390 0.6738 -0.0000
vn 0.7146 0.6556 0.2439
vn 0.9746 0.2238 -0.0000
vn -0.7355 0.6775 -0.0000
vn -0.2698 0.9629 -0.0000
vn -0.0000 0.6747 0.7381
vn -0.0000 0.2252 0.9743
vn 0.2298 0.6553 0.7195
vn 0.5976 0.5297 0.6019
vn -0.7114 0.6593 -0.2434
vn 0.2550 0.9309 0.2616
vn -0.9735 0.2286 -0.0000
vn 0.2298 0.6553 -0.7195
vn -0.0000 0.9630 0.2697
vn -0.0001 0.2608 -0.9654
vn -0.0000 0.6747 -0.7381
vn 0.2550 0.9309 -0.2616
vn 0.2699 0.9629 -0.0000
vn -0.2550 0.9309 -0.2615
vn -0.0000 0.9630 -0.2697
vn -0.0000 1.0000 -0.0000
vn -0.3470 -0.0873 -0.9338
vn -0.0002 -0.0199 -0.9998
vn 0.0020 -0.1560 -0.9878
vn 0.3011 -0.0785 0.9504
vn -0.0007 -0.0461 0.9989
vn -0.0017 -0.2476 0.9689
vn 0.3316 -0.2722 0.9033
vn -0.3014 -0.0786 0.9503
vn -0.3358 -0.2705 0.9022
vn -0.9987 -0.0503 0.0003
vn -0.9454 -0.0738 -0.3173
vn -0.9203 -0.1724 -0.3511
vn -0.9860 -0.1670 0.0039
vn 0.3472 -0.0876 -0.9337
vn 0.3840 -0.2061 -0.9000
vn 0.9987 -0.0510 0.0011
vn 0.9441 -0.0812 0.3194
vn 0.9065 -0.2274 0.3557
vn 0.9849 -0.1727 0.0080
vn 1.0000 -0.0022 -0.0000
vn -0.0002 0.0455 -0.9990
vn -1.0000 -0.0022 -0.0000
vn -0.0000 -0.0021 1.0000
vn 0.6723 -0.2816 0.6847
vn 0.7006 -0.1071 0.7055
vn -0.6762 -0.2771 0.6826
vn -0.7008 -0.1066 0.7053
vn -0.9095 -0.2213 0.3520
vn -0.9443 -0.0805 0.3191
vn -0.7032 -0.1947 -0.6838
vn -0.7256 -0.0995 -0.6809
vn -0.3788 -0.2044 -0.9026
vn 0.7059 -0.1979 -0.6801
vn 0.7259 -0.0999 -0.6805
vn 0.9213 -0.1767 -0.3464
vn 0.9455 -0.0743 -0.3170
vn -0.6920 -0.1753 -0.7002
vn -0.9028 -0.1985 -0.3816
vn -0.3744 -0.1637 -0.9127
vn -0.0010 -0.1598 -0.9872
vn 0.3746 -0.1665 -0.9121
vn 0.6917 -0.1811 -0.6992
vn 0.9015 -0.2066 -0.3802
vn 0.9695 -0.2450 -0.0058
vn 0.8843 -0.2953 0.3617
vn 0.6641 -0.3498 0.6608
vn 0.3524 -0.3931 0.8493
vn -0.0009 -0.4085 0.9128
vn -0.3547 -0.3887 0.8503
vn -0.6672 -0.3420 0.6617
vn -0.8875 -0.2857 0.3615
vn -0.9718 -0.2355 -0.0069
vt 0.448418 0.417949
vt 0.448371 0.417484
vt 0.454106 0.416270
vt 0.454174 0.416954
vt 0.430731 0.401683
vt 0.430679 0.407723
vt 0.436679 0.407720
vt 0.436723 0.401683
vt 0.442564 0.407717
vt 0.448449 0.407720
vt 0.448399 0.401683
vt 0.442561 0.401683
vt 0.455604 0.409008
vt 0.455388 0.408386
vt 0.457328 0.404363
vt 0.457651 0.404985
vt 0.436596 0.286470
vt 0.428600 0.287687
vt 0.431320 0.284195
vt 0.437036 0.284273
vt 0.427877 0.284223
vt 0.427090 0.407731
vt 0.427205 0.401683
vt 0.426817 0.401683
vt 0.426808 0.407737
vt 0.427481 0.404985
vt 0.427805 0.404363
vt 0.429744 0.408386
vt 0.429530 0.409007
vt 0.455247 0.431134
vt 0.455306 0.429016
vt 0.454423 0.429628
vt 0.454438 0.431569
vt 0.433187 0.428593
vt 0.432975 0.421686
vt 0.437658 0.421843
vt 0.437721 0.428994
vt 0.433446 0.427883
vt 0.437525 0.426781
vt 0.437114 0.425885
vt 0.432737 0.427101
vt 0.454718 0.428249
vt 0.454708 0.427531
vt 0.455212 0.441951
vt 0.455164 0.443849
vt 0.451937 0.428598
vt 0.452145 0.421696
vt 0.454957 0.421337
vt 0.454678 0.427927
vt 0.437456 0.425471
vt 0.437365 0.420233
vt 0.433119 0.420326
vt 0.433311 0.425822
vt 0.432787 0.435067
vt 0.437367 0.436329
vt 0.437674 0.436421
vt 0.433384 0.435244
vt 0.442564 0.420146
vt 0.442564 0.425265
vt 0.447682 0.425476
vt 0.447772 0.420240
vt 0.456421 0.412349
vt 0.456301 0.411656
vt 0.458488 0.407081
vt 0.458669 0.407744
vt 0.442559 0.426142
vt 0.442559 0.425192
vt 0.430392 0.428241
vt 0.430480 0.429073
vt 0.430019 0.445744
vt 0.429963 0.443849
vt 0.436739 0.417946
vt 0.436785 0.417482
vt 0.442563 0.417387
vt 0.442563 0.417797
vt 0.454383 0.401683
vt 0.454447 0.407723
vt 0.458038 0.407731
vt 0.457905 0.401683
vt 0.431560 0.412988
vt 0.431684 0.412410
vt 0.437216 0.413470
vt 0.437166 0.413906
vt 0.437732 0.430245
vt 0.442563 0.430277
vt 0.442560 0.448771
vt 0.437425 0.448542
vt 0.433225 0.429802
vt 0.432856 0.447408
vt 0.452402 0.427104
vt 0.451691 0.427886
vt 0.430427 0.427502
vt 0.429919 0.441945
vt 0.432832 0.440220
vt 0.433342 0.426784
vt 0.430335 0.427148
vt 0.430011 0.420901
vt 0.430145 0.421322
vt 0.430430 0.427918
vt 0.430708 0.429627
vt 0.429824 0.429014
vt 0.429934 0.433229
vt 0.430732 0.433530
vt 0.455091 0.420916
vt 0.454774 0.427157
vt 0.452350 0.435061
vt 0.455196 0.433224
vt 0.454397 0.433526
vt 0.451753 0.435239
vt 0.455021 0.420649
vt 0.454753 0.426506
vt 0.448030 0.457138
vt 0.447972 0.454761
vt 0.442560 0.454138
vt 0.442559 0.456442
vt 0.430402 0.395740
vt 0.430427 0.396252
vt 0.433342 0.395534
vt 0.433326 0.395053
vt 0.447419 0.428996
vt 0.447482 0.421848
vt 0.442559 0.436595
vt 0.447777 0.436325
vt 0.447471 0.436417
vt 0.442561 0.436667
vt 0.442563 0.429011
vt 0.442564 0.421773
vt 0.429882 0.431135
vt 0.430695 0.431570
vt 0.429934 0.464479
vt 0.430019 0.461369
vt 0.432856 0.463033
vt 0.432787 0.466317
vt 0.437776 0.267291
vt 0.431320 0.268570
vt 0.437036 0.268648
vt 0.457330 0.285698
vt 0.456404 0.285796
vt 0.457756 0.288261
vt 0.456979 0.290104
vt 0.442542 0.267291
vt 0.442544 0.267291
vt 0.447309 0.267291
vt 0.448648 0.267291
vt 0.457111 0.289277
vt 0.457331 0.396024
vt 0.457352 0.398706
vt 0.457237 0.397854
vt 0.457330 0.395073
vt 0.442547 0.286470
vt 0.442551 0.268128
vt 0.449518 0.268132
vt 0.449813 0.267291
vt 0.442552 0.267291
vt 0.428286 0.284200
vt 0.448498 0.270845
vt 0.456496 0.272053
vt 0.456758 0.271104
vt 0.448780 0.270119
vt 0.442545 0.284272
vt 0.435582 0.268132
vt 0.435288 0.267291
vt 0.458322 0.407737
vt 0.457462 0.401904
vt 0.458301 0.401683
vt 0.452304 0.440224
vt 0.451782 0.426792
vt 0.447972 0.439136
vt 0.447663 0.426392
vt 0.442561 0.413893
vt 0.442561 0.413487
vt 0.447918 0.413470
vt 0.447970 0.413906
vt 0.427659 0.401904
vt 0.426464 0.407744
vt 0.442564 0.394463
vt 0.442564 0.394015
vt 0.437456 0.394221
vt 0.437466 0.394679
vt 0.433311 0.394572
vt 0.447408 0.430247
vt 0.451901 0.429806
vt 0.452280 0.447404
vt 0.447719 0.448539
vt 0.451919 0.397952
vt 0.451937 0.397348
vt 0.454678 0.396677
vt 0.454654 0.397253
vt 0.451813 0.425831
vt 0.452001 0.420339
vt 0.437475 0.426387
vt 0.437171 0.439133
vt 0.442560 0.438513
vt 0.442564 0.426161
vt 0.433206 0.397948
vt 0.433187 0.397343
vt 0.437721 0.397744
vt 0.437727 0.398369
vt 0.430364 0.396444
vt 0.430335 0.395898
vt 0.430430 0.396668
vt 0.430455 0.397246
vt 0.430080 0.420634
vt 0.430376 0.426479
vt 0.448053 0.284270
vt 0.448835 0.267291
vt 0.457210 0.268588
vt 0.454106 0.416270
vt 0.442547 0.270845
vt 0.448780 0.270119
vt 0.442548 0.270118
vt 0.430983 0.416948
vt 0.431047 0.416267
vt 0.436785 0.417482
vt 0.447620 0.426783
vt 0.448030 0.425888
vt 0.430392 0.396991
vt 0.454630 0.429080
vt 0.455107 0.445742
vt 0.447673 0.394684
vt 0.447663 0.395142
vt 0.451782 0.395542
vt 0.451797 0.395062
vt 0.442564 0.394911
vt 0.456749 0.415763
vt 0.456791 0.415533
vt 0.456653 0.415394
vt 0.428406 0.415754
vt 0.428723 0.412346
vt 0.428363 0.415524
vt 0.428501 0.415386
vt 0.431639 0.415330
vt 0.436628 0.415596
vt 0.448528 0.415601
vt 0.442561 0.415521
vt 0.447414 0.398371
vt 0.447419 0.397746
vt 0.453517 0.415336
vt 0.454730 0.395769
vt 0.454753 0.395256
vt 0.451813 0.394581
vt 0.442563 0.397761
vt 0.442563 0.398394
vt 0.454746 0.396453
vt 0.454774 0.395907
vt 0.427679 0.267291
vt 0.427809 0.268464
vt 0.427989 0.289224
vt 0.428130 0.290108
vt 0.437425 0.464167
vt 0.437367 0.467579
vt 0.452402 0.458354
vt 0.452304 0.455849
vt 0.437171 0.454758
vt 0.432832 0.455845
vt 0.432737 0.458351
vt 0.437114 0.457135
vt 0.429919 0.457570
vt 0.429824 0.460264
vt 0.429963 0.459474
vt 0.429882 0.462385
vt 0.455212 0.457576
vt 0.455306 0.460266
vt 0.455164 0.459474
vt 0.455247 0.462384
vt 0.447719 0.464164
vt 0.452280 0.463029
vt 0.452350 0.466311
vt 0.447777 0.467575
vt 0.442559 0.467845
vt 0.442560 0.464396
vt 0.455107 0.461367
vt 0.455196 0.464474
vt 0.449573 0.267291
vt 0.456155 0.267291
vt 0.454882 0.267291
vt 0.449332 0.267291
vt 0.427776 0.398705
vt 0.427783 0.396025
vt 0.427786 0.395072
vt 0.427893 0.397854
vt 0.447970 0.413906
vt 0.453448 0.412410
vt 0.453576 0.412989
vt 0.457651 0.404985
vt 0.427786 0.285697
vt 0.427783 0.286686
vt 0.457291 0.268462
vt 0.457423 0.267291
vt 0.427642 0.401097
vt 0.426645 0.407081
vt 0.442561 0.413893
vt 0.428841 0.411654
vt 0.431047 0.416267
vt 0.454683 0.407902
vt 0.452939 0.411548
vt 0.452399 0.410685
vt 0.453962 0.407417
vt 0.442561 0.413108
vt 0.437416 0.412956
vt 0.437572 0.412442
vt 0.442563 0.412729
vt 0.436596 0.270845
vt 0.436255 0.267291
vt 0.442545 0.267291
vt 0.428704 0.404256
vt 0.428473 0.398052
vt 0.429054 0.398250
vt 0.429604 0.404149
vt 0.430448 0.407902
vt 0.431168 0.407417
vt 0.432193 0.411548
vt 0.432732 0.410685
vt 0.456404 0.395171
vt 0.456653 0.398052
vt 0.456072 0.398250
vt 0.455477 0.395270
vt 0.447715 0.412956
vt 0.447556 0.412442
vt 0.442553 0.267291
vt 0.456427 0.404256
vt 0.455526 0.404149
vt 0.435529 0.267291
vt 0.435771 0.267291
vt 0.427809 0.284089
vt 0.427679 0.282916
vt 0.428950 0.267291
vt 0.430227 0.267291
vt 0.434883 0.409633
vt 0.438518 0.410547
vt 0.451893 0.398371
vt 0.451889 0.395331
vt 0.442563 0.410776
vt 0.436438 0.267291
vt 0.446610 0.410547
vt 0.450246 0.409633
vt 0.442556 0.267291
vt 0.437491 0.267291
vt 0.451885 0.267291
vt 0.447620 0.267291
vt 0.433230 0.398371
vt 0.433626 0.404189
vt 0.434254 0.406911
vt 0.438388 0.407551
vt 0.442562 0.407714
vt 0.446738 0.407550
vt 0.450874 0.406911
vt 0.438046 0.398543
vt 0.438259 0.404554
vt 0.442559 0.398597
vt 0.442561 0.404653
vt 0.447074 0.398543
vt 0.446866 0.404554
vt 0.451503 0.404189
vt 0.433228 0.395331
vt 0.437768 0.395417
vt 0.442558 0.395444
vt 0.447347 0.395417
vt 0.456797 0.284190
vt 0.457210 0.284213
vt 0.448498 0.286470
vt 0.453765 0.284187
vt 0.436315 0.270119
vt 0.428338 0.271112
vt 0.428600 0.272062
vt 0.456496 0.287678
vt 0.448053 0.268645
vt 0.453765 0.268562
vt 0.458487 0.407081
vt 0.457481 0.401097
vt 0.456979 0.399479
vt 0.457120 0.398595
vt 0.426645 0.407081
vt 0.436880 0.288291
vt 0.442553 0.288290
vt 0.428286 0.268575
vt 0.456797 0.268565
vt 0.455477 0.285895
vt 0.429640 0.395270
vt 0.448226 0.288289
vt 0.454074 0.288247
vt 0.428712 0.395171
vt 0.429640 0.285895
vt 0.428712 0.285796
vt 0.428130 0.399483
vt 0.427989 0.398599
vt 0.457756 0.397636
vt 0.457351 0.397624
vt 0.427347 0.397641
vt 0.427347 0.288266
vt 0.427745 0.288254
vt 0.436880 0.397666
vt 0.431026 0.397627
vt 0.448226 0.397664
vt 0.442553 0.397665
vt 0.427745 0.397629
vt 0.454074 0.397622
vt 0.457351 0.288249
vt 0.431026 0.288252
vt 0.457111 0.289277
vt 0.456758 0.286729
vt 0.428338 0.286737
vt 0.427998 0.289281
vt 0.428950 0.282916
vt 0.430227 0.282916
vt 0.433227 0.282916
vt 0.433228 0.285956
vt 0.457423 0.282916
vt 0.456155 0.282916
vt 0.447620 0.282916
vt 0.451885 0.282916
vt 0.451889 0.285956
vt 0.447347 0.286042
vt 0.442556 0.282916
vt 0.442558 0.286069
vt 0.437491 0.282916
vt 0.437768 0.286042
vt 0.454882 0.282916
vt 0.427776 0.304955
vt 0.427481 0.311235
vt 0.427417 0.311396
vt 0.427766 0.305139
vt 0.457291 0.284087
vt 0.457331 0.286686
vt 0.457331 0.286649
vt 0.442545 0.268647
vt 0.427877 0.268598
vt 0.433227 0.267291
vt 0.430480 0.397823
vt 0.433225 0.398552
vt 0.442563 0.399027
vt 0.447408 0.398997
vt 0.454630 0.397830
vt 0.454718 0.396999
vt 0.454708 0.396281
vt 0.437732 0.398995
vt 0.451901 0.398556
vt 0.447682 0.394226
vt 0.430376 0.395229
vt 0.437475 0.395137
vt 0.442548 0.270118
vt 0.426645 0.313331
vt 0.427642 0.307347
vt 0.427652 0.307163
vt 0.426709 0.313170
vt 0.442563 0.323637
vt 0.436785 0.323732
vt 0.436814 0.323457
vt 0.442562 0.323368
vt 0.431560 0.319238
vt 0.437166 0.320156
vt 0.437136 0.320431
vt 0.431520 0.319490
vt 0.442551 0.283753
vt 0.435582 0.283757
vt 0.435638 0.283910
vt 0.442551 0.283906
vt 0.431047 0.322517
vt 0.428841 0.317904
vt 0.428894 0.317701
vt 0.431087 0.322264
vt 0.429530 0.315257
vt 0.429477 0.315461
vt 0.427783 0.302275
vt 0.427799 0.302473
vt 0.442548 0.285743
vt 0.448780 0.285744
vt 0.448837 0.285591
vt 0.442548 0.285590
vt 0.436315 0.285744
vt 0.442548 0.285743
vt 0.436259 0.285591
vt 0.458488 0.313331
vt 0.456301 0.317906
vt 0.456247 0.317702
vt 0.458423 0.313169
vt 0.453576 0.319239
vt 0.455604 0.315258
vt 0.455658 0.315462
vt 0.453616 0.319492
vt 0.457291 0.284087
vt 0.449518 0.283757
vt 0.449461 0.283910
vt 0.457250 0.284290
vt 0.442561 0.320143
vt 0.447970 0.320156
vt 0.448001 0.320431
vt 0.442561 0.320412
vt 0.454106 0.322520
vt 0.454065 0.322267
vt 0.456758 0.302354
vt 0.457111 0.304902
vt 0.457128 0.304703
vt 0.456799 0.302151
vt 0.427989 0.304849
vt 0.427973 0.304651
vt 0.442561 0.320143
vt 0.442561 0.320412
vt 0.427809 0.284089
vt 0.427849 0.284293
vt 0.457250 0.315540
vt 0.449461 0.315160
vt 0.448837 0.316841
vt 0.456799 0.317776
vt 0.428297 0.317783
vt 0.436259 0.316841
vt 0.435638 0.315160
vt 0.427849 0.315543
vt 0.448780 0.285744
vt 0.456799 0.286526
vt 0.448837 0.285591
vt 0.427849 0.331168
vt 0.427799 0.333761
vt 0.427981 0.335956
vt 0.428297 0.333408
vt 0.457120 0.304845
vt 0.457481 0.307347
vt 0.457471 0.307163
vt 0.457137 0.304647
vt 0.457314 0.333760
vt 0.457250 0.331165
vt 0.456799 0.333401
vt 0.457128 0.335953
vt 0.457651 0.311235
vt 0.457716 0.311396
vt 0.457362 0.336390
vt 0.457315 0.333722
vt 0.457137 0.335897
vt 0.457471 0.338413
vt 0.457331 0.302311
vt 0.457291 0.299712
vt 0.457250 0.299915
vt 0.457314 0.302510
vt 0.453616 0.350742
vt 0.455658 0.346712
vt 0.456247 0.348952
vt 0.454065 0.353517
vt 0.447970 0.320156
vt 0.427417 0.342646
vt 0.429477 0.346711
vt 0.428894 0.348951
vt 0.426709 0.344420
vt 0.426645 0.313331
vt 0.426709 0.313170
vt 0.457716 0.342646
vt 0.458423 0.344419
vt 0.442551 0.315156
vt 0.442548 0.316840
vt 0.448837 0.316841
vt 0.427809 0.299714
vt 0.427783 0.302311
vt 0.427799 0.302511
vt 0.427849 0.299918
vt 0.427799 0.333723
vt 0.427766 0.336389
vt 0.427652 0.338413
vt 0.427973 0.335901
vt 0.427998 0.304906
vt 0.428338 0.302362
vt 0.428297 0.302158
vt 0.427981 0.304706
vt 0.442561 0.351662
vt 0.448001 0.351681
vt 0.448340 0.354709
vt 0.442562 0.354618
vt 0.428297 0.286533
vt 0.454065 0.353517
vt 0.448371 0.323734
vt 0.448340 0.323459
vt 0.431520 0.350740
vt 0.431087 0.353514
vt 0.436785 0.323732
vt 0.431047 0.322517
vt 0.431086 0.322264
vt 0.436814 0.323457
vt 0.457352 0.304956
vt 0.457331 0.302274
vt 0.457315 0.302472
vt 0.457362 0.305140
vt 0.437136 0.351681
vt 0.442561 0.351662
vt 0.436814 0.354707
vt 0.457651 0.311235
vt 0.457716 0.311396
vt 0.436814 0.354707
vt 0.431086 0.353514
vt 0.458487 0.313331
vt 0.458423 0.313169
vt 0.457716 0.342646
vt 0.458423 0.344419
vt 0.426709 0.344420
vt 0.454106 0.322520
vt 0.454065 0.322267
vt 0.952040 0.604671
vt 0.953959 0.604656
vt 0.953967 0.620870
vt 0.952046 0.620870
vt 0.949103 0.604543
vt 0.948998 0.620870
vt 0.941535 0.604543
vt 0.938598 0.604671
vt 0.938592 0.620870
vt 0.941640 0.620870
vt 0.936679 0.604656
vt 0.936671 0.620870
vt 0.941643 0.604656
vt 0.948995 0.604656
vt 0.939473 0.634276
vt 0.941860 0.638103
vt 0.938588 0.638103
vt 0.941620 0.646292
vt 0.951213 0.634276
vt 0.952098 0.638103
vt 0.952207 0.638103
vt 0.954114 0.620870
vt 0.938480 0.638103
vt 0.941557 0.646292
vt 0.945299 0.638103
vt 0.945299 0.620870
vt 0.948825 0.638103
vt 0.949067 0.646292
vt 0.936524 0.620870
vt 0.945299 0.646292
vt 0.949131 0.646292
vt 0.941429 0.588215
vt 0.945299 0.588443
vt 0.945338 0.572025
vt 0.948991 0.588442
vt 0.945299 0.588442
vt 0.945295 0.572025
vt 0.948622 0.572025
vt 0.941647 0.588442
vt 0.941971 0.572025
vt 0.936540 0.588443
vt 0.936686 0.588442
vt 0.937297 0.572025
vt 0.936627 0.572025
vt 0.949208 0.588215
vt 0.948662 0.572025
vt 0.954099 0.588442
vt 0.953951 0.588442
vt 0.953337 0.572025
vt 0.954006 0.572025
vt 0.954107 0.604656
vt 0.945299 0.604656
vt 0.936532 0.604656
vt 0.951446 0.572025
vt 0.952035 0.588473
vt 0.939157 0.572025
vt 0.938604 0.588473
vt 0.937280 0.572025
vt 0.936686 0.588443
vt 0.939187 0.572025
vt 0.942011 0.572025
vt 0.951476 0.572025
vt 0.953353 0.572025
vt 0.939518 0.560819
vt 0.937743 0.561794
vt 0.942176 0.560167
vt 0.945309 0.559938
vt 0.948442 0.560166
vt 0.951098 0.560817
vt 0.952871 0.561792
vt 0.953494 0.562942
vt 0.952869 0.564093
vt 0.951093 0.565068
vt 0.948437 0.565720
vt 0.945303 0.565949
vt 0.942170 0.565720
vt 0.939514 0.565069
vt 0.937740 0.564094
vt 0.937119 0.562944
s 1
usemtl mage
f 1895/1606/2253 2152/1607/2254 2155/1608/2255 1893/1609/2256
f 1865/1610/2257 1904/1611/2258 1903/1612/2259 1864/1613/2260
f 1920/1614/2261 1902/1615/2262 1862/1616/2263 1869/1617/2264
f 2167/1618/2265 2047/1619/2266 1988/1620/2267 2157/1621/2268
f 1869/1617/2264 1864/1613/2260 1903/1612/2259 1920/1614/2261
f 2044/1622/2269 2098/1623/2270 1861/1623/2270 1873/1622/2271
f 2083/1624/2272 2085/1625/2273 1857/1625/2274 1859/1624/2275
f 2098/1623/2276 2095/1626/2277 1868/1626/2278 1861/1623/2279
f 1905/1627/2280 1866/1628/2281 1875/1629/2282 1907/1630/2283
f 2160/1631/2284 1986/1632/2285 2048/1633/2286 2165/1634/2287
f 1979/1635/2288 1963/1636/2289 1886/1637/2290 1891/1638/2291
f 1941/1639/2292 1910/1640/2293 1912/1641/2294 1930/1642/2295
f 1883/1643/2296 1884/1644/2297 1955/1645/2298 1952/1646/2299
f 1855/1647/2300 1837/1648/2301 1959/1649/2302 1958/1650/2303
f 1936/1651/2304 1896/1652/2305 1929/1653/2306 1935/1654/2307
f 1838/1655/2308 1918/1656/2309 1913/1657/2310 1841/1658/2311
f 1960/1659/2312 1976/1660/2313 1879/1661/2314 1878/1662/2315
f 1943/1663/2316 1847/1664/2317 1854/1665/2318 1923/1666/2319
f 2045/1667/2320 2166/1668/2321 2156/1669/2322 1897/1670/2323
f 1866/1628/2281 1905/1627/2280 1904/1611/2258 1865/1610/2257
f 1884/1644/2297 1881/1671/2324 1950/1672/2325 1955/1645/2298
f 1850/1673/2326 1840/1674/2327 1965/1675/2328 1970/1676/2329
f 1909/1677/2330 2145/1678/2331 2151/1679/2332 1900/1680/2333
f 1847/1664/2317 1943/1663/2316 1918/1656/2309 1838/1655/2308
f 1863/1681/2334 1925/1682/2335 1899/1683/2336 1867/1684/2337
f 2149/1685/2338 1989/1686/2339 1984/1687/2340 2144/1688/2341
f 1848/1689/2342 1842/1690/2343 1949/1691/2344 1962/1692/2345
f 1836/1693/2346 1848/1689/2342 1962/1692/2345 1964/1694/2347
f 1963/1636/2289 1961/1695/2348 1882/1696/2349 1886/1637/2290
f 1835/1697/2350 1972/1698/2351 1974/1699/2352 1870/1700/2353
f 1846/1701/2354 1916/1702/2355 1911/1703/2356 1938/1704/2357
f 1885/1705/2358 1883/1643/2296 1952/1646/2299 1954/1706/2359
f 1973/1707/2360 1960/1659/2312 1878/1662/2315 1877/1708/2361
f 1935/1654/2307 1929/1653/2306 1928/1709/2362 1843/1710/2363
f 1967/1711/2364 1966/1712/2365 1887/1713/2366 1888/1714/2367
f 1843/1710/2363 1928/1709/2362 1927/1715/2368 1940/1716/2369
f 1957/1717/2370 1980/1718/2371 1978/1719/2372 1950/1720/2325
f 2125/1721/2373 1835/1722/2350 1870/1723/2374 2135/1724/2375
f 1939/1725/2376 1933/1726/2377 1896/1652/2305 1936/1651/2304
f 1971/1727/2378 1969/1728/2379 1889/1729/2380 1890/1730/2381
f 1976/1660/2313 1971/1727/2378 1890/1730/2381 1879/1661/2314
f 1937/1731/2382 1934/1732/2383 1933/1726/2377 1939/1725/2376
f 1977/1733/2384 1973/1707/2360 1877/1708/2361 1892/1734/2385
f 1930/1642/2295 1912/1641/2294 1934/1732/2383 1937/1731/2382
f 1973/1735/2386 1965/1736/2328 1964/1737/2347 1960/1738/2387
f 2043/1739/2388 1859/1740/2388 1857/1741/2388
f 2070/1742/2389 2079/1743/2390 2117/1743/2391 2102/1742/2392
f 2066/1744/2393 2068/1745/2394 2100/1745/2395 2097/1744/2396
f 2018/1746/2388 2039/1747/2388 1860/1748/2388 1947/1749/2388
f 2068/1745/2394 2170/1750/2397 2100/1745/2395
f 2171/1751/2398 2162/1752/2399 1985/1753/2400 2070/1754/2401
f 1946/1755/2402 2044/1622/2269 1873/1622/2271 1874/1755/2402
f 2147/1756/2403 2143/1757/2404 2027/1758/2405 1992/1759/2406
f 2084/1760/2407 2083/1624/2272 1859/1624/2275 1858/1760/2408
f 2042/1761/2409 2094/1762/2410 2175/1763/2410 2142/1764/2411
f 2085/1625/2273 2093/1765/2412 2019/1765/2413 1857/1625/2274
f 2140/1766/2414 2147/1756/2403 1992/1759/2406 2026/1767/2415
f 1898/1768/2416 1897/1670/2323 1945/1769/2417 1876/1770/2418
f 1968/1771/2419 1959/1649/2302 1837/1648/2301 1853/1772/2420
f 1980/1773/2371 1968/1771/2419 1853/1772/2420 1849/1774/2421
f 1850/1673/2326 1970/1676/2329 1972/1698/2351 1835/1697/2350
f 2150/1775/2422 1983/1776/2423 1982/1777/2424 2153/1778/2425
f 1948/1779/2426 1901/1780/2427 1907/1630/2283 1875/1629/2282
f 2126/1781/2428 1847/1782/2429 1838/1783/2430 2136/1784/2431
f 1965/1675/2328 1840/1674/2327 1836/1693/2346 1964/1694/2347
f 2136/1784/2431 1838/1783/2430 1841/1785/2432 2135/1724/2433
f 1839/1786/2434 1844/1787/2435 1956/1788/2436 1951/1789/2437
f 2127/1790/2438 1936/1791/2439 1935/1792/2440 2132/1793/2441
f 1923/1666/2319 1854/1665/2318 1851/1794/2442 1926/1795/2443
f 1871/1796/2444 1975/1797/2445 1978/1798/2372 1852/1799/2446
f 2133/1800/2447 1941/1801/2448 1930/1802/2449 2138/1803/2450
f 2130/1804/2451 1846/1805/2452 1938/1806/2453 2128/1807/2454
f 1915/1808/2455 1872/1809/2456 1841/1658/2311 1913/1657/2310
f 2093/1765/2412 2087/1810/2457 1834/1810/2458 2019/1765/2413
f 2002/1811/2388 2003/1812/2388 2017/1762/2388 2016/1761/2388
f 1940/1716/2369 1927/1715/2368 1926/1795/2443 1851/1794/2442
f 1966/1712/2365 1979/1635/2288 1891/1638/2291 1887/1713/2366
f 1893/1609/2256 2155/1813/2255 2166/1668/2321 2045/1667/2320
f 1954/1706/2359 1977/1733/2384 1892/1734/2385 1885/1705/2358
f 1946/1814/2459 2042/1761/2409 2142/1815/2411 2146/1816/2459
f 1876/1770/2418 1867/1684/2337 1899/1683/2336 1898/1768/2416
f 1908/1817/2460 2148/1818/2461 2145/1819/2331 1909/1677/2330
f 1880/1820/2462 1882/1696/2349 1961/1695/2348 1957/1821/2370
f 1969/1728/2379 1967/1711/2364 1888/1714/2367 1889/1729/2380
f 2130/1804/2463 1850/1822/2326 1835/1722/2350 2125/1721/2373
f 1956/1788/2436 1844/1787/2435 1845/1823/2464 1953/1824/2465
f 1958/1650/2303 1953/1824/2465 1845/1823/2464 1855/1647/2300
f 2137/1825/2466 1849/1826/2467 1853/1827/2468 2124/1828/2469
f 2126/1781/2470 1852/1829/2471 1849/1826/2467 2137/1825/2466
f 1894/1830/2472 1893/1609/2256 2045/1667/2320
f 1893/1609/2256 1894/1830/2472 1929/1653/2306 1896/1652/2305
f 1895/1606/2253 1893/1609/2256 1896/1652/2305 1933/1726/2377
f 1931/1831/2473 1898/1768/2416 1899/1683/2336 1924/1832/2474
f 1906/1833/2475 1901/1780/2427 2046/1834/2476
f 1932/1835/2477 1907/1630/2283 1901/1780/2427 1906/1833/2475
f 1906/1833/2475 1908/1817/2460 1910/1640/2293 1911/1703/2356
f 1912/1641/2294 1910/1640/2293 1908/1817/2460 1909/1677/2330
f 1914/1836/2478 1915/1808/2455 1913/1657/2310 1917/1837/2479
f 1932/1835/2477 1916/1702/2355 1915/1808/2455 1914/1836/2478
f 1919/1838/2480 1917/1837/2479 1913/1657/2310 1918/1656/2309
f 1919/1838/2480 1903/1612/2259 1904/1611/2258 1917/1837/2479
f 1917/1837/2479 1904/1611/2258 1905/1627/2280 1914/1836/2478
f 1923/1666/2319 1922/1839/2481 1942/1840/2482 1943/1663/2316
f 2129/1841/2483 1939/1842/2484 1936/1791/2439 2127/1790/2438
f 1921/1843/2485 1922/1839/2481 1923/1666/2319 1926/1795/2443
f 1921/1843/2485 1925/1682/2335 1902/1615/2262 1922/1839/2481
f 1927/1715/2368 1924/1832/2474 1921/1843/2485 1926/1795/2443
f 1924/1832/2474 1899/1683/2336 1925/1682/2335 1921/1843/2485
f 1980/1773/2371 1849/1774/2421 1852/1799/2446 1978/1798/2372
f 1931/1831/2473 1928/1709/2362 1929/1653/2306 1894/1830/2472
f 1933/1726/2377 1934/1732/2383 1900/1680/2333 1895/1606/2253
f 1900/1680/2333 1934/1732/2383 1912/1641/2294 1909/1677/2330
f 1870/1700/2353 1974/1699/2352 1975/1797/2445 1871/1796/2444
f 2131/1844/2486 1940/1845/2487 1851/1846/2488 2124/1828/2489
f 1916/1702/2355 1846/1701/2354 1872/1809/2456 1915/1808/2455
f 2138/1803/2450 1930/1802/2449 1937/1847/2490 2134/1848/2491
f 2139/1849/2492 1843/1850/2493 1940/1845/2487 2131/1844/2486
f 2132/1793/2441 1935/1792/2440 1843/1850/2493 2139/1849/2492
f 2134/1848/2491 1937/1847/2490 1939/1842/2484 2129/1841/2483
f 1942/1840/2482 1922/1839/2481 1902/1615/2262 1920/1614/2261
f 1919/1838/2480 1918/1656/2309 1943/1663/2316 1942/1840/2482
f 1903/1612/2259 1919/1838/2480 1942/1840/2482 1920/1614/2261
f 2128/1807/2454 1938/1806/2453 1941/1801/2448 2133/1800/2447
f 1938/1704/2357 1911/1703/2356 1910/1640/2293 1941/1639/2292
f 1924/1832/2474 1927/1715/2368 1928/1709/2362 1931/1831/2473
f 1906/1833/2475 1911/1703/2356 1916/1702/2355 1932/1835/2477
f 1914/1836/2478 1905/1627/2280 1907/1630/2283 1932/1835/2477
f 1894/1830/2472 1897/1670/2323 1898/1768/2416 1931/1831/2473
f 2026/1767/2415 2082/1851/2494 2173/1852/2495 2140/1766/2414
f 2168/1853/2496 2067/1854/2497 2099/1854/2498
f 1964/1737/2347 1962/1855/2345 1976/1856/2499 1960/1738/2387
f 1980/1718/2371 1957/1717/2370 1961/1857/2348 1968/1858/2419
f 1975/1859/2445 1974/1860/2352 1952/1861/2299 1955/1862/2298
f 1975/1859/2445 1955/1862/2298 1950/1720/2325 1978/1719/2372
f 1972/1863/2351 1954/1864/2359 1952/1861/2299 1974/1860/2352
f 1970/1865/2329 1965/1736/2328 1973/1735/2386 1977/1866/2500
f 1959/1867/2302 1968/1858/2419 1961/1857/2348 1963/1868/2289
f 1958/1869/2303 1959/1867/2302 1963/1868/2289 1979/1870/2501
f 1951/1871/2437 1956/1872/2436 1967/1873/2502 1969/1874/2503
f 1951/1871/2437 1969/1874/2503 1971/1875/2504 1949/1876/2344
f 1962/1855/2345 1949/1876/2344 1971/1875/2504 1976/1856/2499
f 1970/1865/2329 1977/1866/2500 1954/1864/2359 1972/1863/2351
f 1953/1877/2465 1958/1869/2303 1979/1870/2501 1966/1878/2505
f 1957/1821/2370 1950/1672/2325 1881/1671/2324 1880/1820/2462
f 1900/1680/2333 2151/1679/2332 2152/1607/2254 1895/1606/2253
f 2040/1879/2506 2108/1880/2507 2107/1881/2508 2006/1882/2509
f 2165/1634/2287 2048/1633/2286 1989/1686/2339 2149/1685/2338
f 2159/1883/2510 2169/1884/2511 2069/1885/2512 1987/1886/2513
f 2153/1887/2425 1982/1777/2424 1981/1888/2514 2154/1889/2515
f 2157/1890/2268 1988/1620/2267 1985/1753/2400 2162/1752/2399
f 2069/1891/2516 2169/1892/2517 2101/1891/2518
f 2143/1757/2404 2174/1893/2519 2103/1894/2520 2027/1758/2405
f 1948/1779/2426 2158/1895/2521 2161/1896/2522 1901/1780/2427
f 2144/1688/2341 1984/1687/2340 1983/1776/2423 2150/1897/2422
f 2046/1834/2476 2164/1898/2523 2148/1899/2461 1908/1817/2460
f 2057/1900/2524 2029/1901/2525 1993/1902/2526 2049/1903/2527
f 2030/1904/2528 2031/1905/2529 1996/1906/2530 1995/1907/2531
f 1873/1908/2388 1990/1909/2388 1991/1910/2388 1874/1814/2388
f 2034/1911/2532 2035/1912/2533 1999/1913/2534 1998/1914/2535
f 2056/1915/2536 2034/1911/2532 1998/1914/2535 2050/1916/2537
f 2031/1905/2529 2036/1917/2538 2001/1918/2539 1996/1906/2530
f 2079/1919/2540 2037/1920/2541 1997/1921/2542 2072/1922/2543
f 2038/1923/2544 2030/1904/2528 1995/1907/2531 1994/1924/2545
f 2032/1759/2546 2040/1879/2506 2006/1882/2509 2004/1925/2509
f 2037/1920/2541 2028/1926/2547 2000/1927/2548 1997/1921/2542
f 2029/1901/2525 2038/1923/2544 1994/1924/2545 1993/1902/2526
f 2041/1928/2549 2032/1759/2546 2004/1925/2509 2005/1929/2509
f 2169/1892/2550 2173/1930/2550 2082/1931/2551 2101/1891/2552
f 2041/1928/2549 2109/1932/2553 2082/1851/2494 2026/1767/2415
f 2005/1929/2509 2105/1933/2554 2109/1932/2553 2041/1928/2549
f 1996/1906/2530 2001/1918/2539 2013/1934/2555 2012/1935/2556
f 2072/1922/2543 1997/1921/2542 2015/1936/2557 2074/1937/2558
f 1995/1907/2531 1996/1906/2530 2012/1935/2556 2009/1938/2559
f 2027/1758/2405 2103/1894/2520 2108/1880/2507 2040/1879/2506
f 1990/1909/2388 2033/1939/2388 2018/1746/2388 1991/1910/2388
f 1993/1902/2526 1994/1924/2545 2010/1940/2560 2011/1941/2561
f 2004/1925/2509 2113/1942/2562 2112/1943/2563 2005/1929/2509
f 1994/1924/2545 1995/1907/2531 2009/1938/2559 2010/1940/2560
f 2006/1882/2509 2107/1881/2508 2110/1944/2564 2115/1945/2565
f 1998/1914/2535 1999/1913/2534 2007/1946/2566 2008/1947/2567
f 2050/1916/2537 1998/1914/2535 2008/1947/2567 2052/1948/2568
f 2052/1948/2568 2053/1949/2569 2012/1935/2556 2013/1934/2555
f 2053/1949/2569 2054/1950/2570 2009/1938/2559 2012/1935/2556
f 2054/1950/2570 2055/1951/2571 2010/1940/2560 2009/1938/2559
f 2055/1951/2571 2051/1952/2572 2011/1941/2561 2010/1940/2560
f 2007/1946/2566 2023/1953/2573 2020/1954/2574 2008/1947/2567
f 2023/1953/2573 2024/1955/2575 2021/1956/2576 2020/1954/2574
f 2024/1955/2575 2025/1957/2577 2022/1958/2578 2021/1956/2576
f 2025/1957/2577 2015/1936/2557 2014/1959/2579 2022/1958/2578
f 2073/1960/2580 2075/1961/2581 2023/1953/2573 2007/1946/2566
f 2075/1961/2581 2076/1962/2582 2024/1955/2575 2023/1953/2573
f 2076/1962/2582 2077/1963/2583 2025/1957/2577 2024/1955/2575
f 2077/1963/2583 2074/1937/2558 2015/1936/2557 2025/1957/2577
f 1997/1921/2542 2000/1927/2548 2014/1959/2579 2015/1936/2557
f 2049/1903/2527 1993/1902/2526 2011/1941/2561 2051/1952/2572
f 2026/1767/2415 1992/1759/2406 2032/1759/2546 2041/1928/2549
f 1981/1888/2514 1982/1777/2424 2038/1923/2544 2029/1901/2525
f 2081/1964/2584 2080/1965/2585 2003/1965/2586 1944/1964/2587
f 1985/1753/2400 1988/1620/2267 2028/1926/2547 2037/1920/2541
f 1992/1759/2406 2027/1758/2405 2040/1879/2506 2032/1759/2546
f 1982/1777/2424 1983/1776/2423 2030/1904/2528 2038/1923/2544
f 2070/1754/2401 1985/1753/2400 2037/1920/2541 2079/1919/2540
f 1984/1687/2340 1989/1686/2339 2036/1917/2538 2031/1905/2529
f 2048/1633/2286 1986/1632/2285 2034/1911/2532 2056/1915/2536
f 1986/1632/2285 1987/1886/2513 2035/1912/2533 2034/1911/2532
f 1983/1776/2423 1984/1687/2340 2031/1905/2529 2030/1904/2528
f 2047/1619/2266 1981/1888/2514 2029/1901/2525 2057/1900/2524
f 2042/1966/2588 1946/1755/2402 1874/1755/2402 2016/1966/2589
f 2087/1810/2457 2086/1967/2590 1856/1967/2591 1834/1810/2458
f 2141/1968/2592 2172/1969/2593 2098/1970/2593 2044/1908/2594
f 2094/1971/2595 2042/1966/2588 2016/1966/2589 2017/1971/2595
f 1862/1616/2263 1902/1615/2262 1925/1682/2335 1863/1681/2334
f 2095/1626/2277 2084/1760/2407 1858/1760/2408 1868/1626/2278
f 1860/1748/2388 1834/1972/2388 1856/1973/2388
f 2086/1967/2590 2081/1964/2584 1944/1964/2587 1856/1967/2591
f 1988/1620/2267 2047/1619/2266 2057/1900/2524 2028/1926/2547
f 1989/1686/2339 2048/1633/2286 2056/1915/2536 2036/1917/2538
f 2000/1927/2548 2049/1903/2527 2051/1952/2572 2014/1959/2579
f 2022/1958/2578 2014/1959/2579 2051/1952/2572 2055/1951/2571
f 2021/1956/2576 2022/1958/2578 2055/1951/2571 2054/1950/2570
f 2020/1954/2574 2021/1956/2576 2054/1950/2570 2053/1949/2569
f 2008/1947/2567 2020/1954/2574 2053/1949/2569 2052/1948/2568
f 2001/1918/2539 2050/1916/2537 2052/1948/2568 2013/1934/2555
f 2036/1917/2538 2056/1915/2536 2050/1916/2537 2001/1918/2539
f 2028/1926/2547 2057/1900/2524 2049/1903/2527 2000/1927/2548
f 1897/1670/2323 2156/1974/2322 2163/1975/2596 1945/1769/2417
f 2068/1976/2597 1945/1769/2417 2163/1975/2596 2170/1977/2598
f 1901/1780/2427 2161/1978/2522 2164/1898/2523 2046/1834/2476
f 2154/1889/2515 1981/1888/2514 2047/1619/2266 2167/1618/2265
f 1897/1670/2323 1894/1830/2472 2045/1667/2320
f 1908/1817/2460 1906/1833/2475 2046/1834/2476
f 2062/1979/2599 2064/1980/2600 2092/1980/2601 2090/1979/2602
f 2033/1939/2388 1858/1981/2388 1859/1740/2388 2043/1739/2388
f 1947/1749/2388 1944/1982/2388 2003/1812/2388 2002/1811/2388
f 2033/1939/2388 2043/1739/2388 2039/1747/2388 2018/1746/2388
f 2079/1743/2390 2072/1983/2603 2106/1983/2604 2117/1743/2391
f 1999/1913/2534 2071/1984/2605 2073/1960/2580 2007/1946/2566
f 2058/1985/2606 2061/1986/2607 2119/1986/2608 2088/1985/2609
f 1987/1886/2513 2069/1885/2512 2078/1987/2610 2035/1912/2533
f 2035/1912/2533 2078/1987/2610 2071/1984/2605 1999/1913/2534
f 2006/1882/2509 2115/1945/2565 2113/1942/2562 2004/1925/2509
f 2071/1988/2611 2078/1989/2612 2123/1989/2613 2104/1988/2614
f 1948/1779/2426 2067/1990/2615 2168/1991/2616 2158/1895/2521
f 2159/1883/2510 1987/1886/2513 1986/1632/2285 2160/1631/2284
f 1876/1770/2418 1945/1769/2417 2068/1976/2597 2066/1992/2617
f 1867/1684/2337 1876/1770/2418 2066/1992/2617 2063/1993/2618
f 1948/1779/2426 1875/1629/2282 2065/1994/2619 2067/1990/2615
f 2065/1995/2620 2060/1996/2621 2089/1996/2622 2096/1995/2623
f 1865/1610/2257 1864/1613/2260 2062/1997/2624 2059/1998/2625
f 1869/1617/2264 1862/1616/2263 2058/1999/2626 2064/2000/2627
f 1866/1628/2281 1865/1610/2257 2059/1998/2625 2060/2001/2628
f 1863/1681/2334 1867/1684/2337 2063/1993/2618 2061/2002/2629
f 1875/1629/2282 1866/1628/2281 2060/2001/2628 2065/1994/2619
f 1862/1616/2263 1863/1681/2334 2061/2002/2629 2058/1999/2626
f 1864/1613/2260 1869/1617/2264 2064/2000/2627 2062/1997/2624
f 2090/1979/2630 2092/1980/2631 2093/1765/2412 2085/1625/2273
f 2088/1985/2632 2119/1986/2633 2086/1967/2590 2087/1810/2457
f 2096/1995/2634 2089/1996/2635 2084/1760/2407 2095/1626/2277
f 2119/1986/2633 2091/2003/2636 2081/1964/2584 2086/1967/2590
f 2089/1996/2635 2118/2004/2637 2083/1624/2272 2084/1760/2407
f 2092/1980/2631 2088/1985/2632 2087/1810/2457 2093/1765/2412
f 2118/2004/2637 2090/1979/2630 2085/1625/2273 2083/1624/2272
f 2099/1854/2498 2096/1995/2634 2095/1626/2277 2098/1623/2276
f 2091/2003/2636 2097/1744/2638 2080/1965/2585 2081/1964/2584
f 2097/1744/2638 2100/1745/2395 2094/1971/2639 2080/1965/2585
f 2094/1971/2639 2100/1745/2395 2170/2005/2397 2175/2006/2640
f 2099/1854/2498 2098/1623/2276 2172/2007/2641 2168/2008/2496
f 2123/1989/2642 2109/2009/2643 2105/2010/2644 2104/1988/2645
f 2101/1891/2552 2082/1931/2551 2109/2009/2643 2123/1989/2642
f 2104/1988/2645 2105/2010/2644 2111/2011/2646 2114/2012/2647
f 2103/2013/2648 2102/1742/2649 2117/1743/2650 2108/2014/2651
f 2115/2015/2652 2110/2016/2653 2116/2017/2654 2122/2018/2655
f 2113/2019/2656 2115/2015/2652 2122/2018/2655 2121/2020/2656
f 2112/2021/2657 2113/2019/2656 2121/2020/2656 2120/2022/2658
f 2111/2011/2646 2112/2021/2657 2120/2022/2658 2114/2012/2647
f 2107/2023/2659 2106/1983/2660 2116/2017/2654 2110/2016/2653
f 2108/2014/2651 2117/1743/2650 2106/1983/2660 2107/2023/2659
f 2159/2024/2661 2160/2025/2662 2208/2026/2663 2207/2027/2664
f 2174/2028/2665 2171/2029/2665 2102/1742/2649 2103/2013/2648
f 2063/2003/2666 2066/1744/2393 2097/1744/2396 2091/2003/2667
f 2074/2017/2668 2077/2018/2669 2122/2018/2670 2116/2017/2671
f 1874/1814/2388 1991/1910/2388 2002/1811/2388 2016/1761/2388
f 2067/1854/2497 2065/1995/2620 2096/1995/2623 2099/1854/2498
f 1991/1910/2388 2018/1746/2388 1947/1749/2388 2002/1811/2388
f 2077/2018/2669 2076/2020/2672 2121/2020/2672 2122/2018/2670
f 2171/2030/2673 2070/1742/2389 2102/1742/2392
f 2043/1739/2388 1857/1741/2388 2019/2031/2388 2039/1747/2388
f 2076/2020/2672 2075/2022/2674 2120/2022/2675 2121/2020/2672
f 1990/1909/2388 1868/2032/2388 1858/1981/2388 2033/1939/2388
f 2059/2004/2676 2062/1979/2599 2090/1979/2602 2118/2004/2677
f 2075/2022/2674 2073/2012/2678 2114/2012/2679 2120/2022/2675
f 2039/1747/2388 2019/2031/2388 1834/1972/2388 1860/1748/2388
f 2064/1980/2600 2058/1985/2606 2088/1985/2609 2092/1980/2601
f 2073/2012/2678 2071/1988/2611 2104/1988/2614 2114/2012/2679
f 1873/1908/2388 1861/1970/2388 1868/2032/2388 1990/1909/2388
f 2060/1996/2621 2059/2004/2676 2118/2004/2677 2089/1996/2622
f 2072/1983/2603 2074/2017/2668 2116/2017/2671 2106/1983/2604
f 2111/2033/2680 2105/1933/2554 2005/1929/2509 2112/1943/2563
f 2061/1986/2607 2063/2003/2666 2091/2003/2667 2119/1986/2608
f 2078/1989/2612 2069/1891/2516 2101/1891/2518 2123/1989/2613
f 1860/1748/2388 1856/1973/2388 1944/1982/2388 1947/1749/2388
f 2080/1965/2585 2094/1971/2639 2017/1971/2681 2003/1965/2586
f 1967/1873/2502 1956/1872/2436 1953/1877/2465 1966/1878/2505
f 1840/2034/2327 2128/1807/2682 2133/1800/2683 1836/2035/2684
f 1842/2036/2685 2134/1848/2491 2129/1841/2483 1839/2037/2686
f 1845/2038/2464 2132/1793/2687 2139/1849/2688 1855/2039/2300
f 1855/2039/2300 2139/1849/2688 2131/1844/2689 1837/2040/2301
f 1848/2041/2690 2138/1803/2450 2134/1848/2491 1842/2036/2685
f 1837/2040/2301 2131/1844/2689 2124/1828/2469 1853/1827/2468
f 1839/2037/2686 2129/1841/2483 2127/1790/2691 1844/2042/2692
f 1847/1782/2429 2126/1781/2428 2137/1825/2693 1854/2043/2694
f 1854/2043/2694 2137/1825/2693 2124/1828/2489 1851/1846/2488
f 1846/1805/2452 2130/1804/2451 2125/1721/2695 1872/2044/2696
f 1850/1822/2326 2130/1804/2463 2128/1807/2682 1840/2034/2327
f 1836/2035/2684 2133/1800/2683 2138/1803/2450 1848/2041/2690
f 1844/2042/2692 2127/1790/2691 2132/1793/2687 1845/2038/2464
f 1871/2045/2697 2136/1784/2698 2135/1724/2375 1870/1723/2374
f 1852/1829/2471 2126/1781/2470 2136/1784/2698 1871/2045/2697
f 1872/2044/2696 2125/1721/2695 2135/1724/2433 1841/1785/2432
f 2044/1908/2594 1946/1814/2459 2146/2046/2459 2141/1968/2592
f 2161/2047/2699 2158/2048/2700 2206/2049/2701 2209/2050/2702
f 2151/2051/2703 2145/2052/2704 2199/2053/2705 2211/2054/2703
f 2149/2055/2706 2144/2056/2707 2198/2057/2708 2205/2058/2709
f 2147/2059/2710 2140/2060/2711 2194/2061/2712 2197/2062/2710
f 2148/2063/2713 2164/2064/2714 2192/2065/2715 2204/2066/2716
f 2160/2025/2662 2165/2067/2717 2193/2068/2718 2208/2026/2663
f 2169/2069/2719 2159/2024/2661 2207/2027/2664 2185/2070/2720
f 2146/2071/2721 2142/2072/2722 2186/2073/2723 2196/2074/2721
f 2141/2075/2724 2146/2076/2721 2196/2074/2721 2195/2077/2725
f 2156/2078/2726 2166/2079/2727 2178/2080/2728 2202/2081/2729
f 2154/2082/2730 2167/2083/2731 2179/2084/2732 2180/2085/2733
f 2174/2086/2734 2143/2087/2735 2187/2088/2736 2188/2089/2734
f 2143/2087/2735 2147/2059/2710 2197/2062/2710 2187/2088/2736
f 2150/2090/2737 2153/2091/2738 2183/2092/2739 2210/2093/2740
f 2166/2079/2727 2155/2094/2741 2181/2095/2742 2178/2080/2728
f 2175/2096/2743 2170/2097/2744 2190/2098/2745 2189/2099/2746
f 2158/2048/2700 2168/2100/2747 2184/2101/2748 2206/2049/2701
f 2144/2056/2707 2150/2102/2737 2210/2103/2740 2198/2057/2708
f 2140/2060/2711 2173/2104/2749 2177/2105/2749 2194/2061/2712
f 2188/2106/2750 2187/2107/2751 2186/2108/2752 2189/2109/2750
f 2165/2067/2717 2149/2055/2706 2205/2058/2709 2193/2068/2718
f 2176/2110/2753 2195/2111/2754 2194/2112/2755 2177/2113/2753
f 2142/2114/2722 2175/2006/2743 2189/2115/2746 2186/2116/2723
f 2177/2117/2756 2185/2118/2757 2184/2119/2758 2176/2120/2756
f 2170/2121/2744 2163/2122/2759 2201/2123/2760 2190/2124/2745
f 2191/2125/2761 2188/2126/2762 2189/2127/2762 2190/2128/2763
f 2167/2083/2731 2157/2129/2764 2203/2130/2765 2179/2084/2732
f 2200/2131/2766 2191/2132/2761 2190/2133/2763 2201/2134/2767
f 2171/2135/2768 2174/2136/2769 2188/2137/2769 2191/2138/2770
f 2180/2139/2771 2179/2140/2772 2178/2141/2773 2181/2142/2774
f 2153/2143/2738 2154/2082/2730 2180/2085/2733 2183/2092/2739
f 2208/2144/2775 2193/2145/2776 2192/2146/2777 2209/2147/2778
f 2164/2064/2714 2161/2148/2699 2209/2149/2702 2192/2065/2715
f 2179/2140/2772 2203/2150/2779 2202/2151/2780 2178/2141/2773
f 2187/2107/2751 2197/2152/2781 2196/2153/2781 2186/2154/2752
f 2173/2155/2782 2169/2156/2719 2185/2157/2720 2177/2158/2782
f 2185/2159/2757 2207/2160/2783 2206/2161/2784 2184/2162/2758
f 2168/2163/2747 2172/2164/2785 2176/2165/2786 2184/2166/2748
f 2210/2167/2787 2183/2168/2788 2182/2169/2789 2211/2170/2787
f 2172/2007/2785 2141/2075/2724 2195/2077/2725 2176/2171/2786
f 2183/2168/2788 2180/2139/2771 2181/2172/2774 2182/2169/2789
f 2152/2173/2790 2151/2051/2703 2211/2054/2703 2182/2174/2791
f 2193/2145/2776 2205/2175/2792 2204/2176/2793 2192/2146/2777
f 2145/2177/2704 2148/2178/2713 2204/2179/2716 2199/2180/2705
f 2197/2152/2781 2194/2112/2755 2195/2111/2754 2196/2153/2781
f 2162/2181/2794 2171/2182/2768 2191/2183/2770 2200/2184/2795
f 2198/2185/2796 2210/2186/2787 2211/2170/2787 2199/2187/2797
f 2157/2188/2764 2162/2181/2794 2200/2184/2795 2203/2189/2765
f 2205/2175/2792 2198/2185/2796 2199/2190/2797 2204/2191/2793
f 2163/2122/2759 2156/2192/2726 2202/2193/2729 2201/2123/2760
f 2203/2194/2779 2200/2131/2766 2201/2134/2767 2202/2195/2780
f 2207/2160/2783 2208/2144/2775 2209/2196/2778 2206/2161/2784
f 2155/2197/2741 2152/2173/2790 2182/2174/2791 2181/2198/2742
f 2285/2199/2798 2291/2200/2799 2217/2201/2800 2212/2202/2801
f 2292/2200/2802 2288/2199/2803 2213/2202/2804 2216/2201/2805
f 2288/2199/2803 2293/2203/2806 2219/2204/2807 2213/2202/2804
f 2294/2205/2808 2289/2206/2809 2215/2207/2810 2218/2208/2811
f 2289/2206/2809 2295/2209/2812 2221/2210/2813 2215/2207/2810
f 2296/2209/2814 2290/2206/2815 2214/2207/2816 2220/2210/2817
f 2290/2206/2815 2297/2211/2818 2223/2208/2819 2214/2207/2816
f 2298/2212/2820 2285/2199/2798 2212/2202/2801 2222/2204/2821
f 2218/2208/2811 2215/2207/2810 2235/2213/2822 2228/2214/2823
f 2227/2215/2824 2239/2213/2825 2237/2214/2826 2231/2216/2827
f 2234/2217/2828 2225/2218/2829 2216/2201/2805 2213/2202/2804
f 2276/2219/2830 2224/2218/2831 2217/2201/2800 2274/2220/2832
f 2277/2221/2833 2227/2215/2824 2231/2216/2827 2279/2222/2834
f 2245/2223/2835 2237/2214/2826 2223/2208/2819 2241/2224/2836
f 2227/2215/2824 2220/2210/2817 2214/2207/2816 2239/2213/2825
f 2238/2225/2837 2222/2204/2821 2212/2202/2801 2236/2217/2838
f 2215/2207/2810 2221/2210/2813 2226/2215/2839 2235/2213/2822
f 2239/2213/2825 2214/2207/2816 2223/2208/2819 2237/2214/2826
f 2230/2226/2840 2238/2225/2837 2236/2217/2838 2224/2218/2831
f 2277/2221/2833 2226/2215/2839 2221/2210/2813 2275/2227/2841
f 2213/2202/2804 2219/2204/2807 2229/2225/2842 2234/2217/2828
f 2244/2228/2843 2245/2223/2835 2238/2225/2837 2230/2226/2840
f 2240/2224/2844 2218/2208/2811 2228/2214/2823 2243/2223/2845
f 2229/2225/2842 2232/2226/2846 2225/2218/2829 2234/2217/2828
f 2276/2219/2830 2278/2229/2847 2230/2226/2840 2224/2218/2831
f 2235/2213/2822 2226/2215/2839 2233/2216/2848 2228/2214/2823
f 2243/2223/2845 2228/2214/2823 2233/2216/2848 2242/2228/2849
f 2280/2228/2850 2244/2228/2843 2230/2226/2840 2278/2229/2847
f 2224/2218/2831 2236/2217/2838 2212/2202/2801 2217/2201/2800
f 2279/2222/2834 2231/2216/2827 2244/2228/2843 2280/2228/2850
f 2229/2225/2842 2243/2223/2845 2242/2228/2849 2232/2226/2846
f 2219/2204/2807 2240/2224/2844 2243/2223/2845 2229/2225/2842
f 2231/2216/2827 2237/2214/2826 2245/2223/2835 2244/2228/2843
f 2238/2225/2837 2245/2223/2835 2241/2224/2836 2222/2204/2821
f 2269/2230/2851 2262/2231/2852 2259/2232/2853
f 2273/2233/2854 2261/2234/2855 2258/2235/2856 2257/2236/2857
f 2261/2234/2855 2272/2237/2858 2256/2238/2859 2258/2235/2856
f 2284/2239/2860 2270/2240/2861 2254/2241/2862 2281/2242/2863
f 2268/2243/2864 2252/2244/2865 2259/2232/2853
f 2283/2245/2866 2266/2246/2867 2250/2247/2868 2282/2248/2869
f 2300/2249/2870 2291/2200/2799 2266/2246/2867 2283/2245/2866
f 2287/2250/2871 2293/2203/2806 2268/2243/2864 2262/2231/2852
f 2299/2251/2872 2295/2209/2812 2270/2240/2861 2284/2239/2860
f 2286/2250/2873 2297/2211/2818 2272/2237/2858 2261/2234/2855
f 2298/2212/2820 2286/2250/2873 2261/2234/2855 2273/2233/2854
f 2294/2205/2808 2287/2250/2871 2262/2231/2852 2269/2230/2851
f 2257/2236/2857 2246/2252/2874 2260/2253/2875 2273/2233/2854
f 2249/2254/2876 2256/2238/2859 2272/2237/2858 2265/2255/2877
f 2255/2256/2878 2249/2254/2876 2265/2255/2877 2271/2257/2879
f 2248/2258/2880 2254/2241/2862 2270/2240/2861 2264/2255/2881
f 2253/2259/2882 2248/2258/2880 2264/2255/2881 2269/2230/2851
f 2247/2260/2883 2252/2244/2865 2268/2243/2864 2263/2253/2884
f 2251/2261/2885 2247/2260/2883 2263/2253/2884 2267/2246/2886
f 2246/2252/2874 2250/2247/2868 2266/2246/2867 2260/2253/2875
f 2262/2231/2852 2268/2243/2864 2259/2232/2853
f 2253/2259/2882 2269/2230/2851 2259/2232/2853
f 2296/2209/2814 2299/2251/2872 2284/2239/2860 2271/2257/2879
f 2292/2200/2802 2300/2249/2870 2283/2245/2866 2267/2246/2886
f 2267/2246/2886 2283/2245/2866 2282/2248/2869 2251/2261/2885
f 2271/2257/2879 2284/2239/2860 2281/2242/2863 2255/2256/2878
f 2233/2216/2848 2279/2222/2834 2280/2228/2850 2242/2228/2849
f 2242/2228/2849 2280/2228/2850 2278/2229/2847 2232/2226/2846
f 2225/2218/2829 2232/2226/2846 2278/2229/2847 2276/2219/2830
f 2227/2215/2824 2277/2221/2833 2275/2227/2841 2220/2210/2817
f 2226/2215/2839 2277/2221/2833 2279/2222/2834 2233/2216/2848
f 2225/2218/2829 2276/2219/2830 2274/2220/2832 2216/2201/2805
f 2216/2201/2805 2274/2220/2832 2300/2249/2870 2292/2200/2802
f 2220/2210/2817 2275/2227/2841 2299/2251/2872 2296/2209/2814
f 2218/2208/2811 2240/2224/2844 2287/2250/2871 2294/2205/2808
f 2222/2204/2821 2241/2224/2836 2286/2250/2873 2298/2212/2820
f 2241/2224/2836 2223/2208/2819 2297/2211/2818 2286/2250/2873
f 2275/2227/2841 2221/2210/2813 2295/2209/2812 2299/2251/2872
f 2240/2224/2844 2219/2204/2807 2293/2203/2806 2287/2250/2871
f 2274/2220/2832 2217/2201/2800 2291/2200/2799 2300/2249/2870
f 2273/2233/2854 2260/2253/2875 2285/2199/2798 2298/2212/2820
f 2265/2255/2877 2272/2237/2858 2297/2211/2818 2290/2206/2815
f 2271/2257/2879 2265/2255/2877 2290/2206/2815 2296/2209/2814
f 2264/2255/2881 2270/2240/2861 2295/2209/2812 2289/2206/2809
f 2269/2230/2851 2264/2255/2881 2289/2206/2809 2294/2205/2808
f 2263/2253/2884 2268/2243/2864 2293/2203/2806 2288/2199/2803
f 2267/2246/2886 2263/2253/2884 2288/2199/2803 2292/2200/2802
f 2260/2253/2875 2266/2246/2867 2291/2200/2799 2285/2199/2798
f 1839/1786/2434 1951/1789/2437 1949/1691/2344 1842/1690/2343
f 2254/2241/2862 2248/2258/2880 1883/2262/2887 1885/2263/2888
f 2248/2258/2880 2253/2259/2882 1884/2264/2889 1883/2262/2887
f 2259/2232/2853 1881/2265/2890 1884/2264/2889
f 2259/2232/2853 2252/2244/2865 1880/2266/2891
f 2252/2244/2865 2247/2260/2883 1882/2267/2892 1880/2266/2891
f 2247/2260/2883 2251/2261/2885 1886/2268/2893 1882/2267/2892
f 2251/2261/2885 2282/2248/2869 1891/2269/2894 1886/2268/2893
f 2282/2248/2869 2250/2247/2868 1887/2270/2895 1891/2269/2894
f 2250/2247/2868 2246/2252/2874 1888/2271/2896 1887/2270/2895
f 2246/2252/2874 2257/2236/2857 1889/2272/2897 1888/2271/2896
f 2257/2236/2857 2258/2235/2856 1890/2273/2898 1889/2272/2897
f 2258/2235/2856 2256/2238/2859 1879/2274/2899 1890/2273/2898
f 2256/2238/2859 2249/2254/2876 1878/2275/2900 1879/2274/2899
f 2249/2254/2876 2255/2256/2878 1877/2276/2901 1878/2275/2900
f 2255/2256/2878 2281/2242/2863 1892/2277/2902 1877/2276/2901
f 2281/2242/2863 2254/2241/2862 1885/2263/2888 1892/2277/2902
f 1881/2265/2890 2259/2232/2853 1880/2266/2891
f 2253/2259/2882 2259/2232/2853 1884/2264/2889
o Mage_Cape
v 0.316562 0.723674 -0.364021
v -0.316484 0.723674 -0.363984
v 0.122054 0.061585 -0.367476
v -0.000546 0.055080 -0.383842
v -0.121802 0.061585 -0.367476
v -0.172396 0.723674 -0.380498
v -0.000526 0.723674 -0.385025
v 0.172518 0.723674 -0.380544
v 0.310432 0.549595 -0.364125
v 0.301091 0.362290 -0.352513
v -0.300915 0.362290 -0.352513
v -0.310400 0.549595 -0.364124
v 0.133950 0.362290 -0.371227
v 0.145708 0.549595 -0.379586
v -0.000337 0.362290 -0.383900
v -0.000264 0.549595 -0.386094
v -0.133721 0.362290 -0.371220
v -0.145621 0.549595 -0.379582
v 0.321277 0.908690 -0.332513
v -0.321114 0.908690 -0.332410
v -0.176088 0.908690 -0.348313
v -0.000740 0.908690 -0.352409
v 0.176298 0.908690 -0.348414
v 0.268677 1.079970 -0.259333
v -0.268930 1.079970 -0.259273
v -0.146826 1.079970 -0.278240
v 0.000500 1.087501 -0.289808
v 0.146618 1.079970 -0.278281
v 0.472120 0.723674 -0.357489
v -0.472110 0.723674 -0.357484
v 0.485389 0.549595 -0.356100
v 0.472043 0.362290 -0.348946
v -0.471737 0.362290 -0.348956
v -0.485368 0.549595 -0.356099
v 0.448791 0.908690 -0.328377
v -0.448679 0.908690 -0.328319
v 0.370710 1.079970 -0.219570
v -0.371010 1.079970 -0.219527
v 0.209331 1.214194 -0.080408
v -0.210069 1.214193 -0.080408
v -0.113609 1.221380 -0.102139
v 0.001914 1.235974 -0.114925
v 0.112915 1.221380 -0.102144
v 0.291708 1.202001 -0.043505
v -0.292470 1.202001 -0.043505
v 0.241899 0.072820 -0.344566
v -0.241628 0.072820 -0.344566
v -0.373153 0.094029 -0.344566
v 0.373460 0.094029 -0.344566
v 0.128002 0.228154 -0.369351
v -0.000441 0.228154 -0.383871
v -0.127762 0.228154 -0.369348
v 0.422752 0.228154 -0.346756
v -0.422445 0.228154 -0.346761
v -0.271271 0.228154 -0.348539
v 0.271495 0.228154 -0.348540
vn 0.0684 0.0800 -0.9945
vn 0.0704 -0.0313 -0.9970
vn 0.0657 -0.0293 -0.9974
vn -0.0762 0.0821 -0.9937
vn -0.0327 0.3308 -0.9431
vn -0.0899 0.3283 -0.9403
vn -0.0659 -0.0293 -0.9974
vn -0.0002 0.0858 -0.9963
vn -0.0001 -0.0136 -0.9999
vn 0.0005 0.5773 -0.8166
vn 0.1662 0.7730 -0.6122
vn 0.1032 0.6006 -0.7928
vn 0.2367 0.6643 -0.7090
vn 0.2240 0.8160 -0.5329
vn 0.3206 0.8398 -0.4382
vn -0.1020 -0.0328 -0.9942
vn -0.0003 -0.0060 -1.0000
vn 0.0777 -0.0315 -0.9965
vn 0.0636 -0.0539 -0.9965
vn 0.0257 -0.0418 -0.9988
vn -0.2366 0.6640 -0.7093
vn -0.1912 0.6335 -0.7497
vn 0.1017 -0.0328 -0.9943
vn 0.0697 0.2839 -0.9563
vn 0.1911 0.6340 -0.7494
vn 0.0900 0.3284 -0.9402
vn -0.0004 0.2670 -0.9637
vn -0.0700 0.2839 -0.9563
vn -0.0686 0.0802 -0.9944
vn -0.0704 -0.0312 -0.9970
vn -0.0776 -0.0315 -0.9965
vn -0.0635 -0.0539 -0.9965
vn -0.1032 0.6005 -0.7929
vn 0.0429 0.0740 -0.9963
vn 0.0458 -0.0230 -0.9987
vn -0.0005 -0.0094 -1.0000
vn -0.0007 -0.0002 -1.0000
vn -0.1459 -0.0218 -0.9891
vn 0.0764 0.0818 -0.9937
vn 0.0330 0.3306 -0.9432
vn -0.2241 0.8157 -0.5333
vn -0.1638 0.7736 -0.6121
vn -0.0427 0.0742 -0.9963
vn -0.0256 -0.0418 -0.9988
vn 0.0040 0.7623 -0.6472
vn -0.3207 0.8394 -0.4388
vn -0.0458 -0.0230 -0.9987
vn 0.1279 -0.0176 -0.9916
vn 0.1452 -0.0219 -0.9892
vn -0.0079 -0.0236 -0.9997
vn -0.0118 -0.0207 -0.9997
vn -0.1284 -0.0176 -0.9916
vn 0.0118 -0.0207 -0.9997
vn 0.0079 -0.0236 -0.9997
vn 0.1182 -0.0479 -0.9918
vn -0.1183 -0.0479 -0.9918
vt 0.290095 0.663074
vt 0.280766 0.627025
vt 0.291909 0.627025
vt 0.323176 0.640954
vt 0.332118 0.655757
vt 0.323489 0.655757
vt 0.311617 0.627025
vt 0.301801 0.663074
vt 0.301784 0.627025
vt 0.301732 0.692184
vt 0.294128 0.680776
vt 0.291848 0.691582
vt 0.276688 0.669461
vt 0.287605 0.680201
vt 0.282033 0.679225
vt 0.310812 0.612039
vt 0.301788 0.612039
vt 0.283400 0.588590
vt 0.281398 0.612039
vt 0.269833 0.586832
vt 0.326864 0.669461
vt 0.319958 0.669461
vt 0.292704 0.612039
vt 0.289840 0.677877
vt 0.283591 0.669461
vt 0.280032 0.655757
vt 0.301816 0.677877
vt 0.313678 0.677877
vt 0.313428 0.663074
vt 0.322764 0.627025
vt 0.320117 0.588590
vt 0.322122 0.612039
vt 0.311699 0.691582
vt 0.269828 0.640954
vt 0.268930 0.601819
vt 0.301796 0.591366
vt 0.301803 0.570693
vt 0.313158 0.571092
vt 0.280351 0.640954
vt 0.271406 0.655757
vt 0.315976 0.680201
vt 0.309451 0.680776
vt 0.333703 0.640954
vt 0.333678 0.586832
vt 0.301637 0.681944
vt 0.321551 0.679225
vt 0.334601 0.601819
vt 0.291531 0.591565
vt 0.290357 0.571092
vt 0.327009 0.565725
vt 0.330344 0.576279
vt 0.311985 0.591565
vt 0.273167 0.576279
vt 0.276502 0.565725
vt 0.285401 0.565142
vt 0.318112 0.565142
s 1
usemtl mage
f 2308/2278/2903 2309/2279/2904 2314/2280/2905
f 2302/2281/2906 2336/2282/2907 2320/2283/2908
f 2318/2284/2909 2307/2285/2910 2316/2286/2911
f 2327/2287/2912 2343/2288/2913 2328/2289/2914
f 2337/2290/2915 2339/2291/2916 2344/2292/2917
f 2317/2293/2918 2316/2286/2911 2315/2294/2919
f 2356/2295/2920 2310/2296/2921 2332/2297/2922
f 2320/2283/2908 2338/2298/2923 2325/2299/2924
f 2314/2280/2905 2309/2279/2904 2313/2300/2925
f 2323/2301/2926 2324/2302/2927 2319/2303/2928
f 2322/2304/2929 2308/2278/2903 2307/2285/2910
f 2302/2281/2906 2321/2305/2930 2306/2306/2931
f 2312/2307/2932 2306/2306/2931 2318/2284/2909
f 2322/2304/2929 2328/2289/2914 2323/2301/2926
f 2325/2299/2924 2321/2305/2930 2320/2283/2908
f 2307/2285/2910 2314/2280/2905 2316/2286/2911
f 2306/2306/2931 2322/2304/2929 2307/2285/2910
f 2355/2308/2933 2311/2309/2934 2317/2293/2918
f 2326/2310/2935 2322/2304/2929 2321/2305/2930
f 2309/2279/2904 2329/2311/2936 2331/2312/2937
f 2309/2279/2904 2332/2297/2922 2310/2296/2921
f 2328/2289/2914 2339/2291/2916 2324/2302/2927
f 2351/2313/2938 2304/2314/2939 2305/2315/2940
f 2337/2290/2915 2319/2303/2928 2324/2302/2927
f 2301/2316/2941 2323/2301/2926 2319/2303/2928
f 2301/2316/2941 2335/2317/2942 2329/2311/2936
f 2326/2310/2935 2340/2318/2943 2341/2319/2944
f 2341/2319/2944 2327/2287/2912 2326/2310/2935
f 2338/2298/2923 2340/2318/2943 2325/2299/2924
f 2313/2300/2925 2316/2286/2911 2314/2280/2905
f 2312/2307/2932 2330/2320/2945 2302/2281/2906
f 2333/2321/2946 2312/2307/2932 2311/2309/2934
f 2333/2321/2946 2311/2309/2934 2355/2308/2933
f 2313/2300/2925 2310/2296/2921 2356/2295/2920
f 2308/2278/2903 2301/2316/2941 2309/2279/2904
f 2302/2281/2906 2330/2320/2945 2336/2282/2907
f 2318/2284/2909 2306/2306/2931 2307/2285/2910
f 2327/2287/2912 2342/2322/2947 2343/2288/2913
f 2309/2279/2904 2310/2296/2921 2313/2300/2925
f 2337/2290/2915 2324/2302/2927 2339/2291/2916
f 2317/2293/2918 2318/2284/2909 2316/2286/2911
f 2351/2313/2938 2315/2294/2919 2313/2300/2925
f 2320/2283/2908 2336/2282/2907 2338/2298/2923
f 2318/2284/2909 2317/2293/2918 2312/2307/2932
f 2323/2301/2926 2328/2289/2914 2324/2302/2927
f 2322/2304/2929 2323/2301/2926 2308/2278/2903
f 2302/2281/2906 2320/2283/2908 2321/2305/2930
f 2312/2307/2932 2302/2281/2906 2306/2306/2931
f 2322/2304/2929 2327/2287/2912 2328/2289/2914
f 2325/2299/2924 2326/2310/2935 2321/2305/2930
f 2307/2285/2910 2308/2278/2903 2314/2280/2905
f 2306/2306/2931 2321/2305/2930 2322/2304/2929
f 2326/2310/2935 2327/2287/2912 2322/2304/2929
f 2309/2279/2904 2301/2316/2941 2329/2311/2936
f 2309/2279/2904 2331/2312/2937 2332/2297/2922
f 2328/2289/2914 2343/2288/2913 2339/2291/2916
f 2337/2290/2915 2335/2317/2942 2319/2303/2928
f 2301/2316/2941 2308/2278/2903 2323/2301/2926
f 2301/2316/2941 2319/2303/2928 2335/2317/2942
f 2326/2310/2935 2325/2299/2924 2340/2318/2943
f 2341/2319/2944 2342/2322/2947 2327/2287/2912
f 2338/2298/2923 2345/2323/2948 2340/2318/2943
f 2313/2300/2925 2315/2294/2919 2316/2286/2911
f 2312/2307/2932 2334/2324/2949 2330/2320/2945
f 2333/2321/2946 2334/2324/2949 2312/2307/2932
f 2317/2293/2918 2311/2309/2934 2312/2307/2932
f 2351/2313/2938 2350/2325/2950 2303/2326/2951
f 2303/2326/2951 2350/2325/2950 2356/2295/2920
f 2348/2327/2952 2354/2328/2953 2355/2308/2933
f 2317/2293/2918 2315/2294/2919 2351/2313/2938
f 2355/2308/2933 2352/2329/2954 2305/2315/2940
f 2356/2295/2920 2353/2330/2955 2349/2331/2956
f 2353/2330/2955 2356/2295/2920 2332/2297/2922
f 2346/2332/2957 2356/2295/2920 2349/2331/2956
f 2350/2325/2950 2313/2300/2925 2356/2295/2920
f 2346/2332/2957 2303/2326/2951 2356/2295/2920
f 2354/2328/2953 2333/2321/2946 2355/2308/2933
f 2347/2333/2958 2348/2327/2952 2355/2308/2933
f 2352/2329/2954 2355/2308/2933 2317/2293/2918
f 2347/2333/2958 2355/2308/2933 2305/2315/2940
f 2350/2325/2950 2351/2313/2938 2313/2300/2925
f 2352/2329/2954 2351/2313/2938 2305/2315/2940
f 2352/2329/2954 2317/2293/2918 2351/2313/2938
f 2304/2314/2939 2351/2313/2938 2303/2326/2951
o Mage_LegRight
v -0.212074 0.001018 -0.116020
v -0.046015 0.193151 -0.046499
v -0.074160 0.195782 0.080875
v -0.290999 0.193260 -0.045550
v -0.125163 0.188160 -0.100926
v -0.217461 0.196569 0.108372
v -0.046737 0.194869 0.041211
v -0.090012 0.188375 -0.079405
v -0.168463 0.197098 0.113666
v -0.271513 0.190388 -0.012273
v -0.262758 0.195831 0.080682
v -0.290035 0.194932 0.041082
v -0.065270 0.190338 -0.012275
v -0.168467 0.187646 -0.108798
v -0.119614 0.196549 0.108504
v -0.220067 0.192728 -0.115706
v -0.045870 0.193677 -0.002619
v -0.246901 0.188413 -0.079248
v -0.168466 0.192205 -0.126187
v -0.261675 0.192606 -0.088255
v -0.211871 0.188180 -0.100816
v -0.290898 0.193734 -0.002615
v -0.248082 0.001018 -0.088781
v -0.124572 0.001018 -0.116022
v -0.072349 0.001018 -0.049347
v -0.088535 0.001018 -0.088790
v -0.205485 0.001018 -0.078064
v -0.085103 0.001018 0.015417
v -0.214741 0.073294 -0.121288
v -0.257426 0.071840 -0.092277
v -0.122121 0.073295 -0.121295
v -0.079391 0.071841 -0.092290
v -0.059973 0.069637 -0.048298
v -0.276829 0.069637 -0.048299
v -0.075523 0.001018 -0.012869
v -0.168435 0.073472 -0.124866
v -0.075244 0.192567 -0.088451
v -0.116990 0.192709 -0.115842
v -0.065395 0.189379 -0.046544
v -0.128693 0.001018 0.016396
v -0.168341 0.001018 0.016483
v -0.063410 0.067919 -0.011423
v -0.273415 0.067919 -0.011430
v -0.077358 0.307661 0.035629
v -0.098727 0.310288 0.067526
v -0.130718 0.312044 0.088845
v -0.206269 0.297075 -0.092758
v -0.168527 0.296459 -0.100254
v -0.238259 0.298830 -0.071439
v -0.098775 0.298833 -0.071487
v -0.130780 0.297076 -0.092784
v -0.077384 0.301461 -0.039605
v -0.259629 0.301457 -0.039542
v -0.259603 0.307657 0.035692
v -0.238211 0.310285 0.067574
v -0.206206 0.312042 0.088871
v -0.168459 0.312659 0.096341
v -0.267123 0.304557 -0.001922
v -0.069863 0.304561 -0.001991
v -0.257919 0.137578 0.063616
v -0.276112 0.129246 0.031217
v -0.213723 0.146932 0.083911
v -0.244593 0.163445 0.052384
v -0.279006 0.091712 0.031140
v -0.279059 0.089827 -0.010532
v -0.279154 0.089599 -0.049387
v -0.168489 0.149346 0.087285
v -0.057969 0.091712 0.031147
v -0.215431 0.089677 -0.118450
v -0.121535 0.089674 -0.118449
v -0.078964 0.089527 -0.091840
v -0.057781 0.089595 -0.049381
v -0.060964 0.129203 0.031243
v -0.057890 0.089823 -0.010524
v -0.079187 0.137550 0.063657
v -0.123391 0.146933 0.083945
v -0.092317 0.163398 0.052534
v -0.071585 0.160308 0.023162
v -0.128825 0.167353 0.071886
v -0.093419 0.154531 -0.074412
v -0.063174 0.127039 -0.047683
v -0.072013 0.156040 -0.043354
v -0.069333 0.157823 -0.010139
v -0.084632 0.126726 -0.083530
v -0.127273 0.153982 -0.095015
v -0.122786 0.127322 -0.105957
v -0.168467 0.089619 -0.122875
v -0.252462 0.126757 -0.083499
v -0.214309 0.127342 -0.105934
v -0.209741 0.154013 -0.094918
v -0.273888 0.127080 -0.047665
v -0.257980 0.089530 -0.091841
v -0.243495 0.154588 -0.074274
v -0.264810 0.156122 -0.043201
v -0.267457 0.157896 -0.010143
v -0.265219 0.160378 0.023058
v -0.127407 0.194160 0.074628
v -0.276225 0.128155 -0.009451
v -0.060838 0.128107 -0.009446
v -0.208194 0.167365 0.071785
v -0.168478 0.169038 0.076436
v -0.270737 0.191918 0.021828
v -0.247819 0.193158 0.052792
v -0.168464 0.194757 0.078662
v -0.066049 0.191865 0.021934
v -0.209642 0.194174 0.074521
v -0.271562 0.189481 -0.045896
v -0.089094 0.193117 0.052949
v -0.168489 0.127269 -0.111951
v -0.168480 0.153569 -0.101716
v -0.264261 0.001018 -0.049350
v -0.265240 0.065546 0.022824
v -0.168343 0.023546 0.021801
v -0.210981 0.001018 -0.044081
v -0.071609 0.065549 0.022832
v -0.168430 0.295121 0.114924
v -0.168427 0.294264 -0.107153
v -0.217682 0.294573 0.109779
v -0.085728 0.298115 -0.071487
v -0.288196 0.290153 0.045235
v -0.061197 0.301690 -0.035404
v -0.122578 0.295718 -0.094330
v -0.261235 0.292690 0.083886
v -0.214483 0.295717 -0.094269
v -0.288738 0.287088 0.001292
v -0.289225 0.283787 -0.042521
v -0.086155 0.312077 0.079360
v -0.251275 0.298112 -0.071399
v -0.119394 0.294577 0.109857
v -0.275739 0.301681 -0.035340
v -0.075753 0.292693 0.083999
v -0.048707 0.290157 0.045309
v -0.274812 0.308891 0.044578
v -0.250848 0.312062 0.079269
v -0.261462 0.280826 -0.082737
v -0.212350 0.314478 0.102198
v -0.048164 0.287092 0.001287
v -0.168433 0.315075 0.106775
v -0.047715 0.283803 -0.042743
v -0.062127 0.308904 0.044641
v -0.075527 0.280827 -0.082853
v -0.116954 0.279016 -0.108381
v -0.124720 0.314488 0.102260
v -0.061699 0.305389 0.004701
v -0.168425 0.277776 -0.121970
v -0.275239 0.305381 0.004698
v -0.220110 0.279016 -0.108302
v -0.252568 0.116476 0.141871
v -0.211571 0.127161 0.153606
v -0.168458 0.129383 0.155697
v -0.125406 0.127168 0.153609
v -0.271870 0.040812 0.118207
v -0.059798 0.070118 0.123075
v -0.065036 0.040812 0.118208
v -0.277157 0.070116 0.123076
v -0.084415 0.116479 0.141870
v -0.125489 0.001018 -0.010594
v -0.168322 0.001018 -0.010348
v -0.168370 0.000012 0.122406
v -0.245640 0.117672 0.211680
v -0.208147 0.125234 0.210015
v -0.168465 0.127028 0.209641
v -0.128807 0.125236 0.210015
v -0.272876 0.049466 0.220651
v -0.064506 0.082315 0.217703
v -0.064033 0.049470 0.220649
v -0.272450 0.082309 0.217706
v -0.091328 0.117674 0.211679
v -0.211160 0.001018 -0.010595
v -0.261123 0.001018 -0.012883
v -0.168381 0.007813 0.221195
v -0.119051 0.007875 0.221216
v -0.217709 0.007874 0.221216
v -0.094808 0.065290 0.260587
v -0.096033 0.093864 0.254136
v -0.168464 0.125189 0.234545
v -0.202441 0.123955 0.234830
v -0.229864 0.120151 0.235757
v -0.134500 0.123955 0.234831
v -0.107089 0.120151 0.235757
v -0.240902 0.093861 0.254137
v -0.242092 0.065291 0.260589
v -0.207989 0.001018 0.016395
v -0.251579 0.001018 0.015398
v -0.168306 0.001018 -0.043667
v -0.168328 0.001018 -0.120559
v -0.132381 0.102898 0.267915
v -0.168454 0.104211 0.270045
v -0.204536 0.102898 0.267915
v -0.131178 0.072126 0.277761
v -0.168438 0.072874 0.280613
v -0.205706 0.072126 0.277761
v -0.117784 -0.000255 0.122482
v -0.218949 -0.000255 0.122482
v -0.278440 0.072275 0.170012
v -0.250456 0.115261 0.177490
v -0.168461 0.127030 0.183750
v -0.126754 0.125186 0.182792
v -0.168375 0.001833 0.171734
v -0.125635 0.001018 -0.044080
v -0.058518 0.072279 0.170010
v -0.060084 0.040671 0.168129
v -0.086516 0.115264 0.177489
v -0.276830 0.040670 0.168129
v -0.210208 0.125182 0.182789
v -0.168306 0.001018 -0.077129
v -0.220090 0.001853 0.171965
v -0.116654 0.001853 0.171966
v -0.212605 0.023546 0.021706
v -0.131127 0.001018 -0.078063
v -0.124081 0.023546 0.021707
v -0.275403 0.118820 0.048480
v -0.061656 0.118811 0.048493
v -0.269797 0.094816 0.131976
v -0.067173 0.094819 0.131974
v -0.262233 0.101894 0.215156
v -0.074732 0.101898 0.215153
v -0.235985 0.110641 0.245411
v -0.100963 0.110643 0.245409
v -0.134011 0.117086 0.253372
v -0.168460 0.118366 0.254419
v -0.202921 0.117086 0.253371
v -0.068535 0.095429 0.173684
v -0.268433 0.095426 0.173686
v -0.212436 0.061710 -0.115976
v -0.086169 0.060402 -0.088596
v -0.068720 0.058417 -0.047331
v -0.250558 0.060409 -0.088591
v -0.124323 0.061706 -0.115978
v -0.268001 0.058425 -0.047334
v -0.168383 0.061847 -0.119685
v -0.072627 0.056669 -0.010675
v -0.264121 0.056677 -0.010681
v -0.081557 0.054138 0.021886
v -0.255220 0.054143 0.021881
v -0.070732 0.028185 0.117585
v -0.266102 0.028191 0.117586
v -0.072105 0.036008 0.220728
v -0.264751 0.036017 0.220732
v -0.100567 0.047370 0.254828
v -0.236296 0.047383 0.254829
v -0.132185 0.052376 0.268254
v -0.168424 0.052881 0.270284
v -0.204668 0.052379 0.268254
v -0.067207 0.027451 0.167983
v -0.269643 0.027460 0.167984
v -0.266756 0.023546 -0.010135
v -0.271896 0.023546 -0.049795
v -0.071460 -0.000237 0.122617
v -0.081662 0.023546 -0.092686
v -0.064712 0.023546 -0.049791
v -0.120734 0.023546 -0.122303
v -0.254954 0.023546 -0.092677
v -0.215913 0.023546 -0.122300
v -0.216039 0.056346 -0.121125
v -0.062277 0.052355 -0.050748
v -0.120708 0.056359 -0.121134
v -0.274416 0.052327 -0.050749
v -0.168378 0.056807 -0.127763
v -0.168330 0.023546 -0.127236
v -0.255193 0.023546 0.020621
v -0.069892 0.023546 -0.010120
v -0.065524 0.050256 -0.011915
v -0.271193 0.050228 -0.011930
v -0.081496 0.023546 0.020642
v -0.077360 0.046971 0.022988
v -0.259387 0.046942 0.022969
v -0.062470 0.023755 0.118155
v -0.274340 0.023727 0.118147
v -0.265290 -0.000237 0.122609
v -0.064983 0.030017 0.222369
v -0.074754 0.008208 0.223345
v -0.271860 0.030002 0.222370
v -0.262037 0.008207 0.223342
v -0.267540 0.001942 0.172992
v -0.069230 0.001942 0.172995
v -0.239425 0.015940 0.256513
v -0.097391 0.015942 0.256515
v -0.127235 0.017657 0.264020
v -0.168403 0.018212 0.266823
v -0.092845 0.039484 0.261276
v -0.209572 0.017656 0.264019
v -0.244003 0.039481 0.261278
v -0.278690 0.021889 0.169477
v -0.080629 0.054686 -0.092480
v -0.256078 0.054662 -0.092467
v -0.128668 0.043856 0.276713
v -0.168418 0.043915 0.279496
v -0.208172 0.043853 0.276712
v -0.058140 0.021911 0.169479
v -0.257768 0.186369 -0.079879
v -0.051132 0.186675 -0.042641
v -0.168467 0.186192 -0.113625
v -0.258809 0.188537 0.070655
v -0.051847 0.187834 0.035477
v -0.215381 0.189115 0.095375
v -0.050992 0.186945 -0.003559
v -0.285855 0.186771 -0.041841
v -0.284925 0.187894 0.035361
v -0.078105 0.188490 0.070829
v -0.168463 0.189614 0.100101
v -0.079147 0.186333 -0.080056
v -0.119154 0.186592 -0.104510
v -0.217895 0.186610 -0.104387
v -0.121686 0.189096 0.095495
v -0.285777 0.186999 -0.003555
v -0.119204 0.004977 0.097066
v -0.122734 0.018337 0.040946
v -0.213961 0.018336 0.040945
v -0.217517 0.004976 0.097065
v -0.125118 0.128824 0.146759
v -0.123502 0.144599 0.091093
v -0.168349 0.018284 0.041043
v -0.168364 0.005038 0.097176
v -0.080127 0.134098 0.075745
v -0.083880 0.118921 0.132189
v -0.168461 0.131058 0.149155
v -0.168486 0.147240 0.093693
v -0.213600 0.144591 0.091080
v -0.211875 0.128818 0.146750
v -0.253122 0.118923 0.132179
v -0.256962 0.134112 0.075741
v -0.278242 0.086794 0.049305
v -0.277120 0.073452 0.106273
v -0.071848 0.060890 0.041589
v -0.068050 0.046300 0.097885
v -0.059835 0.073454 0.106274
v -0.058726 0.086797 0.049305
v -0.268842 0.046299 0.097880
v -0.265012 0.060886 0.041586
v -0.062876 0.113748 0.063133
v -0.066537 0.097801 0.118926
v -0.274165 0.113750 0.063133
v -0.270445 0.097800 0.118922
v -0.079192 0.046067 0.040343
v -0.071973 0.031706 0.096154
v -0.257580 0.046050 0.040337
v -0.264832 0.031692 0.096143
v -0.082206 0.019204 0.039373
v -0.077271 0.006102 0.095581
v -0.259462 0.006077 0.095566
v -0.254494 0.019182 0.039361
v -0.076368 0.012677 0.043574
v -0.072976 0.002114 0.087122
v -0.283518 0.114206 0.070486
v -0.280565 0.102260 0.113957
v -0.259263 0.126550 0.128211
v -0.262901 0.137873 0.084350
v -0.216166 0.150529 0.099374
v -0.214498 0.138375 0.142618
v -0.067585 0.045134 0.046006
v -0.062051 0.034040 0.089335
v -0.214542 0.008438 0.044895
v -0.217191 -0.001935 0.088448
v -0.263745 0.002084 0.087104
v -0.260326 0.012646 0.043558
v -0.269195 0.045083 0.045984
v -0.274755 0.033990 0.089309
v -0.053519 0.114217 0.070484
v -0.056428 0.102273 0.113958
v -0.119523 -0.001933 0.088450
v -0.122152 0.008440 0.044897
v -0.168350 0.008263 0.045053
v -0.168362 -0.002025 0.088613
v -0.122503 0.138381 0.142624
v -0.120918 0.150537 0.099382
v -0.278633 0.045621 0.090633
v -0.275785 0.056898 0.046945
v -0.288246 0.084575 0.055813
v -0.287478 0.074282 0.100038
v -0.074183 0.137869 0.084349
v -0.077751 0.126551 0.128214
v -0.061067 0.056925 0.046957
v -0.058243 0.045647 0.090647
v -0.049475 0.074301 0.100042
v -0.048717 0.084595 0.055817
v -0.168467 0.141066 0.145442
v -0.168489 0.153586 0.102384
v -0.249689 0.460679 0.081039
v -0.249689 0.460680 -0.081039
v -0.087611 0.460679 0.081039
v -0.087611 0.460680 -0.081039
v -0.272819 0.460679 -0.044318
v -0.272819 0.460679 0.044318
v -0.124332 0.460679 -0.103831
v -0.212968 0.460679 -0.103831
v -0.064483 0.460679 0.044318
v -0.064483 0.460679 -0.044318
v -0.212968 0.460679 0.103831
v -0.124332 0.460679 0.103831
v -0.250306 0.507124 0.041953
v -0.250306 0.507124 -0.041953
v -0.087573 0.507125 -0.041953
v -0.087573 0.507125 0.041953
v -0.126985 0.507125 -0.081025
v -0.210891 0.507125 -0.081025
v -0.213789 0.529194 0.044711
v -0.124089 0.529194 0.044711
v -0.213789 0.529194 -0.044711
v -0.124089 0.529194 -0.044711
v -0.239649 0.496810 -0.070711
v -0.098227 0.496810 -0.070711
v -0.239649 0.496810 0.070711
v -0.126985 0.507124 0.081025
v -0.210891 0.507124 0.081025
v -0.098227 0.496810 0.070711
v -0.168413 0.460679 -0.103831
v -0.168413 0.460679 0.103831
v -0.168413 0.529194 -0.044711
v -0.168413 0.507125 -0.081025
v -0.168413 0.529194 0.044711
v -0.168413 0.507124 0.081025
v -0.242455 0.329035 0.073347
v -0.242819 0.329035 -0.074686
v -0.094786 0.329035 -0.075050
v -0.094422 0.329035 0.072983
v -0.265229 0.329035 0.039444
v -0.265426 0.329035 -0.040671
v -0.208915 0.329035 -0.097460
v -0.128801 0.329035 -0.097657
v -0.072012 0.329035 -0.041147
v -0.071815 0.329035 0.038968
v -0.128325 0.329035 0.095757
v -0.208440 0.329035 0.095954
v -0.168363 0.329035 0.103823
v -0.168878 0.329035 -0.105527
v -0.249542 0.373364 0.080891
v -0.168413 0.373283 0.103644
v -0.168413 0.373283 -0.108188
v -0.249542 0.373364 -0.080892
v -0.087759 0.373364 -0.080892
v -0.087759 0.373364 0.080891
v -0.272635 0.373283 0.044237
v -0.272635 0.373283 -0.044237
v -0.215500 0.372668 -0.107376
v -0.121800 0.372669 -0.107376
v -0.064667 0.373283 -0.044237
v -0.064667 0.373283 0.044237
v -0.124413 0.373283 0.103644
v -0.212887 0.373283 0.103644
v -0.274598 0.460679 -0.000000
v -0.062710 0.460679 -0.000000
v -0.251621 0.507124 -0.000000
v -0.086274 0.507125 -0.000000
v -0.214569 0.529194 0.000000
v -0.123326 0.529194 -0.000000
v -0.168413 0.529194 -0.000000
v -0.063945 0.329035 -0.001109
v -0.273295 0.329035 -0.000594
v -0.274407 0.373283 -0.000000
v -0.062901 0.373283 -0.000000
v -0.249615 0.417022 0.080965
v -0.168413 0.416981 0.103738
v -0.168413 0.416981 -0.108281
v -0.249615 0.417022 -0.080965
v -0.087685 0.417022 -0.080965
v -0.087685 0.417022 0.080965
v -0.272727 0.416981 0.044277
v -0.272727 0.416981 -0.044278
v -0.214234 0.416674 -0.105604
v -0.123066 0.416674 -0.105604
v -0.064575 0.416981 -0.044278
v -0.064575 0.416981 0.044277
v -0.124373 0.416981 0.103738
v -0.212928 0.416981 0.103738
v -0.062805 0.416981 -0.000000
v -0.274502 0.416981 -0.000000
vn -0.2687 0.7838 0.5599
vn -0.6798 0.6123 0.4035
vn -0.5428 0.7913 0.2816
vn -0.1862 0.9344 0.3037
vn 0.7294 -0.2713 -0.6279
vn 0.3165 -0.1731 -0.9327
vn 0.3216 0.1975 -0.9260
vn 0.7343 0.1174 -0.6685
vn -0.0000 0.2216 -0.9751
vn -0.0001 -0.1395 -0.9902
vn -0.3166 -0.1752 -0.9322
vn -0.3221 0.1958 -0.9262
vn -0.9177 0.3798 0.1164
vn -0.9991 -0.0075 -0.0423
vn -0.9981 0.0522 -0.0334
vn -0.8928 0.4447 0.0712
vn 0.0139 -0.2308 0.9729
vn 0.0113 -0.2306 0.9730
vn 0.0231 -0.2316 0.9725
vn 0.7789 -0.1722 -0.6030
vn 0.7472 -0.3230 -0.5808
vn 0.3406 -0.3052 -0.8893
vn 0.3666 -0.1466 -0.9188
vn 0.9564 -0.1821 0.2283
vn 0.9126 -0.2451 0.3274
vn 0.9396 -0.2681 0.2128
vn 0.9535 -0.2034 0.2224
vn 0.9724 0.0132 -0.2327
vn 0.9945 -0.1006 0.0288
vn 0.8820 -0.4639 0.0828
vn 0.9117 -0.3712 -0.1763
vn 0.9991 -0.0061 -0.0420
vn 0.9174 0.3807 0.1159
vn 0.8926 0.4453 0.0708
vn 0.9980 0.0534 -0.0333
vn 0.0222 0.9959 -0.0876
vn 0.0120 0.9961 -0.0872
vn -0.0214 0.9943 -0.1047
vn -0.4614 0.8659 -0.1931
vn 0.6581 -0.0999 0.7462
vn 0.2941 -0.0939 0.9511
vn 0.2977 0.2327 0.9259
vn 0.6695 0.2323 0.7055
vn 0.0665 0.9801 -0.1871
vn 0.3129 0.8627 -0.3972
vn 0.1931 0.8419 -0.5039
vn 0.0635 0.9485 -0.3104
vn -0.9497 -0.3126 0.0163
vn -0.9454 0.3255 -0.0150
vn -0.8920 0.3383 -0.2997
vn -0.8925 -0.3474 -0.2877
vn -0.6598 -0.1000 0.7448
vn -0.9366 -0.1318 0.3245
vn -0.9480 0.1473 0.2822
vn -0.6704 0.2351 0.7038
vn 0.3480 -0.1860 -0.9188
vn 0.6696 -0.1861 -0.7190
vn 0.6849 0.1139 -0.7196
vn 0.3407 0.1149 -0.9331
vn -0.0299 0.9919 -0.1238
vn -0.0300 0.9917 -0.1248
vn -0.0227 0.9852 -0.1700
vn -0.0234 0.9856 -0.1678
vn -0.0008 0.1040 -0.9946
vn -0.3420 0.1165 -0.9325
vn -0.3503 -0.1858 -0.9180
vn -0.0010 -0.1921 -0.9814
vn -0.9370 0.2938 0.1888
vn -0.9886 -0.1489 0.0229
vn -0.9867 -0.1627 0.0054
vn -0.9176 0.3552 0.1783
vn -0.0000 0.8109 -0.5852
vn -0.0008 0.9408 -0.3391
vn 0.9500 -0.3120 0.0144
vn 0.9451 0.3263 -0.0159
vn 0.9172 0.2921 0.2709
vn 0.8787 -0.3653 0.3075
vn 0.2685 0.7829 0.5612
vn -0.0003 0.7823 0.6229
vn -0.0000 0.9501 0.3118
vn 0.1864 0.9344 0.3034
vn -0.7284 -0.2758 -0.6271
vn -0.9096 -0.3761 -0.1764
vn -0.9725 0.0086 -0.2330
vn -0.7348 0.1136 -0.6687
vn 0.6379 0.7401 0.2129
vn 0.2010 0.9485 0.2448
vn 0.1707 0.9736 0.1518
vn 0.5751 0.8063 0.1385
vn 0.3185 -0.0151 0.9478
vn 0.3208 0.2008 0.9256
vn -0.0007 0.1854 0.9827
vn -0.0009 -0.0136 0.9999
vn 0.6878 -0.0112 0.7258
vn 0.6771 0.2404 0.6955
vn -0.0672 0.9799 -0.1877
vn -0.3141 0.8623 -0.3972
vn 0.8903 -0.3483 -0.2934
vn 0.6865 0.0528 -0.7252
vn 0.6329 0.3625 -0.6842
vn 0.8908 0.3398 -0.3016
vn 0.9880 -0.1543 0.0085
vn 0.9363 -0.1321 0.3254
vn 0.9482 0.1434 0.2835
vn 0.9972 0.0745 -0.0109
vn 0.0211 0.9943 -0.1046
vn 0.4608 0.8663 -0.1928
vn -0.0289 0.9947 -0.0987
vn -0.0290 0.9949 -0.0963
vn -0.9879 -0.1549 0.0097
vn -0.9969 0.0782 -0.0104
vn 0.0300 0.9919 -0.1238
vn 0.0301 0.9917 -0.1251
vn 0.0292 0.9949 -0.0964
vn 0.0291 0.9947 -0.0987
vn -0.9334 -0.1824 -0.3090
vn -0.9452 0.0863 -0.3150
vn -0.1939 0.8415 -0.5043
vn -0.0004 0.3698 -0.9291
vn -0.3547 0.3747 -0.8566
vn 0.7004 -0.6930 -0.1708
vn 0.4327 -0.8013 -0.4131
vn 0.3883 -0.8181 -0.4242
vn -0.2966 -0.0940 0.9504
vn -0.2992 0.2341 0.9250
vn -0.0001 0.9805 -0.1963
vn -0.0000 0.9805 -0.1963
vn 0.0227 0.9851 -0.1704
vn 0.0235 0.9855 -0.1678
vn -0.0011 -0.0969 0.9953
vn -0.0009 0.2124 0.9772
vn -0.0221 0.9959 -0.0876
vn -0.0119 0.9961 -0.0871
vn 0.7848 0.5665 0.2514
vn 0.5926 0.4754 0.6502
vn -0.0000 -1.0000 -0.0000
vn -0.4847 0.8729 0.0558
vn -0.4912 0.8705 0.0319
vn -0.5501 0.8341 -0.0409
vn -0.5451 0.8375 -0.0383
vn -0.7266 0.6559 0.2045
vn -0.7199 0.6708 0.1785
vn -0.9540 0.2178 0.2059
vn -0.7896 0.5737 0.2177
vn -0.9979 -0.0091 0.0639
vn -0.9327 -0.3207 -0.1650
vn -0.9150 -0.3844 -0.1223
vn -0.9535 -0.2800 -0.1116
vn -0.9539 -0.2619 -0.1468
vn -0.0000 -0.2298 0.9732
vn -0.0000 -0.9801 -0.1984
vn -0.0000 -0.9968 -0.0800
vn -0.0011 -0.9965 -0.0838
vn -0.0027 -0.9783 -0.2071
vn 0.9709 -0.1979 -0.1349
vn 0.9413 -0.3104 -0.1325
vn -0.0010 -0.9672 -0.2538
vn -0.0010 -0.9674 -0.2533
vn -0.0020 -0.9697 -0.2445
vn -0.0000 -0.2842 -0.9588
vn -0.0000 -0.1375 -0.9905
vn 0.0029 -0.9783 -0.2074
vn 0.0011 -0.9965 -0.0840
vn -0.9941 -0.1047 0.0283
vn -0.8799 -0.4681 0.0818
vn -0.8606 -0.5092 -0.0084
vn -0.6351 0.3611 -0.6829
vn -0.6889 0.0510 -0.7231
vn -0.3832 0.0652 -0.9214
vn -0.0001 0.9701 0.2427
vn -0.2012 0.9484 0.2451
vn -0.1706 0.9735 0.1520
vn -0.0000 0.9874 0.1582
vn 0.8626 -0.5058 -0.0073
vn 0.9891 -0.1457 0.0234
vn 0.0001 -0.9513 0.3083
vn -0.1195 -0.9591 0.2568
vn -0.0783 -0.9550 0.2861
vn 0.0002 -0.9513 0.3083
vn -0.1911 -0.9637 0.1866
vn -0.1627 -0.9621 0.2188
vn -0.3203 -0.0156 0.9472
vn -0.3223 0.2004 0.9252
vn -0.6782 0.2396 0.6947
vn -0.6889 -0.0123 0.7247
vn 0.1555 -0.9754 -0.1563
vn 0.2192 -0.9733 -0.0674
vn 0.2410 -0.9701 -0.0289
vn 0.1625 -0.9755 -0.1484
vn -0.6861 0.1177 -0.7179
vn -0.6723 -0.1847 -0.7169
vn 0.3817 0.0658 -0.9219
vn -0.0007 0.0676 -0.9977
vn 0.3535 0.3752 -0.8569
vn -0.1555 -0.9754 -0.1565
vn 0.0594 -0.9799 0.1904
vn -0.0817 -0.9744 -0.2093
vn -0.1625 -0.9755 -0.1486
vn -0.2528 -0.9672 0.0229
vn -0.2192 -0.9733 -0.0676
vn -0.2409 -0.9701 -0.0291
vn -0.2347 -0.9719 0.0200
vn 0.9453 0.0821 -0.3157
vn 0.9314 -0.1832 -0.3145
vn -0.3408 -0.3052 -0.8892
vn -0.3666 -0.1471 -0.9187
vn -0.0000 -0.9649 -0.2625
vn 0.6801 0.6112 0.4049
vn 0.5424 0.7918 0.2809
vn -0.0641 0.9479 -0.3120
vn 0.7926 -0.6095 0.0164
vn -0.9177 0.2910 0.2704
vn -0.8788 -0.3655 0.3067
vn -0.1971 -0.8724 -0.4473
vn -0.4372 -0.7996 -0.4117
vn -0.3917 -0.8169 -0.4233
vn -0.1770 -0.8768 -0.4470
vn -0.0007 -0.8951 -0.4459
vn -0.0006 -0.8951 -0.4459
vn -0.9446 0.2853 0.1624
vn -0.9801 0.1972 -0.0234
vn -0.9273 0.2444 -0.2834
vn 0.9449 0.2837 0.1634
vn 0.9363 0.2962 0.1887
vn 0.9805 0.1949 -0.0231
vn 0.9277 0.2425 -0.2838
vn 0.6784 0.3126 -0.6649
vn 0.3145 0.3430 -0.8851
vn -0.0002 0.3392 -0.9407
vn -0.3151 0.3440 -0.8845
vn -0.0605 -0.9798 0.1904
vn 0.0818 -0.9744 -0.2092
vn -0.6787 0.3139 -0.6639
vn 0.2131 -0.9753 0.0575
vn 0.1920 -0.9634 0.1868
vn 0.1634 -0.9620 0.2189
vn 0.2094 -0.9707 0.1176
vn -0.0004 -0.9870 0.1609
vn 0.0001 -0.9732 -0.2300
vn 0.2525 -0.9673 0.0223
vn 0.2341 -0.9720 0.0187
vn 0.0093 -0.9762 -0.2166
vn 0.0046 -0.9971 -0.0764
vn 0.9978 -0.0062 0.0654
vn 0.9528 0.2219 0.2071
vn 0.7862 0.5781 0.2183
vn 0.2770 0.4096 0.8692
vn 0.8016 0.5966 -0.0388
vn -0.8022 0.5958 -0.0387
vn -0.2781 0.4093 0.8690
vn -0.5936 0.4748 0.6497
vn -0.0005 0.3788 0.9255
vn -0.7855 0.5657 0.2511
vn 0.0003 -0.9967 0.0813
vn -0.0000 -0.9851 0.1719
vn 0.0005 -0.9868 0.1620
vn -0.0005 -0.9966 0.0825
vn 0.9549 -0.2587 -0.1457
vn 0.9545 -0.2769 -0.1110
vn 0.9169 -0.3801 -0.1215
vn 0.9345 -0.3161 -0.1634
vn -0.6384 0.7394 0.2138
vn -0.5752 0.8062 0.1390
vn 0.4808 0.8749 0.0572
vn 0.4875 0.8725 0.0330
vn 0.4629 0.8786 0.1176
vn -0.0045 -0.9971 -0.0761
vn -0.0090 -0.9763 -0.2161
vn 0.9872 -0.1596 0.0059
vn 0.8616 -0.4818 -0.1601
vn 0.9168 0.3574 0.1780
vn -0.8497 0.5266 0.0272
vn -0.7780 0.5800 0.2414
vn -0.4818 0.8686 0.1159
vn -0.5224 0.8521 0.0309
vn -0.0000 0.9993 0.0383
vn -0.0000 0.9994 0.0338
vn 0.1218 0.9922 0.0253
vn 0.1438 0.9892 0.0299
vn 0.9880 0.1531 0.0216
vn 0.9123 0.2507 0.3239
vn 0.8914 -0.2179 0.3975
vn 0.9594 -0.2804 0.0290
vn 0.8495 0.5269 0.0271
vn 0.7779 0.5803 0.2411
vn 0.4817 0.8686 0.1158
vn 0.5224 0.8522 0.0308
vn -0.8815 -0.4711 0.0319
vn -0.7769 -0.4653 0.4243
vn -0.8908 -0.2198 0.3977
vn -0.9587 -0.2831 0.0291
vn -0.1438 0.9892 0.0299
vn -0.1217 0.9922 0.0253
vn -0.0000 -0.9968 0.0802
vn -0.9124 0.2499 0.3242
vn -0.9881 0.1521 0.0217
vn -0.0003 -0.9967 0.0813
vn 0.8885 -0.2842 -0.3603
vn 0.9076 -0.3481 -0.2345
vn 0.9100 -0.3687 -0.1897
vn 0.0005 -0.9966 0.0825
vn -0.0005 -0.9868 0.1620
vn 0.1082 0.9676 0.2283
vn 0.3279 0.9001 0.2867
vn -0.4966 -0.4109 0.7646
vn -0.5862 -0.1026 0.8037
vn -0.0000 0.9794 0.2019
vn -0.3279 0.9001 0.2868
vn -0.1081 0.9675 0.2284
vn 0.0002 -0.9748 0.2231
vn -0.0000 -0.9749 0.2226
vn -0.0002 -0.9748 0.2231
vn 0.0019 -0.9746 0.2239
vn 0.6072 0.3662 0.7052
vn 0.5865 -0.1017 0.8035
vn 0.5063 0.6769 0.5343
vn 0.1649 0.8085 0.5649
vn -0.0000 0.8537 0.5208
vn -0.1648 0.8085 0.5650
vn -0.5062 0.6767 0.5346
vn 0.2331 0.4971 0.8358
vn 0.2332 -0.0579 0.9707
vn -0.0000 0.5385 0.8426
vn -0.0000 -0.0665 0.9978
vn -0.2330 0.4969 0.8359
vn -0.2331 -0.0582 0.9707
vn -0.6070 0.3657 0.7055
vn 0.4974 -0.4097 0.7647
vn 0.1952 -0.4281 0.8824
vn -0.0000 -0.4477 0.8942
vn -0.1949 -0.4285 0.8823
vn -0.9705 -0.1993 -0.1353
vn -0.9413 -0.3104 -0.1329
vn -0.9398 -0.2681 0.2118
vn -0.9535 -0.2047 0.2214
vn -0.0141 -0.2309 0.9729
vn -0.0115 -0.2306 0.9730
vn -0.7474 -0.3230 -0.5806
vn -0.7788 -0.1733 -0.6028
vn 0.0012 -0.9675 -0.2530
vn 0.0011 -0.9673 -0.2536
vn 0.0024 -0.9698 -0.2440
vn -0.0235 -0.2317 0.9725
vn -0.8596 -0.4849 -0.1612
vn -0.8052 -0.5897 -0.0623
vn -0.8195 -0.5261 -0.2272
vn 0.2211 0.7883 -0.5742
vn 0.2625 0.7834 -0.5634
vn -0.0001 0.7960 -0.6053
vn -0.0002 0.7960 -0.6053
vn -0.5976 0.7992 0.0642
vn -0.5982 0.7937 0.1104
vn 0.7785 -0.4629 0.4240
vn -0.2222 0.7870 -0.5755
vn -0.2635 0.7819 -0.5650
vn -0.5227 0.7678 -0.3704
vn -0.5122 0.7677 -0.3852
vn 0.8834 -0.4675 0.0318
vn 0.5963 0.7953 0.1096
vn 0.5955 0.8008 0.0634
vn 0.5472 0.8360 -0.0409
vn 0.5421 0.8395 -0.0382
vn 0.8219 -0.5229 -0.2259
vn 0.8077 -0.5864 -0.0608
vn -0.7648 -0.6359 0.1030
vn -0.7733 -0.6158 -0.1510
vn 0.7675 -0.6325 0.1043
vn 0.7231 0.6598 0.2046
vn 0.7163 0.6746 0.1786
vn 0.6547 0.7510 -0.0864
vn 0.6663 0.7446 -0.0406
vn 0.6277 -0.5401 -0.5607
vn 0.2890 -0.4589 -0.8402
vn 0.0001 -0.4178 -0.9085
vn -0.2878 -0.4606 -0.8397
vn 0.7762 -0.6121 -0.1509
vn -0.6257 -0.5434 -0.5597
vn 0.3676 0.0089 -0.9299
vn -0.0002 0.0096 -1.0000
vn -0.3683 0.0079 -0.9297
vn -0.7840 -0.0282 -0.6201
vn 0.9695 -0.1372 0.2030
vn 0.9836 -0.0885 -0.1574
vn -0.9833 -0.0914 -0.1577
vn 0.7838 -0.0259 -0.6205
vn -0.9693 -0.1400 0.2020
vn -0.9564 -0.1839 0.2270
vn -0.9881 -0.1462 0.0473
vn 0.9884 -0.1437 0.0487
vn 0.9029 -0.4273 0.0470
vn 0.8450 -0.3679 0.3881
vn 0.8427 -0.3655 0.3953
vn 0.9019 -0.4275 0.0616
vn 0.5175 -0.3249 0.7916
vn 0.5500 -0.3218 0.7707
vn -0.9089 -0.3711 -0.1902
vn -0.9008 -0.4299 0.0614
vn -0.9017 -0.4297 0.0469
vn -0.9066 -0.3506 -0.2349
vn -0.1824 -0.3837 0.9053
vn -0.1566 -0.3955 0.9050
vn -0.5173 -0.3258 0.7913
vn -0.5496 -0.3228 0.7706
vn -0.0000 -0.4378 0.8991
vn 0.1826 -0.3834 0.9054
vn 0.1565 -0.3953 0.9051
vn -0.8419 -0.3674 0.3952
vn -0.8443 -0.3698 0.3879
vn 0.5460 -0.3280 0.7709
vn 0.5437 -0.3331 0.7703
vn 0.5148 -0.3432 0.7856
vn 0.5151 -0.3347 0.7891
vn -0.8875 -0.2864 -0.3609
vn -0.6698 0.7414 -0.0414
vn -0.6582 0.7478 -0.0873
vn -0.4569 0.7733 0.4396
vn -0.5019 0.7770 0.3800
vn -0.2155 0.7434 0.6332
vn -0.1846 0.7398 0.6470
vn -0.0000 0.7156 0.6985
vn -0.4672 0.8766 0.1154
vn 0.2156 0.7439 0.6326
vn 0.1845 0.7402 0.6465
vn 0.5096 0.7702 -0.3835
vn 0.5202 0.7704 -0.3687
vn 0.5011 0.7781 0.3788
vn 0.4562 0.7743 0.4386
vn -0.0019 -0.9746 0.2239
vn -0.9129 -0.2451 0.3264
vn 0.3664 -0.8181 0.4433
vn 0.4185 -0.8015 0.4272
vn 0.7063 -0.6852 0.1779
vn -0.0007 -0.8730 0.4877
vn -0.1419 -0.8643 0.4826
vn -0.7927 -0.6093 0.0185
vn -0.7069 -0.6847 0.1778
vn -0.7020 -0.6919 -0.1687
vn 0.1402 -0.8645 0.4827
vn -0.3681 -0.8175 0.4429
vn -0.4202 -0.8008 0.4267
vn 0.0787 -0.9549 0.2863
vn 0.1199 -0.9590 0.2569
vn -0.2090 -0.9708 0.1180
vn -0.2134 -0.9752 0.0592
vn 0.1755 -0.8771 -0.4470
vn 0.1955 -0.8727 -0.4473
vn 0.5362 0.2230 -0.8141
vn 0.5406 0.2634 -0.7990
vn 0.4646 -0.0470 -0.8843
vn 0.4546 -0.0658 -0.8882
vn -0.0000 0.8092 -0.5875
vn 0.0304 0.8334 -0.5518
vn 0.0302 0.8333 -0.5520
vn 0.4384 0.1075 0.8923
vn 0.4644 0.0559 0.8839
vn 0.2381 0.2980 0.9244
vn 0.2047 0.3122 0.9277
vn -0.0000 -0.7758 0.6310
vn 0.0332 -0.8056 0.5916
vn 0.0346 -0.8068 0.5898
vn 0.2379 0.7936 -0.5600
vn 0.2300 0.7969 -0.5586
vn 0.4854 0.5808 -0.6535
vn 0.4861 0.5795 -0.6541
vn 0.5208 -0.1927 0.8316
vn 0.5218 -0.1611 0.8377
vn 0.6529 -0.2425 0.7176
vn 0.6233 -0.2495 0.7411
vn -0.0000 -0.3711 -0.9286
vn 0.0030 -0.4087 -0.9127
vn 0.0029 -0.4078 -0.9131
vn -0.0026 -0.4079 -0.9130
vn -0.0027 -0.4089 -0.9126
vn -0.5364 0.2214 -0.8144
vn -0.5409 0.2621 -0.7992
vn -0.4865 0.5801 -0.6533
vn -0.4872 0.5786 -0.6541
vn -0.4380 0.1068 0.8926
vn -0.4640 0.0551 0.8841
vn -0.5204 -0.1935 0.8317
vn -0.5213 -0.1619 0.8379
vn -0.0658 -0.8340 0.5478
vn -0.0331 -0.8055 0.5916
vn -0.0344 -0.8068 0.5898
vn -0.0000 0.3636 0.9315
vn -0.0001 0.3636 0.9315
vn -0.2381 0.2975 0.9245
vn -0.2046 0.3118 0.9278
vn -0.2307 0.7970 -0.5582
vn -0.2387 0.7936 -0.5596
vn -0.2494 -0.2576 -0.9335
vn -0.2572 -0.2510 -0.9332
vn -0.4385 -0.1026 -0.8929
vn -0.4492 -0.0866 -0.8892
vn 0.4398 -0.1015 -0.8923
vn 0.4505 -0.0856 -0.8886
vn 0.0662 -0.8341 0.5477
vn -0.0793 -0.9680 -0.2382
vn -0.0399 -0.9713 -0.2346
vn -0.0415 -0.9712 -0.2348
vn 0.0800 -0.9679 -0.2382
vn 0.0419 -0.9712 -0.2348
vn 0.0402 -0.9713 -0.2346
vn 0.9462 -0.2776 -0.1664
vn 0.9259 -0.3340 -0.1767
vn 0.9288 -0.3266 -0.1754
vn -0.4638 -0.0483 -0.8846
vn -0.4536 -0.0672 -0.8887
vn -0.9275 -0.3296 -0.1766
vn -0.9245 -0.3370 -0.1779
vn -0.9453 -0.2800 -0.1675
vn -0.5145 -0.3442 0.7854
vn -0.5147 -0.3357 0.7889
vn -0.9236 -0.3550 -0.1446
vn -0.9241 -0.3543 -0.1436
vn -0.6529 -0.2450 0.7168
vn -0.6233 -0.2524 0.7402
vn -0.6998 -0.2320 0.6756
vn -0.5410 0.8020 0.2533
vn -0.6296 0.7378 0.2433
vn -0.9284 0.3438 0.1413
vn -0.9004 0.4044 0.1604
vn 0.9982 -0.0594 -0.0009
vn 0.9940 -0.1079 -0.0193
vn 0.9278 0.3455 0.1409
vn 0.8998 0.4059 0.1599
vn -0.9937 -0.1102 -0.0197
vn -0.9981 -0.0617 -0.0012
vn -0.0000 -0.9730 -0.2308
vn 0.6999 -0.2301 0.6762
vn 0.9254 -0.3512 -0.1426
vn 0.9249 -0.3520 -0.1436
vn 0.2582 -0.2507 -0.9330
vn 0.2504 -0.2572 -0.9333
vn -0.0000 0.9611 0.2762
vn -0.2163 0.9378 0.2716
vn -0.1891 0.9433 0.2728
vn -0.0303 0.8335 -0.5516
vn -0.0304 0.8336 -0.5515
vn 0.6290 0.7386 0.2425
vn 0.5408 0.8024 0.2525
vn -0.5459 -0.3303 0.7700
vn -0.5435 -0.3354 0.7695
vn 0.1892 0.9434 0.2725
vn 0.2162 0.9379 0.2713
vn -0.7048 -0.0024 0.7094
vn -0.6908 0.1960 0.6960
vn -0.9373 0.2097 0.2785
vn -0.9550 -0.0023 0.2966
vn -0.9550 -0.0023 -0.2966
vn -0.9373 0.2097 -0.2785
vn -0.6947 0.2025 -0.6902
vn -0.7231 0.0109 -0.6906
vn -0.2686 0.2360 -0.9339
vn -0.3155 0.0357 -0.9483
vn 0.3156 0.0357 -0.9482
vn 0.2695 0.2372 -0.9333
vn 0.6946 0.2062 -0.6892
vn 0.7231 0.0109 -0.6906
vn 0.9363 0.2144 -0.2783
vn 0.9550 -0.0023 -0.2965
vn 0.9550 -0.0023 0.2965
vn 0.9363 0.2144 0.2783
vn 0.6906 0.1998 0.6951
vn 0.7048 -0.0024 0.7094
vn 0.2580 0.2118 0.9426
vn 0.2742 -0.0023 0.9617
vn -0.2742 -0.0023 0.9617
vn -0.2571 0.2106 0.9431
vn 0.2288 0.6565 -0.7188
vn 0.5949 0.5341 -0.6007
vn 0.7114 0.6593 0.2434
vn 0.2550 0.9309 0.2615
vn 0.2288 0.6565 0.7188
vn 0.5949 0.5341 0.6007
vn -0.5976 0.5297 -0.6019
vn -0.7146 0.6556 -0.2439
vn -0.7390 0.6738 -0.0000
vn -0.9746 0.2238 -0.0000
vn -0.7146 0.6556 0.2439
vn 0.7355 0.6775 -0.0000
vn 0.2698 0.9629 -0.0000
vn -0.0000 0.6747 0.7381
vn -0.0000 0.2252 0.9743
vn -0.2298 0.6553 0.7195
vn -0.5976 0.5297 0.6019
vn 0.7114 0.6593 -0.2434
vn -0.2550 0.9309 0.2616
vn 0.9735 0.2286 -0.0000
vn -0.2298 0.6553 -0.7195
vn -0.0000 0.9630 0.2697
vn 0.0001 0.2608 -0.9654
vn -0.0000 0.6747 -0.7381
vn -0.2550 0.9309 -0.2616
vn -0.2699 0.9629 -0.0000
vn 0.2550 0.9309 -0.2615
vn -0.0000 0.9630 -0.2697
vn -0.0000 1.0000 -0.0000
vn 0.3470 -0.0873 -0.9338
vn -0.0020 -0.1560 -0.9878
vn 0.0002 -0.0199 -0.9998
vn -0.3011 -0.0785 0.9504
vn -0.3316 -0.2722 0.9033
vn 0.0017 -0.2476 0.9689
vn 0.0007 -0.0461 0.9989
vn 0.3358 -0.2705 0.9022
vn 0.3014 -0.0786 0.9503
vn 0.9987 -0.0503 0.0003
vn 0.9860 -0.1670 0.0039
vn 0.9203 -0.1724 -0.3511
vn 0.9454 -0.0738 -0.3173
vn -0.3472 -0.0876 -0.9337
vn -0.3840 -0.2061 -0.9000
vn -0.9987 -0.0510 0.0011
vn -0.9849 -0.1727 0.0080
vn -0.9065 -0.2274 0.3557
vn -0.9441 -0.0812 0.3194
vn -1.0000 -0.0022 -0.0000
vn 0.0002 0.0455 -0.9990
vn 1.0000 -0.0022 -0.0000
vn -0.0000 -0.0021 1.0000
vn -0.7006 -0.1071 0.7055
vn -0.6723 -0.2816 0.6847
vn 0.6762 -0.2771 0.6826
vn 0.7008 -0.1066 0.7053
vn 0.9095 -0.2213 0.3520
vn 0.9443 -0.0805 0.3191
vn 0.7032 -0.1947 -0.6838
vn 0.7256 -0.0995 -0.6809
vn 0.3788 -0.2044 -0.9026
vn -0.7059 -0.1979 -0.6801
vn -0.7259 -0.0999 -0.6805
vn -0.9213 -0.1767 -0.3464
vn -0.9455 -0.0743 -0.3170
vn 0.9028 -0.1985 -0.3816
vn 0.6920 -0.1753 -0.7002
vn 0.3744 -0.1637 -0.9127
vn 0.0010 -0.1598 -0.9872
vn -0.3746 -0.1665 -0.9121
vn -0.6917 -0.1811 -0.6992
vn -0.9015 -0.2066 -0.3802
vn -0.9695 -0.2450 -0.0058
vn -0.8843 -0.2953 0.3617
vn -0.6641 -0.3498 0.6608
vn -0.3524 -0.3931 0.8493
vn 0.0009 -0.4085 0.9128
vn 0.3547 -0.3887 0.8503
vn 0.6672 -0.3420 0.6617
vn 0.8875 -0.2857 0.3615
vn 0.9718 -0.2355 -0.0069
vt 0.448418 0.417949
vt 0.454174 0.416954
vt 0.454106 0.416270
vt 0.448371 0.417484
vt 0.430731 0.401683
vt 0.436723 0.401683
vt 0.436679 0.407720
vt 0.430679 0.407723
vt 0.442564 0.407717
vt 0.442561 0.401683
vt 0.448399 0.401683
vt 0.448449 0.407720
vt 0.455604 0.409008
vt 0.457651 0.404985
vt 0.457328 0.404363
vt 0.455388 0.408386
vt 0.436596 0.286470
vt 0.428600 0.287687
vt 0.431320 0.284195
vt 0.437036 0.284273
vt 0.427877 0.284223
vt 0.427090 0.407731
vt 0.426808 0.407737
vt 0.426817 0.401683
vt 0.427205 0.401683
vt 0.427481 0.404985
vt 0.429530 0.409007
vt 0.429744 0.408386
vt 0.427805 0.404363
vt 0.455247 0.431134
vt 0.454438 0.431569
vt 0.454423 0.429628
vt 0.455306 0.429016
vt 0.433187 0.428593
vt 0.437721 0.428994
vt 0.437658 0.421843
vt 0.432975 0.421686
vt 0.433446 0.427883
vt 0.432737 0.427101
vt 0.437114 0.425885
vt 0.437525 0.426781
vt 0.454718 0.428249
vt 0.455164 0.443849
vt 0.455212 0.441951
vt 0.454708 0.427531
vt 0.451937 0.428598
vt 0.454678 0.427927
vt 0.454957 0.421337
vt 0.452145 0.421696
vt 0.437456 0.425471
vt 0.433311 0.425822
vt 0.433119 0.420326
vt 0.437365 0.420233
vt 0.432787 0.435067
vt 0.433384 0.435244
vt 0.437674 0.436421
vt 0.437367 0.436329
vt 0.442564 0.420146
vt 0.447772 0.420240
vt 0.447682 0.425476
vt 0.442564 0.425265
vt 0.456421 0.412349
vt 0.458669 0.407744
vt 0.458488 0.407081
vt 0.456301 0.411656
vt 0.442559 0.425192
vt 0.442559 0.426142
vt 0.430392 0.428241
vt 0.429963 0.443849
vt 0.430019 0.445744
vt 0.430480 0.429073
vt 0.436739 0.417946
vt 0.442563 0.417797
vt 0.442563 0.417387
vt 0.436785 0.417482
vt 0.454383 0.401683
vt 0.457905 0.401683
vt 0.458038 0.407731
vt 0.454447 0.407723
vt 0.431560 0.412988
vt 0.437166 0.413906
vt 0.437216 0.413470
vt 0.431684 0.412410
vt 0.437732 0.430245
vt 0.437425 0.448542
vt 0.442560 0.448771
vt 0.442563 0.430277
vt 0.433225 0.429802
vt 0.432856 0.447408
vt 0.451691 0.427886
vt 0.452402 0.427104
vt 0.430427 0.427502
vt 0.433342 0.426784
vt 0.432832 0.440220
vt 0.429919 0.441945
vt 0.430335 0.427148
vt 0.430430 0.427918
vt 0.430145 0.421322
vt 0.430011 0.420901
vt 0.430708 0.429627
vt 0.429824 0.429014
vt 0.429934 0.433229
vt 0.430732 0.433530
vt 0.454774 0.427157
vt 0.455091 0.420916
vt 0.452350 0.435061
vt 0.451753 0.435239
vt 0.454397 0.433526
vt 0.455196 0.433224
vt 0.454753 0.426506
vt 0.455021 0.420649
vt 0.448030 0.457138
vt 0.442559 0.456442
vt 0.442560 0.454138
vt 0.447972 0.454761
vt 0.430402 0.395740
vt 0.433326 0.395053
vt 0.433342 0.395534
vt 0.430427 0.396252
vt 0.447419 0.428996
vt 0.447482 0.421848
vt 0.442559 0.436595
vt 0.442561 0.436667
vt 0.447471 0.436417
vt 0.447777 0.436325
vt 0.442563 0.429011
vt 0.442564 0.421773
vt 0.429882 0.431135
vt 0.430695 0.431570
vt 0.429934 0.464479
vt 0.432787 0.466317
vt 0.432856 0.463033
vt 0.430019 0.461369
vt 0.437776 0.267291
vt 0.437036 0.268648
vt 0.431320 0.268570
vt 0.457330 0.285698
vt 0.456404 0.285796
vt 0.457756 0.288261
vt 0.456979 0.290104
vt 0.442542 0.267291
vt 0.448648 0.267291
vt 0.447309 0.267291
vt 0.442544 0.267291
vt 0.457111 0.289277
vt 0.457331 0.396024
vt 0.457330 0.395073
vt 0.457237 0.397854
vt 0.457352 0.398706
vt 0.442547 0.286470
vt 0.442551 0.268128
vt 0.442552 0.267291
vt 0.449813 0.267291
vt 0.449518 0.268132
vt 0.428286 0.284200
vt 0.448498 0.270845
vt 0.448780 0.270119
vt 0.456758 0.271104
vt 0.456496 0.272053
vt 0.442545 0.284272
vt 0.435582 0.268132
vt 0.435288 0.267291
vt 0.458322 0.407737
vt 0.458301 0.401683
vt 0.457462 0.401904
vt 0.452304 0.440224
vt 0.451782 0.426792
vt 0.447972 0.439136
vt 0.447663 0.426392
vt 0.442561 0.413893
vt 0.447970 0.413906
vt 0.447918 0.413470
vt 0.442561 0.413487
vt 0.427659 0.401904
vt 0.426464 0.407744
vt 0.442564 0.394463
vt 0.437466 0.394679
vt 0.437456 0.394221
vt 0.442564 0.394015
vt 0.433311 0.394572
vt 0.447408 0.430247
vt 0.447719 0.448539
vt 0.452280 0.447404
vt 0.451901 0.429806
vt 0.451919 0.397952
vt 0.454654 0.397253
vt 0.454678 0.396677
vt 0.451937 0.397348
vt 0.452001 0.420339
vt 0.451813 0.425831
vt 0.437475 0.426387
vt 0.442564 0.426161
vt 0.442560 0.438513
vt 0.437171 0.439133
vt 0.433206 0.397948
vt 0.437727 0.398369
vt 0.437721 0.397744
vt 0.433187 0.397343
vt 0.430364 0.396444
vt 0.430455 0.397246
vt 0.430430 0.396668
vt 0.430335 0.395898
vt 0.430080 0.420634
vt 0.430376 0.426479
vt 0.448053 0.284270
vt 0.448835 0.267291
vt 0.457210 0.268588
vt 0.454106 0.416270
vt 0.442547 0.270845
vt 0.442548 0.270118
vt 0.448780 0.270119
vt 0.430983 0.416948
vt 0.436785 0.417482
vt 0.431047 0.416267
vt 0.447620 0.426783
vt 0.448030 0.425888
vt 0.430392 0.396991
vt 0.455107 0.445742
vt 0.454630 0.429080
vt 0.447673 0.394684
vt 0.451797 0.395062
vt 0.451782 0.395542
vt 0.447663 0.395142
vt 0.442564 0.394911
vt 0.456749 0.415763
vt 0.456791 0.415533
vt 0.456653 0.415394
vt 0.428406 0.415754
vt 0.428723 0.412346
vt 0.428363 0.415524
vt 0.428501 0.415386
vt 0.431639 0.415330
vt 0.436628 0.415596
vt 0.442561 0.415521
vt 0.448528 0.415601
vt 0.447414 0.398371
vt 0.447419 0.397746
vt 0.453517 0.415336
vt 0.454730 0.395769
vt 0.451813 0.394581
vt 0.454753 0.395256
vt 0.442563 0.398394
vt 0.442563 0.397761
vt 0.454746 0.396453
vt 0.454774 0.395907
vt 0.427809 0.268464
vt 0.427679 0.267291
vt 0.427989 0.289224
vt 0.428130 0.290108
vt 0.437367 0.467579
vt 0.437425 0.464167
vt 0.452304 0.455849
vt 0.452402 0.458354
vt 0.437171 0.454758
vt 0.437114 0.457135
vt 0.432737 0.458351
vt 0.432832 0.455845
vt 0.429919 0.457570
vt 0.429824 0.460264
vt 0.429963 0.459474
vt 0.429882 0.462385
vt 0.455212 0.457576
vt 0.455306 0.460266
vt 0.455164 0.459474
vt 0.455247 0.462384
vt 0.447719 0.464164
vt 0.447777 0.467575
vt 0.452350 0.466311
vt 0.452280 0.463029
vt 0.442560 0.464396
vt 0.442559 0.467845
vt 0.455107 0.461367
vt 0.455196 0.464474
vt 0.449573 0.267291
vt 0.449332 0.267291
vt 0.454882 0.267291
vt 0.456155 0.267291
vt 0.427776 0.398705
vt 0.427893 0.397854
vt 0.427786 0.395072
vt 0.427783 0.396025
vt 0.447970 0.413906
vt 0.453576 0.412989
vt 0.453448 0.412410
vt 0.457651 0.404985
vt 0.427786 0.285697
vt 0.427783 0.286686
vt 0.457423 0.267291
vt 0.457291 0.268462
vt 0.426645 0.407081
vt 0.427642 0.401097
vt 0.442561 0.413893
vt 0.431047 0.416267
vt 0.428841 0.411654
vt 0.454683 0.407902
vt 0.453962 0.407417
vt 0.452399 0.410685
vt 0.452939 0.411548
vt 0.442561 0.413108
vt 0.442563 0.412729
vt 0.437572 0.412442
vt 0.437416 0.412956
vt 0.436596 0.270845
vt 0.442545 0.267291
vt 0.436255 0.267291
vt 0.428704 0.404256
vt 0.429604 0.404149
vt 0.429054 0.398250
vt 0.428473 0.398052
vt 0.430448 0.407902
vt 0.431168 0.407417
vt 0.432732 0.410685
vt 0.432193 0.411548
vt 0.456404 0.395171
vt 0.455477 0.395270
vt 0.456072 0.398250
vt 0.456653 0.398052
vt 0.447715 0.412956
vt 0.447556 0.412442
vt 0.442553 0.267291
vt 0.455526 0.404149
vt 0.456427 0.404256
vt 0.435529 0.267291
vt 0.435771 0.267291
vt 0.427679 0.282916
vt 0.427809 0.284089
vt 0.428950 0.267291
vt 0.430227 0.267291
vt 0.438518 0.410547
vt 0.434883 0.409633
vt 0.451889 0.395331
vt 0.451893 0.398371
vt 0.442563 0.410776
vt 0.436438 0.267291
vt 0.450246 0.409633
vt 0.446610 0.410547
vt 0.437491 0.267291
vt 0.442556 0.267291
vt 0.447620 0.267291
vt 0.451885 0.267291
vt 0.433626 0.404189
vt 0.433230 0.398371
vt 0.434254 0.406911
vt 0.438388 0.407551
vt 0.442562 0.407714
vt 0.446738 0.407550
vt 0.450874 0.406911
vt 0.438259 0.404554
vt 0.438046 0.398543
vt 0.442561 0.404653
vt 0.442559 0.398597
vt 0.446866 0.404554
vt 0.447074 0.398543
vt 0.451503 0.404189
vt 0.433228 0.395331
vt 0.437768 0.395417
vt 0.442558 0.395444
vt 0.447347 0.395417
vt 0.456797 0.284190
vt 0.457210 0.284213
vt 0.448498 0.286470
vt 0.453765 0.284187
vt 0.436315 0.270119
vt 0.428600 0.272062
vt 0.428338 0.271112
vt 0.456496 0.287678
vt 0.453765 0.268562
vt 0.448053 0.268645
vt 0.457481 0.401097
vt 0.458487 0.407081
vt 0.456979 0.399479
vt 0.457120 0.398595
vt 0.426645 0.407081
vt 0.436880 0.288291
vt 0.442553 0.288290
vt 0.428286 0.268575
vt 0.456797 0.268565
vt 0.455477 0.285895
vt 0.429640 0.395270
vt 0.448226 0.288289
vt 0.454074 0.288247
vt 0.428712 0.395171
vt 0.429640 0.285895
vt 0.428712 0.285796
vt 0.427989 0.398599
vt 0.428130 0.399483
vt 0.457756 0.397636
vt 0.457351 0.397624
vt 0.427347 0.397641
vt 0.427347 0.288266
vt 0.427745 0.288254
vt 0.431026 0.397627
vt 0.436880 0.397666
vt 0.442553 0.397665
vt 0.448226 0.397664
vt 0.427745 0.397629
vt 0.454074 0.397622
vt 0.457351 0.288249
vt 0.431026 0.288252
vt 0.456758 0.286729
vt 0.457111 0.289277
vt 0.427998 0.289281
vt 0.428338 0.286737
vt 0.430227 0.282916
vt 0.428950 0.282916
vt 0.433228 0.285956
vt 0.433227 0.282916
vt 0.457423 0.282916
vt 0.456155 0.282916
vt 0.447620 0.282916
vt 0.447347 0.286042
vt 0.451889 0.285956
vt 0.451885 0.282916
vt 0.442556 0.282916
vt 0.442558 0.286069
vt 0.437491 0.282916
vt 0.437768 0.286042
vt 0.454882 0.282916
vt 0.427776 0.304955
vt 0.427766 0.305139
vt 0.427417 0.311396
vt 0.427481 0.311235
vt 0.457291 0.284087
vt 0.457331 0.286686
vt 0.457331 0.286649
vt 0.442545 0.268647
vt 0.427877 0.268598
vt 0.433227 0.267291
vt 0.430480 0.397823
vt 0.433225 0.398552
vt 0.442563 0.399027
vt 0.447408 0.398997
vt 0.454630 0.397830
vt 0.454718 0.396999
vt 0.454708 0.396281
vt 0.437732 0.398995
vt 0.451901 0.398556
vt 0.447682 0.394226
vt 0.430376 0.395229
vt 0.437475 0.395137
vt 0.442548 0.270118
vt 0.426645 0.313331
vt 0.426709 0.313170
vt 0.427652 0.307163
vt 0.427642 0.307347
vt 0.442563 0.323637
vt 0.442562 0.323368
vt 0.436814 0.323457
vt 0.436785 0.323732
vt 0.431560 0.319238
vt 0.431520 0.319490
vt 0.437136 0.320431
vt 0.437166 0.320156
vt 0.442551 0.283753
vt 0.442551 0.283906
vt 0.435638 0.283910
vt 0.435582 0.283757
vt 0.431047 0.322517
vt 0.431087 0.322264
vt 0.428894 0.317701
vt 0.428841 0.317904
vt 0.429477 0.315461
vt 0.429530 0.315257
vt 0.427783 0.302275
vt 0.427799 0.302473
vt 0.442548 0.285743
vt 0.442548 0.285590
vt 0.448837 0.285591
vt 0.448780 0.285744
vt 0.436315 0.285744
vt 0.436259 0.285591
vt 0.442548 0.285743
vt 0.458488 0.313331
vt 0.458423 0.313169
vt 0.456247 0.317702
vt 0.456301 0.317906
vt 0.453576 0.319239
vt 0.453616 0.319492
vt 0.455658 0.315462
vt 0.455604 0.315258
vt 0.457291 0.284087
vt 0.457250 0.284290
vt 0.449461 0.283910
vt 0.449518 0.283757
vt 0.442561 0.320143
vt 0.442561 0.320412
vt 0.448001 0.320431
vt 0.447970 0.320156
vt 0.454065 0.322267
vt 0.454106 0.322520
vt 0.456758 0.302354
vt 0.456799 0.302151
vt 0.457128 0.304703
vt 0.457111 0.304902
vt 0.427973 0.304651
vt 0.427989 0.304849
vt 0.442561 0.320412
vt 0.442561 0.320143
vt 0.427849 0.284293
vt 0.427809 0.284089
vt 0.457250 0.315540
vt 0.456799 0.317776
vt 0.448837 0.316841
vt 0.449461 0.315160
vt 0.428297 0.317783
vt 0.427849 0.315543
vt 0.435638 0.315160
vt 0.436259 0.316841
vt 0.448780 0.285744
vt 0.448837 0.285591
vt 0.456799 0.286526
vt 0.427849 0.331168
vt 0.428297 0.333408
vt 0.427981 0.335956
vt 0.427799 0.333761
vt 0.457120 0.304845
vt 0.457137 0.304647
vt 0.457471 0.307163
vt 0.457481 0.307347
vt 0.457314 0.333760
vt 0.457128 0.335953
vt 0.456799 0.333401
vt 0.457250 0.331165
vt 0.457716 0.311396
vt 0.457651 0.311235
vt 0.457362 0.336390
vt 0.457471 0.338413
vt 0.457137 0.335897
vt 0.457315 0.333722
vt 0.457331 0.302311
vt 0.457314 0.302510
vt 0.457250 0.299915
vt 0.457291 0.299712
vt 0.453616 0.350742
vt 0.454065 0.353517
vt 0.456247 0.348952
vt 0.455658 0.346712
vt 0.447970 0.320156
vt 0.427417 0.342646
vt 0.426709 0.344420
vt 0.428894 0.348951
vt 0.429477 0.346711
vt 0.426709 0.313170
vt 0.426645 0.313331
vt 0.458423 0.344419
vt 0.457716 0.342646
vt 0.448837 0.316841
vt 0.442548 0.316840
vt 0.442551 0.315156
vt 0.427809 0.299714
vt 0.427849 0.299918
vt 0.427799 0.302511
vt 0.427783 0.302311
vt 0.427799 0.333723
vt 0.427973 0.335901
vt 0.427652 0.338413
vt 0.427766 0.336389
vt 0.427998 0.304906
vt 0.427981 0.304706
vt 0.428297 0.302158
vt 0.428338 0.302362
vt 0.442561 0.351662
vt 0.442562 0.354618
vt 0.448340 0.354709
vt 0.448001 0.351681
vt 0.428297 0.286533
vt 0.454065 0.353517
vt 0.448371 0.323734
vt 0.448340 0.323459
vt 0.431087 0.353514
vt 0.431520 0.350740
vt 0.436785 0.323732
vt 0.436814 0.323457
vt 0.431086 0.322264
vt 0.431047 0.322517
vt 0.457352 0.304956
vt 0.457362 0.305140
vt 0.457315 0.302472
vt 0.457331 0.302274
vt 0.437136 0.351681
vt 0.436814 0.354707
vt 0.442561 0.351662
vt 0.457651 0.311235
vt 0.457716 0.311396
vt 0.431086 0.353514
vt 0.436814 0.354707
vt 0.458423 0.313169
vt 0.458487 0.313331
vt 0.457716 0.342646
vt 0.458423 0.344419
vt 0.426709 0.344420
vt 0.454106 0.322520
vt 0.454065 0.322267
vt 0.952040 0.604671
vt 0.952046 0.620870
vt 0.953967 0.620870
vt 0.953959 0.604656
vt 0.948998 0.620870
vt 0.949103 0.604543
vt 0.941535 0.604543
vt 0.941640 0.620870
vt 0.938592 0.620870
vt 0.938598 0.604671
vt 0.936671 0.620870
vt 0.936679 0.604656
vt 0.941643 0.604656
vt 0.948995 0.604656
vt 0.941860 0.638103
vt 0.939473 0.634276
vt 0.938588 0.638103
vt 0.941620 0.646292
vt 0.951213 0.634276
vt 0.952098 0.638103
vt 0.952207 0.638103
vt 0.954114 0.620870
vt 0.938480 0.638103
vt 0.941557 0.646292
vt 0.945299 0.638103
vt 0.945299 0.620870
vt 0.948825 0.638103
vt 0.949067 0.646292
vt 0.936524 0.620870
vt 0.945299 0.646292
vt 0.949131 0.646292
vt 0.941429 0.588215
vt 0.945338 0.572025
vt 0.945299 0.588443
vt 0.948991 0.588442
vt 0.948622 0.572025
vt 0.945295 0.572025
vt 0.945299 0.588442
vt 0.941971 0.572025
vt 0.941647 0.588442
vt 0.936540 0.588443
vt 0.936627 0.572025
vt 0.937297 0.572025
vt 0.936686 0.588442
vt 0.949208 0.588215
vt 0.948662 0.572025
vt 0.954099 0.588442
vt 0.954006 0.572025
vt 0.953337 0.572025
vt 0.953951 0.588442
vt 0.954107 0.604656
vt 0.945299 0.604656
vt 0.936532 0.604656
vt 0.952035 0.588473
vt 0.951446 0.572025
vt 0.939157 0.572025
vt 0.938604 0.588473
vt 0.937280 0.572025
vt 0.936686 0.588443
vt 0.939187 0.572025
vt 0.942011 0.572025
vt 0.951476 0.572025
vt 0.953353 0.572025
vt 0.937743 0.561794
vt 0.939518 0.560819
vt 0.942176 0.560167
vt 0.945309 0.559938
vt 0.948442 0.560166
vt 0.951098 0.560817
vt 0.952871 0.561792
vt 0.953494 0.562942
vt 0.952869 0.564093
vt 0.951093 0.565068
vt 0.948437 0.565720
vt 0.945303 0.565949
vt 0.942170 0.565720
vt 0.939514 0.565069
vt 0.937740 0.564094
vt 0.937119 0.562944
s 1
usemtl mage
f 2418/2334/2959 2416/2335/2960 2678/2336/2961 2675/2337/2962
f 2388/2338/2963 2387/2339/2964 2426/2340/2965 2427/2341/2966
f 2443/2342/2967 2392/2343/2968 2385/2344/2969 2425/2345/2970
f 2690/2346/2971 2680/2347/2972 2511/2348/2973 2570/2349/2974
f 2392/2343/2968 2443/2342/2967 2426/2340/2965 2387/2339/2964
f 2567/2350/2975 2396/2350/2976 2384/2351/2977 2621/2351/2977
f 2606/2352/2978 2382/2352/2979 2380/2353/2980 2608/2353/2981
f 2621/2351/2982 2384/2351/2983 2391/2354/2984 2618/2354/2985
f 2428/2355/2986 2430/2356/2987 2398/2357/2988 2389/2358/2989
f 2683/2359/2990 2688/2360/2991 2571/2361/2992 2509/2362/2993
f 2502/2363/2994 2414/2364/2995 2409/2365/2996 2486/2366/2997
f 2464/2367/2998 2453/2368/2999 2435/2369/3000 2433/2370/3001
f 2406/2371/3002 2475/2372/3003 2478/2373/3004 2407/2374/3005
f 2378/2375/3006 2481/2376/3007 2482/2377/3008 2360/2378/3009
f 2459/2379/3010 2458/2380/3011 2452/2381/3012 2419/2382/3013
f 2361/2383/3014 2364/2384/3015 2436/2385/3016 2441/2386/3017
f 2483/2387/3018 2401/2388/3019 2402/2389/3020 2499/2390/3021
f 2466/2391/3022 2446/2392/3023 2377/2393/3024 2370/2394/3025
f 2568/2395/3026 2420/2396/3027 2679/2397/3028 2689/2398/3029
f 2389/2358/2989 2388/2338/2963 2427/2341/2966 2428/2355/2986
f 2407/2374/3005 2478/2373/3004 2473/2399/3030 2404/2400/3031
f 2373/2401/3032 2493/2402/3033 2488/2403/3034 2363/2404/3035
f 2432/2405/3036 2423/2406/3037 2674/2407/3038 2668/2408/3039
f 2370/2394/3025 2361/2383/3014 2441/2386/3017 2466/2391/3022
f 2386/2409/3040 2390/2410/3041 2422/2411/3042 2448/2412/3043
f 2672/2413/3044 2667/2414/3045 2507/2415/3046 2512/2416/3047
f 2371/2417/3048 2485/2418/3049 2472/2419/3050 2365/2420/3051
f 2359/2421/3052 2487/2422/3053 2485/2418/3049 2371/2417/3048
f 2486/2366/2997 2409/2365/2996 2405/2423/3054 2484/2424/3055
f 2358/2425/3056 2393/2426/3057 2497/2427/3058 2495/2428/3059
f 2369/2429/3060 2461/2430/3061 2434/2431/3062 2439/2432/3063
f 2408/2433/3064 2477/2434/3065 2475/2372/3003 2406/2371/3002
f 2496/2435/3066 2400/2436/3067 2401/2388/3019 2483/2387/3018
f 2458/2380/3011 2366/2437/3068 2451/2438/3069 2452/2381/3012
f 2490/2439/3070 2411/2440/3071 2410/2441/3072 2489/2442/3073
f 2366/2437/3068 2463/2443/3074 2450/2444/3075 2451/2438/3069
f 2480/2445/3076 2473/2446/3030 2501/2447/3077 2503/2448/3078
f 2648/2449/3079 2658/2450/3080 2393/2451/3081 2358/2452/3056
f 2462/2453/3082 2459/2379/3010 2419/2382/3013 2456/2454/3083
f 2494/2455/3084 2413/2456/3085 2412/2457/3086 2492/2458/3087
f 2499/2390/3021 2402/2389/3020 2413/2456/3085 2494/2455/3084
f 2460/2459/3088 2462/2453/3082 2456/2454/3083 2457/2460/3089
f 2500/2461/3090 2415/2462/3091 2400/2436/3067 2496/2435/3066
f 2453/2368/2999 2460/2459/3088 2457/2460/3089 2435/2369/3000
f 2496/2463/3092 2483/2464/3093 2487/2465/3053 2488/2466/3034
f 2566/2467/3094 2380/2468/3094 2382/2469/3094
f 2593/2470/3095 2625/2470/3096 2640/2471/3097 2602/2471/3098
f 2589/2472/3099 2620/2472/3100 2623/2473/3101 2591/2473/3102
f 2541/2474/3094 2470/2475/3094 2383/2476/3094 2562/2477/3094
f 2591/2473/3102 2623/2473/3101 2693/2478/3103
f 2694/2479/3104 2593/2480/3105 2508/2481/3106 2685/2482/3107
f 2469/2483/3108 2397/2483/3108 2396/2350/2976 2567/2350/2975
f 2670/2484/3109 2515/2485/3110 2550/2486/3111 2666/2487/3112
f 2607/2488/3113 2381/2488/3114 2382/2352/2979 2606/2352/2978
f 2565/2489/3115 2665/2490/3116 2698/2491/3117 2617/2492/3117
f 2608/2353/2981 2380/2353/2980 2542/2493/3118 2616/2493/3119
f 2663/2494/3120 2549/2495/3121 2515/2485/3110 2670/2484/3109
f 2421/2496/3122 2399/2497/3123 2468/2498/3124 2420/2396/3027
f 2491/2499/3125 2376/2500/3126 2360/2378/3009 2482/2377/3008
f 2503/2501/3078 2372/2502/3127 2376/2500/3126 2491/2499/3125
f 2373/2401/3032 2358/2425/3056 2495/2428/3059 2493/2402/3033
f 2673/2503/3128 2676/2504/3129 2505/2505/3130 2506/2506/3131
f 2471/2507/3132 2398/2357/2988 2430/2356/2987 2424/2508/3133
f 2649/2509/3134 2659/2510/3135 2361/2511/3136 2370/2512/3137
f 2488/2403/3034 2487/2422/3053 2359/2421/3052 2363/2404/3035
f 2659/2510/3135 2658/2450/3138 2364/2513/3139 2361/2511/3136
f 2362/2514/3140 2474/2515/3141 2479/2516/3142 2367/2517/3143
f 2650/2518/3144 2655/2519/3145 2458/2520/3146 2459/2521/3147
f 2446/2392/3023 2449/2522/3148 2374/2523/3149 2377/2393/3024
f 2394/2524/3150 2375/2525/3151 2501/2526/3077 2498/2527/3152
f 2656/2528/3153 2661/2529/3154 2453/2530/3155 2464/2531/3156
f 2653/2532/3157 2651/2533/3158 2461/2534/3159 2369/2535/3160
f 2438/2536/3161 2436/2385/3016 2364/2384/3015 2395/2537/3162
f 2616/2493/3119 2542/2493/3118 2357/2538/3163 2610/2538/3164
f 2525/2539/3094 2539/2489/3094 2540/2492/3094 2526/2540/3094
f 2463/2443/3074 2374/2523/3149 2449/2522/3148 2450/2444/3075
f 2489/2442/3073 2410/2441/3072 2414/2364/2995 2502/2363/2994
f 2416/2335/2960 2568/2395/3026 2689/2398/3029 2678/2541/2961
f 2477/2434/3065 2408/2433/3064 2415/2462/3091 2500/2461/3090
f 2469/2542/3165 2669/2543/3165 2665/2544/3116 2565/2489/3115
f 2399/2497/3123 2421/2496/3122 2422/2411/3042 2390/2410/3041
f 2431/2545/3166 2432/2405/3036 2668/2546/3039 2671/2547/3167
f 2403/2548/3168 2480/2549/3076 2484/2424/3055 2405/2423/3054
f 2492/2458/3087 2412/2457/3086 2411/2440/3071 2490/2439/3070
f 2653/2532/3169 2648/2449/3079 2358/2452/3056 2373/2550/3032
f 2479/2516/3142 2476/2551/3170 2368/2552/3171 2367/2517/3143
f 2481/2376/3007 2378/2375/3006 2368/2552/3171 2476/2551/3170
f 2660/2553/3172 2647/2554/3173 2376/2555/3174 2372/2556/3175
f 2649/2509/3176 2660/2553/3172 2372/2556/3175 2375/2557/3177
f 2417/2558/3178 2568/2395/3026 2416/2335/2960
f 2416/2335/2960 2419/2382/3013 2452/2381/3012 2417/2558/3178
f 2418/2334/2959 2456/2454/3083 2419/2382/3013 2416/2335/2960
f 2454/2559/3179 2447/2560/3180 2422/2411/3042 2421/2496/3122
f 2429/2561/3181 2569/2562/3182 2424/2508/3133
f 2455/2563/3183 2429/2561/3181 2424/2508/3133 2430/2356/2987
f 2429/2561/3181 2434/2431/3062 2433/2370/3001 2431/2545/3166
f 2435/2369/3000 2432/2405/3036 2431/2545/3166 2433/2370/3001
f 2437/2564/3184 2440/2565/3185 2436/2385/3016 2438/2536/3161
f 2455/2563/3183 2437/2564/3184 2438/2536/3161 2439/2432/3063
f 2442/2566/3186 2441/2386/3017 2436/2385/3016 2440/2565/3185
f 2442/2566/3186 2440/2565/3185 2427/2341/2966 2426/2340/2965
f 2440/2565/3185 2437/2564/3184 2428/2355/2986 2427/2341/2966
f 2446/2392/3023 2466/2391/3022 2465/2567/3187 2445/2568/3188
f 2652/2569/3189 2650/2518/3144 2459/2521/3147 2462/2570/3190
f 2444/2571/3191 2449/2522/3148 2446/2392/3023 2445/2568/3188
f 2444/2571/3191 2445/2568/3188 2425/2345/2970 2448/2412/3043
f 2450/2444/3075 2449/2522/3148 2444/2571/3191 2447/2560/3180
f 2447/2560/3180 2444/2571/3191 2448/2412/3043 2422/2411/3042
f 2503/2501/3078 2501/2526/3077 2375/2525/3151 2372/2502/3127
f 2454/2559/3179 2417/2558/3178 2452/2381/3012 2451/2438/3069
f 2456/2454/3083 2418/2334/2959 2423/2406/3037 2457/2460/3089
f 2423/2406/3037 2432/2405/3036 2435/2369/3000 2457/2460/3089
f 2393/2426/3057 2394/2524/3150 2498/2527/3152 2497/2427/3058
f 2654/2572/3192 2647/2554/3193 2374/2573/3194 2463/2574/3195
f 2439/2432/3063 2438/2536/3161 2395/2537/3162 2369/2429/3060
f 2661/2529/3154 2657/2575/3196 2460/2576/3197 2453/2530/3155
f 2662/2577/3198 2654/2572/3192 2463/2574/3195 2366/2578/3199
f 2655/2519/3145 2662/2577/3198 2366/2578/3199 2458/2520/3146
f 2657/2575/3196 2652/2569/3189 2462/2570/3190 2460/2576/3197
f 2465/2567/3187 2443/2342/2967 2425/2345/2970 2445/2568/3188
f 2442/2566/3186 2465/2567/3187 2466/2391/3022 2441/2386/3017
f 2426/2340/2965 2443/2342/2967 2465/2567/3187 2442/2566/3186
f 2651/2533/3158 2656/2528/3153 2464/2531/3156 2461/2534/3159
f 2461/2430/3061 2464/2367/2998 2433/2370/3001 2434/2431/3062
f 2447/2560/3180 2454/2559/3179 2451/2438/3069 2450/2444/3075
f 2429/2561/3181 2455/2563/3183 2439/2432/3063 2434/2431/3062
f 2437/2564/3184 2455/2563/3183 2430/2356/2987 2428/2355/2986
f 2417/2558/3178 2454/2559/3179 2421/2496/3122 2420/2396/3027
f 2549/2495/3121 2663/2494/3120 2696/2579/3200 2605/2580/3201
f 2691/2581/3202 2622/2582/3203 2590/2582/3204
f 2487/2465/3053 2483/2464/3093 2499/2583/3205 2485/2584/3049
f 2503/2448/3078 2491/2585/3125 2484/2586/3055 2480/2445/3076
f 2498/2587/3152 2478/2588/3004 2475/2589/3003 2497/2590/3058
f 2498/2587/3152 2501/2447/3077 2473/2446/3030 2478/2588/3004
f 2495/2591/3059 2497/2590/3058 2475/2589/3003 2477/2592/3065
f 2493/2593/3033 2500/2594/3206 2496/2463/3092 2488/2466/3034
f 2482/2595/3008 2486/2596/2997 2484/2586/3055 2491/2585/3125
f 2481/2597/3007 2502/2598/3207 2486/2596/2997 2482/2595/3008
f 2474/2599/3141 2492/2600/3208 2490/2601/3209 2479/2602/3142
f 2474/2599/3141 2472/2603/3050 2494/2604/3210 2492/2600/3208
f 2485/2584/3049 2499/2583/3205 2494/2604/3210 2472/2603/3050
f 2493/2593/3033 2495/2591/3059 2477/2592/3065 2500/2594/3206
f 2476/2605/3170 2489/2606/3211 2502/2598/3207 2481/2597/3007
f 2480/2549/3076 2403/2548/3168 2404/2400/3031 2473/2399/3030
f 2423/2406/3037 2418/2334/2959 2675/2337/2962 2674/2407/3038
f 2563/2607/3212 2529/2608/3213 2630/2609/3214 2631/2610/3215
f 2688/2360/2991 2672/2413/3044 2512/2416/3047 2571/2361/2992
f 2682/2611/3216 2510/2612/3217 2592/2613/3218 2692/2614/3219
f 2676/2615/3129 2677/2616/3220 2504/2617/3221 2505/2505/3130
f 2680/2618/2972 2685/2482/3107 2508/2481/3106 2511/2348/2973
f 2592/2619/3222 2624/2619/3223 2692/2620/3224
f 2666/2487/3112 2550/2486/3111 2626/2621/3225 2697/2622/3226
f 2471/2507/3132 2424/2508/3133 2684/2623/3227 2681/2624/3228
f 2667/2414/3045 2673/2625/3128 2506/2506/3131 2507/2415/3046
f 2569/2562/3182 2431/2545/3166 2671/2626/3167 2687/2627/3229
f 2580/2628/3230 2572/2629/3231 2516/2630/3232 2552/2631/3233
f 2553/2632/3234 2518/2633/3235 2519/2634/3236 2554/2635/3237
f 2396/2636/3094 2397/2542/3094 2514/2637/3094 2513/2638/3094
f 2557/2639/3238 2521/2640/3239 2522/2641/3240 2558/2642/3241
f 2579/2643/3242 2573/2644/3243 2521/2640/3239 2557/2639/3238
f 2554/2635/3237 2519/2634/3236 2524/2645/3244 2559/2646/3245
f 2602/2647/3246 2595/2648/3247 2520/2649/3248 2560/2650/3249
f 2561/2651/3250 2517/2652/3251 2518/2633/3235 2553/2632/3234
f 2555/2485/3252 2527/2653/3213 2529/2608/3213 2563/2607/3212
f 2560/2650/3249 2520/2649/3248 2523/2654/3253 2551/2655/3254
f 2552/2631/3233 2516/2630/3232 2517/2652/3251 2561/2651/3250
f 2564/2656/3255 2528/2657/3213 2527/2653/3213 2555/2485/3252
f 2692/2620/3256 2624/2619/3257 2605/2658/3258 2696/2659/3256
f 2564/2656/3255 2549/2495/3121 2605/2580/3201 2632/2660/3259
f 2528/2657/3213 2564/2656/3255 2632/2660/3259 2628/2661/3260
f 2519/2634/3236 2535/2662/3261 2536/2663/3262 2524/2645/3244
f 2595/2648/3247 2597/2664/3263 2538/2665/3264 2520/2649/3248
f 2518/2633/3235 2532/2666/3265 2535/2662/3261 2519/2634/3236
f 2550/2486/3111 2563/2607/3212 2631/2610/3215 2626/2621/3225
f 2513/2638/3094 2514/2637/3094 2541/2474/3094 2556/2667/3094
f 2516/2630/3232 2534/2668/3266 2533/2669/3267 2517/2652/3251
f 2527/2653/3213 2528/2657/3213 2635/2670/3268 2636/2671/3269
f 2517/2652/3251 2533/2669/3267 2532/2666/3265 2518/2633/3235
f 2529/2608/3213 2638/2672/3270 2633/2673/3271 2630/2609/3214
f 2521/2640/3239 2531/2674/3272 2530/2675/3273 2522/2641/3240
f 2573/2644/3243 2575/2676/3274 2531/2674/3272 2521/2640/3239
f 2575/2676/3274 2536/2663/3262 2535/2662/3261 2576/2677/3275
f 2576/2677/3275 2535/2662/3261 2532/2666/3265 2577/2678/3276
f 2577/2678/3276 2532/2666/3265 2533/2669/3267 2578/2679/3277
f 2578/2679/3277 2533/2669/3267 2534/2668/3266 2574/2680/3278
f 2530/2675/3273 2531/2674/3272 2543/2681/3279 2546/2682/3280
f 2546/2682/3280 2543/2681/3279 2544/2683/3281 2547/2684/3282
f 2547/2684/3282 2544/2683/3281 2545/2685/3283 2548/2686/3284
f 2548/2686/3284 2545/2685/3283 2537/2687/3285 2538/2665/3264
f 2596/2688/3286 2530/2675/3273 2546/2682/3280 2598/2689/3287
f 2598/2689/3287 2546/2682/3280 2547/2684/3282 2599/2690/3288
f 2599/2690/3288 2547/2684/3282 2548/2686/3284 2600/2691/3289
f 2600/2691/3289 2548/2686/3284 2538/2665/3264 2597/2664/3263
f 2520/2649/3248 2538/2665/3264 2537/2687/3285 2523/2654/3253
f 2572/2629/3231 2574/2680/3278 2534/2668/3266 2516/2630/3232
f 2549/2495/3121 2564/2656/3255 2555/2485/3252 2515/2485/3110
f 2504/2617/3221 2552/2631/3233 2561/2651/3250 2505/2505/3130
f 2604/2692/3290 2467/2692/3291 2526/2693/3292 2603/2693/3293
f 2508/2481/3106 2560/2650/3249 2551/2655/3254 2511/2348/2973
f 2515/2485/3110 2555/2485/3252 2563/2607/3212 2550/2486/3111
f 2505/2505/3130 2561/2651/3250 2553/2632/3234 2506/2506/3131
f 2593/2480/3105 2602/2647/3246 2560/2650/3249 2508/2481/3106
f 2507/2415/3046 2554/2635/3237 2559/2646/3245 2512/2416/3047
f 2571/2361/2992 2579/2643/3242 2557/2639/3238 2509/2362/2993
f 2509/2362/2993 2557/2639/3238 2558/2642/3241 2510/2612/3217
f 2506/2506/3131 2553/2632/3234 2554/2635/3237 2507/2415/3046
f 2570/2349/2974 2580/2628/3230 2552/2631/3233 2504/2617/3221
f 2565/2694/3294 2539/2694/3295 2397/2483/3108 2469/2483/3108
f 2610/2538/3164 2357/2538/3163 2379/2695/3296 2609/2695/3297
f 2664/2696/3298 2567/2636/3299 2621/2697/3300 2695/2698/3300
f 2617/2699/3301 2540/2699/3301 2539/2694/3295 2565/2694/3294
f 2385/2344/2969 2386/2409/3040 2448/2412/3043 2425/2345/2970
f 2618/2354/2985 2391/2354/2984 2381/2488/3114 2607/2488/3113
f 2383/2476/3094 2379/2700/3094 2357/2701/3094
f 2609/2695/3297 2379/2695/3296 2467/2692/3291 2604/2692/3290
f 2511/2348/2973 2551/2655/3254 2580/2628/3230 2570/2349/2974
f 2512/2416/3047 2559/2646/3245 2579/2643/3242 2571/2361/2992
f 2523/2654/3253 2537/2687/3285 2574/2680/3278 2572/2629/3231
f 2545/2685/3283 2578/2679/3277 2574/2680/3278 2537/2687/3285
f 2544/2683/3281 2577/2678/3276 2578/2679/3277 2545/2685/3283
f 2543/2681/3279 2576/2677/3275 2577/2678/3276 2544/2683/3281
f 2531/2674/3272 2575/2676/3274 2576/2677/3275 2543/2681/3279
f 2524/2645/3244 2536/2663/3262 2575/2676/3274 2573/2644/3243
f 2559/2646/3245 2524/2645/3244 2573/2644/3243 2579/2643/3242
f 2551/2655/3254 2523/2654/3253 2572/2629/3231 2580/2628/3230
f 2420/2396/3027 2468/2498/3124 2686/2702/3302 2679/2703/3028
f 2591/2704/3303 2693/2705/3304 2686/2702/3302 2468/2498/3124
f 2424/2508/3133 2569/2562/3182 2687/2627/3229 2684/2706/3227
f 2677/2616/3220 2690/2346/2971 2570/2349/2974 2504/2617/3221
f 2420/2396/3027 2568/2395/3026 2417/2558/3178
f 2431/2545/3166 2569/2562/3182 2429/2561/3181
f 2585/2707/3305 2613/2707/3306 2615/2708/3307 2587/2708/3308
f 2556/2667/3094 2566/2467/3094 2382/2469/3094 2381/2709/3094
f 2470/2475/3094 2525/2539/3094 2526/2540/3094 2467/2710/3094
f 2556/2667/3094 2541/2474/3094 2562/2477/3094 2566/2467/3094
f 2602/2471/3098 2640/2471/3097 2629/2711/3309 2595/2711/3310
f 2522/2641/3240 2530/2675/3273 2596/2688/3286 2594/2712/3311
f 2581/2713/3312 2611/2713/3313 2642/2714/3314 2584/2714/3315
f 2510/2612/3217 2558/2642/3241 2601/2715/3316 2592/2613/3218
f 2558/2642/3241 2522/2641/3240 2594/2712/3311 2601/2715/3316
f 2529/2608/3213 2527/2653/3213 2636/2671/3269 2638/2672/3270
f 2594/2716/3317 2627/2716/3318 2646/2717/3319 2601/2717/3320
f 2471/2507/3132 2681/2624/3228 2691/2718/3321 2590/2719/3322
f 2682/2611/3216 2683/2359/2990 2509/2362/2993 2510/2612/3217
f 2399/2497/3123 2589/2720/3323 2591/2704/3303 2468/2498/3124
f 2390/2410/3041 2586/2721/3324 2589/2720/3323 2399/2497/3123
f 2471/2507/3132 2590/2719/3322 2588/2722/3325 2398/2357/2988
f 2588/2723/3326 2619/2723/3327 2612/2724/3328 2583/2724/3329
f 2388/2338/2963 2582/2725/3330 2585/2726/3331 2387/2339/2964
f 2392/2343/2968 2587/2727/3332 2581/2728/3333 2385/2344/2969
f 2389/2358/2989 2583/2729/3334 2582/2725/3330 2388/2338/2963
f 2386/2409/3040 2584/2730/3335 2586/2721/3324 2390/2410/3041
f 2398/2357/2988 2588/2722/3325 2583/2729/3334 2389/2358/2989
f 2385/2344/2969 2581/2728/3333 2584/2730/3335 2386/2409/3040
f 2387/2339/2964 2585/2726/3331 2587/2727/3332 2392/2343/2968
f 2613/2707/3336 2608/2353/2981 2616/2493/3119 2615/2708/3337
f 2611/2713/3338 2610/2538/3164 2609/2695/3297 2642/2714/3339
f 2619/2723/3340 2618/2354/2985 2607/2488/3113 2612/2724/3341
f 2642/2714/3339 2609/2695/3297 2604/2692/3290 2614/2731/3342
f 2612/2724/3341 2607/2488/3113 2606/2352/2978 2641/2732/3343
f 2615/2708/3337 2616/2493/3119 2610/2538/3164 2611/2713/3338
f 2641/2732/3343 2606/2352/2978 2608/2353/2981 2613/2707/3336
f 2622/2582/3203 2621/2351/2982 2618/2354/2985 2619/2723/3340
f 2614/2731/3342 2604/2692/3290 2603/2693/3293 2620/2472/3344
f 2620/2472/3344 2603/2693/3293 2617/2699/3345 2623/2473/3101
f 2617/2699/3345 2698/2733/3346 2693/2734/3103 2623/2473/3101
f 2622/2582/3203 2691/2735/3202 2695/2736/3347 2621/2351/2982
f 2646/2717/3348 2627/2716/3349 2628/2737/3350 2632/2738/3351
f 2624/2619/3257 2646/2717/3348 2632/2738/3351 2605/2658/3258
f 2627/2716/3349 2637/2739/3352 2634/2740/3353 2628/2737/3350
f 2626/2741/3354 2631/2742/3355 2640/2471/3356 2625/2470/3357
f 2638/2743/3358 2645/2744/3359 2639/2745/3360 2633/2746/3361
f 2636/2747/3362 2644/2748/3362 2645/2744/3359 2638/2743/3358
f 2635/2749/3363 2643/2750/3364 2644/2748/3362 2636/2747/3362
f 2634/2740/3353 2637/2739/3352 2643/2750/3364 2635/2749/3363
f 2630/2751/3365 2633/2746/3361 2639/2745/3360 2629/2711/3366
f 2631/2742/3355 2630/2751/3365 2629/2711/3366 2640/2471/3356
f 2682/2752/3367 2730/2753/3368 2731/2754/3369 2683/2755/3370
f 2697/2756/3371 2626/2741/3354 2625/2470/3357 2694/2757/3371
f 2586/2731/3372 2614/2731/3373 2620/2472/3100 2589/2472/3099
f 2597/2745/3374 2639/2745/3375 2645/2744/3376 2600/2744/3377
f 2397/2542/3094 2539/2489/3094 2525/2539/3094 2514/2637/3094
f 2590/2582/3204 2622/2582/3203 2619/2723/3327 2588/2723/3326
f 2514/2637/3094 2525/2539/3094 2470/2475/3094 2541/2474/3094
f 2600/2744/3377 2645/2744/3376 2644/2748/3378 2599/2748/3378
f 2694/2758/3379 2625/2470/3096 2593/2470/3095
f 2566/2467/3094 2562/2477/3094 2542/2759/3094 2380/2468/3094
f 2599/2748/3378 2644/2748/3378 2643/2750/3380 2598/2750/3381
f 2513/2638/3094 2556/2667/3094 2381/2709/3094 2391/2760/3094
f 2582/2732/3382 2641/2732/3383 2613/2707/3306 2585/2707/3305
f 2598/2750/3381 2643/2750/3380 2637/2739/3384 2596/2739/3385
f 2562/2477/3094 2383/2476/3094 2357/2701/3094 2542/2759/3094
f 2587/2708/3308 2615/2708/3307 2611/2713/3313 2581/2713/3312
f 2596/2739/3385 2637/2739/3384 2627/2716/3318 2594/2716/3317
f 2396/2636/3094 2513/2638/3094 2391/2760/3094 2384/2697/3094
f 2583/2724/3329 2612/2724/3328 2641/2732/3383 2582/2732/3382
f 2595/2711/3310 2629/2711/3309 2639/2745/3375 2597/2745/3374
f 2634/2761/3386 2635/2670/3268 2528/2657/3213 2628/2661/3260
f 2584/2714/3315 2642/2714/3314 2614/2731/3373 2586/2731/3372
f 2601/2717/3320 2646/2717/3319 2624/2619/3223 2592/2619/3222
f 2383/2476/3094 2470/2475/3094 2467/2710/3094 2379/2700/3094
f 2603/2693/3293 2526/2693/3292 2540/2699/3387 2617/2699/3345
f 2490/2601/3209 2489/2606/3211 2476/2605/3170 2479/2602/3142
f 2363/2762/3035 2359/2763/3388 2656/2528/3389 2651/2533/3390
f 2365/2764/3391 2362/2765/3392 2652/2569/3189 2657/2575/3196
f 2368/2766/3171 2378/2767/3006 2662/2577/3393 2655/2519/3394
f 2378/2767/3006 2360/2768/3009 2654/2572/3395 2662/2577/3393
f 2371/2769/3396 2365/2764/3391 2657/2575/3196 2661/2529/3154
f 2360/2768/3009 2376/2555/3174 2647/2554/3173 2654/2572/3395
f 2362/2765/3392 2367/2770/3397 2650/2518/3398 2652/2569/3189
f 2370/2512/3137 2377/2771/3399 2660/2553/3400 2649/2509/3134
f 2377/2771/3399 2374/2573/3194 2647/2554/3193 2660/2553/3400
f 2369/2535/3160 2395/2772/3401 2648/2449/3402 2653/2532/3157
f 2373/2550/3032 2363/2762/3035 2651/2533/3390 2653/2532/3169
f 2359/2763/3388 2371/2769/3396 2661/2529/3154 2656/2528/3389
f 2367/2770/3397 2368/2766/3171 2655/2519/3394 2650/2518/3398
f 2394/2773/3403 2393/2451/3081 2658/2450/3080 2659/2510/3404
f 2375/2557/3177 2394/2773/3403 2659/2510/3404 2649/2509/3176
f 2395/2772/3401 2364/2513/3139 2658/2450/3138 2648/2449/3402
f 2567/2636/3299 2664/2696/3298 2669/2774/3165 2469/2542/3165
f 2684/2775/3405 2732/2776/3406 2729/2777/3407 2681/2778/3408
f 2674/2779/3409 2734/2780/3409 2722/2781/3410 2668/2782/3411
f 2672/2783/3412 2728/2784/3413 2721/2785/3414 2667/2786/3415
f 2670/2787/3416 2720/2788/3416 2717/2789/3417 2663/2790/3418
f 2671/2791/3419 2727/2792/3420 2715/2793/3421 2687/2794/3422
f 2683/2755/3370 2731/2754/3369 2716/2795/3423 2688/2796/3424
f 2692/2797/3425 2708/2798/3426 2730/2753/3368 2682/2752/3367
f 2669/2799/3427 2719/2800/3427 2709/2801/3428 2665/2802/3429
f 2664/2803/3430 2718/2804/3431 2719/2800/3427 2669/2805/3427
f 2679/2806/3432 2725/2807/3433 2701/2808/3434 2689/2809/3435
f 2677/2810/3436 2703/2811/3437 2702/2812/3438 2690/2813/3439
f 2697/2814/3440 2711/2815/3440 2710/2816/3441 2666/2817/3442
f 2666/2817/3442 2710/2816/3441 2720/2788/3416 2670/2787/3416
f 2673/2818/3443 2733/2819/3444 2706/2820/3445 2676/2821/3446
f 2689/2809/3435 2701/2808/3434 2704/2822/3447 2678/2823/3448
f 2698/2824/3449 2712/2825/3450 2713/2826/3451 2693/2827/3452
f 2681/2778/3408 2729/2777/3407 2707/2828/3453 2691/2829/3454
f 2667/2786/3415 2721/2785/3414 2733/2830/3444 2673/2831/3443
f 2663/2790/3418 2717/2789/3417 2700/2832/3455 2696/2833/3455
f 2711/2834/3456 2712/2835/3456 2709/2836/3457 2710/2837/3458
f 2688/2796/3424 2716/2795/3423 2728/2784/3413 2672/2783/3412
f 2699/2838/3459 2700/2839/3459 2717/2840/3460 2718/2841/3461
f 2665/2842/3429 2709/2843/3428 2712/2844/3450 2698/2733/3449
f 2700/2845/3462 2699/2846/3462 2707/2847/3463 2708/2848/3464
f 2693/2849/3452 2713/2850/3451 2724/2851/3465 2686/2852/3466
f 2714/2853/3467 2713/2854/3468 2712/2855/3469 2711/2856/3469
f 2690/2813/3439 2702/2812/3438 2726/2857/3470 2680/2858/3471
f 2723/2859/3472 2724/2860/3473 2713/2861/3468 2714/2862/3467
f 2694/2863/3474 2714/2864/3475 2711/2865/3476 2697/2866/3476
f 2703/2867/3477 2704/2868/3478 2701/2869/3479 2702/2870/3480
f 2676/2871/3446 2706/2820/3445 2703/2811/3437 2677/2810/3436
f 2731/2872/3481 2732/2873/3482 2715/2874/3483 2716/2875/3484
f 2687/2794/3422 2715/2793/3421 2732/2876/3406 2684/2877/3405
f 2702/2870/3480 2701/2869/3479 2725/2878/3485 2726/2879/3486
f 2710/2837/3458 2709/2880/3457 2719/2881/3487 2720/2882/3487
f 2696/2883/3488 2700/2884/3488 2708/2885/3426 2692/2886/3425
f 2708/2887/3464 2707/2888/3463 2729/2889/3489 2730/2890/3490
f 2691/2891/3454 2707/2892/3453 2699/2893/3491 2695/2894/3492
f 2733/2895/3493 2734/2896/3493 2705/2897/3494 2706/2898/3495
f 2695/2736/3492 2699/2899/3491 2718/2804/3431 2664/2803/3430
f 2706/2898/3495 2705/2897/3494 2704/2900/3478 2703/2867/3477
f 2675/2901/3496 2705/2902/3497 2734/2780/3409 2674/2779/3409
f 2716/2875/3484 2715/2874/3483 2727/2903/3498 2728/2904/3499
f 2668/2905/3411 2722/2906/3410 2727/2907/3420 2671/2908/3419
f 2720/2882/3487 2719/2881/3487 2718/2841/3461 2717/2840/3460
f 2685/2909/3500 2723/2910/3501 2714/2911/3475 2694/2912/3474
f 2721/2913/3502 2722/2914/3503 2734/2896/3493 2733/2915/3493
f 2680/2916/3471 2726/2917/3470 2723/2910/3501 2685/2909/3500
f 2728/2904/3499 2727/2918/3498 2722/2919/3503 2721/2913/3502
f 2686/2852/3466 2724/2851/3465 2725/2920/3433 2679/2921/3432
f 2726/2922/3486 2725/2923/3485 2724/2860/3473 2723/2859/3472
f 2730/2890/3490 2729/2889/3489 2732/2924/3482 2731/2872/3481
f 2678/2925/3448 2704/2926/3447 2705/2902/3497 2675/2901/3496
f 2808/2927/3504 2735/2928/3505 2740/2929/3506 2814/2930/3507
f 2815/2930/3508 2739/2929/3509 2736/2928/3510 2811/2927/3511
f 2811/2927/3511 2736/2928/3510 2742/2931/3512 2816/2932/3513
f 2817/2933/3514 2741/2934/3515 2738/2935/3516 2812/2936/3517
f 2812/2936/3517 2738/2935/3516 2744/2937/3518 2818/2938/3519
f 2819/2938/3520 2743/2937/3521 2737/2935/3522 2813/2936/3523
f 2813/2936/3523 2737/2935/3522 2746/2934/3524 2820/2939/3525
f 2821/2940/3526 2745/2931/3527 2735/2928/3505 2808/2927/3504
f 2741/2934/3515 2751/2941/3528 2758/2942/3529 2738/2935/3516
f 2750/2943/3530 2754/2944/3531 2760/2941/3532 2762/2942/3533
f 2757/2945/3534 2736/2928/3510 2739/2929/3509 2748/2946/3535
f 2799/2947/3536 2797/2948/3537 2740/2929/3506 2747/2946/3538
f 2800/2949/3539 2802/2950/3540 2754/2944/3531 2750/2943/3530
f 2768/2951/3541 2764/2952/3542 2746/2934/3524 2760/2941/3532
f 2750/2943/3530 2762/2942/3533 2737/2935/3522 2743/2937/3521
f 2761/2953/3543 2759/2945/3544 2735/2928/3505 2745/2931/3527
f 2738/2935/3516 2758/2942/3529 2749/2943/3545 2744/2937/3518
f 2762/2942/3533 2760/2941/3532 2746/2934/3524 2737/2935/3522
f 2753/2954/3546 2747/2946/3538 2759/2945/3544 2761/2953/3543
f 2800/2949/3539 2798/2955/3547 2744/2937/3518 2749/2943/3545
f 2736/2928/3510 2757/2945/3534 2752/2953/3548 2742/2931/3512
f 2767/2956/3549 2753/2954/3546 2761/2953/3543 2768/2951/3541
f 2763/2952/3550 2766/2951/3551 2751/2941/3528 2741/2934/3515
f 2752/2953/3548 2757/2945/3534 2748/2946/3535 2755/2954/3552
f 2799/2947/3536 2747/2946/3538 2753/2954/3546 2801/2957/3553
f 2758/2942/3529 2751/2941/3528 2756/2944/3554 2749/2943/3545
f 2766/2951/3551 2765/2956/3555 2756/2944/3554 2751/2941/3528
f 2803/2956/3556 2801/2957/3553 2753/2954/3546 2767/2956/3549
f 2747/2946/3538 2740/2929/3506 2735/2928/3505 2759/2945/3544
f 2802/2950/3540 2803/2956/3556 2767/2956/3549 2754/2944/3531
f 2752/2953/3548 2755/2954/3552 2765/2956/3555 2766/2951/3551
f 2742/2931/3512 2752/2953/3548 2766/2951/3551 2763/2952/3550
f 2754/2944/3531 2767/2956/3549 2768/2951/3541 2760/2941/3532
f 2761/2953/3543 2745/2931/3527 2764/2952/3542 2768/2951/3541
f 2792/2958/3557 2782/2959/3558 2785/2960/3559
f 2796/2961/3560 2780/2962/3561 2781/2963/3562 2784/2964/3563
f 2784/2964/3563 2781/2963/3562 2779/2965/3564 2795/2966/3565
f 2807/2967/3566 2804/2968/3567 2777/2969/3568 2793/2970/3569
f 2791/2971/3570 2782/2959/3558 2775/2972/3571
f 2806/2973/3572 2805/2974/3573 2773/2975/3574 2789/2976/3575
f 2823/2977/3576 2806/2973/3572 2789/2976/3575 2814/2930/3507
f 2810/2978/3577 2785/2960/3559 2791/2971/3570 2816/2932/3513
f 2822/2979/3578 2807/2967/3566 2793/2970/3569 2818/2938/3519
f 2809/2978/3579 2784/2964/3563 2795/2966/3565 2820/2939/3525
f 2821/2940/3526 2796/2961/3560 2784/2964/3563 2809/2978/3579
f 2817/2933/3514 2792/2958/3557 2785/2960/3559 2810/2978/3577
f 2780/2962/3561 2796/2961/3560 2783/2980/3580 2769/2981/3581
f 2772/2982/3582 2788/2983/3583 2795/2966/3565 2779/2965/3564
f 2778/2984/3584 2794/2985/3585 2788/2983/3583 2772/2982/3582
f 2771/2986/3586 2787/2983/3587 2793/2970/3569 2777/2969/3568
f 2776/2987/3588 2792/2958/3557 2787/2983/3587 2771/2986/3586
f 2770/2988/3589 2786/2980/3590 2791/2971/3570 2775/2972/3571
f 2774/2989/3591 2790/2976/3592 2786/2980/3590 2770/2988/3589
f 2769/2981/3581 2783/2980/3580 2789/2976/3575 2773/2975/3574
f 2785/2960/3559 2782/2959/3558 2791/2971/3570
f 2776/2987/3588 2782/2959/3558 2792/2958/3557
f 2819/2938/3520 2794/2985/3585 2807/2967/3566 2822/2979/3578
f 2815/2930/3508 2790/2976/3592 2806/2973/3572 2823/2977/3576
f 2790/2976/3592 2774/2989/3591 2805/2974/3573 2806/2973/3572
f 2794/2985/3585 2778/2984/3584 2804/2968/3567 2807/2967/3566
f 2756/2944/3554 2765/2956/3555 2803/2956/3556 2802/2950/3540
f 2765/2956/3555 2755/2954/3552 2801/2957/3553 2803/2956/3556
f 2748/2946/3535 2799/2947/3536 2801/2957/3553 2755/2954/3552
f 2750/2943/3530 2743/2937/3521 2798/2955/3547 2800/2949/3539
f 2749/2943/3545 2756/2944/3554 2802/2950/3540 2800/2949/3539
f 2748/2946/3535 2739/2929/3509 2797/2948/3537 2799/2947/3536
f 2739/2929/3509 2815/2930/3508 2823/2977/3576 2797/2948/3537
f 2743/2937/3521 2819/2938/3520 2822/2979/3578 2798/2955/3547
f 2741/2934/3515 2817/2933/3514 2810/2978/3577 2763/2952/3550
f 2745/2931/3527 2821/2940/3526 2809/2978/3579 2764/2952/3542
f 2764/2952/3542 2809/2978/3579 2820/2939/3525 2746/2934/3524
f 2798/2955/3547 2822/2979/3578 2818/2938/3519 2744/2937/3518
f 2763/2952/3550 2810/2978/3577 2816/2932/3513 2742/2931/3512
f 2797/2948/3537 2823/2977/3576 2814/2930/3507 2740/2929/3506
f 2796/2961/3560 2821/2940/3526 2808/2927/3504 2783/2980/3580
f 2788/2983/3583 2813/2936/3523 2820/2939/3525 2795/2966/3565
f 2794/2985/3585 2819/2938/3520 2813/2936/3523 2788/2983/3583
f 2787/2983/3587 2812/2936/3517 2818/2938/3519 2793/2970/3569
f 2792/2958/3557 2817/2933/3514 2812/2936/3517 2787/2983/3587
f 2786/2980/3590 2811/2927/3511 2816/2932/3513 2791/2971/3570
f 2790/2976/3592 2815/2930/3508 2811/2927/3511 2786/2980/3590
f 2783/2980/3580 2808/2927/3504 2814/2930/3507 2789/2976/3575
f 2362/2514/3140 2365/2420/3051 2472/2419/3050 2474/2515/3141
f 2777/2969/3568 2408/2990/3593 2406/2991/3594 2771/2986/3586
f 2771/2986/3586 2406/2991/3594 2407/2992/3595 2776/2987/3588
f 2782/2959/3558 2407/2992/3595 2404/2993/3596
f 2782/2959/3558 2403/2994/3597 2775/2972/3571
f 2775/2972/3571 2403/2994/3597 2405/2995/3598 2770/2988/3589
f 2770/2988/3589 2405/2995/3598 2409/2996/3599 2774/2989/3591
f 2774/2989/3591 2409/2996/3599 2414/2997/3600 2805/2974/3573
f 2805/2974/3573 2414/2997/3600 2410/2998/3601 2773/2975/3574
f 2773/2975/3574 2410/2998/3601 2411/2999/3602 2769/2981/3581
f 2769/2981/3581 2411/2999/3602 2412/3000/3603 2780/2962/3561
f 2780/2962/3561 2412/3000/3603 2413/3001/3604 2781/2963/3562
f 2781/2963/3562 2413/3001/3604 2402/3002/3605 2779/2965/3564
f 2779/2965/3564 2402/3002/3605 2401/3003/3606 2772/2982/3582
f 2772/2982/3582 2401/3003/3606 2400/3004/3607 2778/2984/3584
f 2778/2984/3584 2400/3004/3607 2415/3005/3608 2804/2968/3567
f 2804/2968/3567 2415/3005/3608 2408/2990/3593 2777/2969/3568
f 2404/2993/3596 2403/2994/3597 2782/2959/3558
f 2776/2987/3588 2407/2992/3595 2782/2959/3558
o Mage_Body
v 0.182795 0.547171 0.300434
v 0.172594 0.812273 0.315715
v 0.317005 0.557113 0.217551
v 0.306804 0.822215 0.232832
v 0.305781 0.557721 0.199507
v 0.295580 0.822823 0.214787
v 0.162890 0.550442 0.316843
v 0.153071 0.805626 0.331552
v 0.298351 0.807858 0.245194
v 0.307532 0.569266 0.231442
v 0.192897 0.560761 0.302464
v 0.183716 0.799353 0.316217
v 0.185514 0.548798 0.274018
v 0.175313 0.813900 0.289299
v 0.156722 0.710756 0.326084
v 0.154753 0.761906 0.329032
v 0.195831 0.731159 0.277387
v 0.196155 0.626660 0.275191
v 0.283405 0.632319 0.225195
v 0.275369 0.736466 0.226883
v 0.161208 0.594169 0.319364
v 0.159242 0.645261 0.322309
v 0.216709 0.545334 0.354953
v 0.206508 0.810435 0.370233
v 0.350678 0.555288 0.271683
v 0.340477 0.820390 0.286964
v 0.361903 0.554680 0.289728
v 0.351702 0.819782 0.305009
v 0.193293 0.548795 0.365718
v 0.183474 0.803978 0.380427
v 0.325223 0.806402 0.288394
v 0.334404 0.567810 0.274641
v 0.219770 0.559305 0.345664
v 0.210589 0.797897 0.359416
v 0.241637 0.545758 0.364239
v 0.231436 0.810859 0.379520
v 0.187124 0.709109 0.374959
v 0.185156 0.760258 0.377907
v 0.233309 0.762184 0.376714
v 0.239764 0.594436 0.367045
v 0.295799 0.649941 0.334059
v 0.297770 0.598740 0.331107
v 0.235275 0.711084 0.373769
v 0.293198 0.715381 0.337882
v 0.291232 0.766473 0.340827
v 0.294760 0.719230 0.351670
v 0.293145 0.761193 0.354089
v 0.235719 0.757217 0.384720
v 0.237333 0.715255 0.382302
v 0.191611 0.592522 0.368238
v 0.189645 0.643614 0.371183
v 0.237798 0.645535 0.369991
v 0.297633 0.644556 0.347366
v 0.299248 0.602594 0.344947
v 0.241822 0.598618 0.375579
v 0.240207 0.640581 0.377997
v 0.184374 0.713104 0.384265
v 0.182759 0.755066 0.386683
v 0.187247 0.638430 0.379960
v 0.188862 0.596467 0.377542
v -0.000006 0.464193 -0.266519
v 0.320647 0.464194 -0.050319
v -0.086284 0.464194 -0.257432
v 0.086272 0.464194 -0.257432
v 0.166671 0.464194 -0.230790
v 0.235710 0.464194 -0.188409
v 0.288686 0.464194 -0.133177
v -0.320659 0.464194 -0.050319
v -0.288698 0.464194 -0.133177
v -0.235722 0.464194 -0.188409
v -0.166683 0.464194 -0.230790
v 0.067940 0.420152 -0.218249
v 0.131250 0.420151 -0.195676
v 0.185616 0.420150 -0.159766
v 0.227332 0.420149 -0.112969
v 0.253555 0.420148 -0.037696
v -0.253558 0.420148 -0.037696
v -0.227335 0.420149 -0.112969
v -0.185619 0.420150 -0.159766
v -0.131253 0.420151 -0.195676
v -0.067942 0.420152 -0.218249
v -0.000001 0.420152 -0.225949
v 0.174352 0.391708 -0.044644
v 0.154359 0.391710 -0.133782
v 0.092325 0.376427 -0.049796
v 0.081175 0.391710 -0.149216
v -0.000001 0.376427 -0.051553
v -0.000001 0.391710 -0.154480
v -0.092327 0.376427 -0.049796
v -0.081178 0.391710 -0.149216
v -0.174355 0.391708 -0.044644
v -0.154362 0.391710 -0.133782
v -0.000006 0.490008 0.264317
v 0.320647 0.464193 0.050307
v -0.086284 0.464193 0.257420
v 0.086272 0.464193 0.257420
v 0.166671 0.464193 0.230778
v 0.235710 0.464193 0.188397
v 0.288686 0.464193 0.133165
v -0.320659 0.464193 0.050307
v -0.288698 0.464193 0.133165
v -0.235722 0.464193 0.188397
v -0.166682 0.464193 0.230778
v 0.067940 0.420152 0.218237
v 0.131250 0.420151 0.195663
v 0.185616 0.420150 0.159754
v 0.227332 0.420149 0.112956
v 0.253555 0.420148 0.037684
v -0.253558 0.420148 0.037684
v -0.227334 0.420149 0.112956
v -0.185618 0.420150 0.159754
v -0.131253 0.420151 0.195663
v -0.067942 0.420152 0.218237
v -0.000001 0.420152 0.225936
v 0.174352 0.391708 0.044631
v 0.154359 0.391710 0.133770
v 0.092325 0.376427 0.049783
v 0.081175 0.391710 0.149204
v -0.000001 0.376427 0.051541
v -0.000001 0.391710 0.154468
v -0.092327 0.376427 0.049783
v -0.081178 0.391710 0.149204
v -0.174355 0.391708 0.044631
v -0.154362 0.391710 0.133770
v 0.198606 0.385499 0.275590
v 0.280873 0.367667 0.225089
v 0.382085 0.353936 0.060540
v 0.343999 0.358697 0.159274
v -0.280886 0.367668 0.225089
v -0.344012 0.358697 0.159274
v -0.382098 0.353936 0.060540
v -0.198619 0.385497 0.275590
v 0.102803 0.415519 0.300026
v -0.000007 0.455921 0.301703
v -0.102816 0.415520 0.300026
v 0.198606 0.378308 -0.274416
v 0.280873 0.367587 -0.223915
v 0.382085 0.353936 -0.059366
v 0.343999 0.358697 -0.158100
v -0.280886 0.367588 -0.223914
v -0.344012 0.358697 -0.158100
v -0.382098 0.353936 -0.059366
v -0.198619 0.378308 -0.274416
v 0.102803 0.387805 -0.306162
v -0.000007 0.393001 -0.316990
v -0.102816 0.387807 -0.306162
v 0.113700 0.404812 -0.347212
v 0.000023 0.408629 -0.359190
v -0.113654 0.404816 -0.347212
v 0.000023 0.471451 0.339325
v 0.113700 0.429427 0.336498
v -0.219836 0.395684 -0.312007
v -0.311458 0.384757 -0.255729
v -0.311459 0.384248 0.252325
v -0.219837 0.400230 0.308604
v -0.426035 0.369218 0.065607
v -0.382834 0.375028 0.177604
v 0.219882 0.395680 -0.312008
v 0.311504 0.384754 -0.255729
v -0.382833 0.375196 -0.181010
v -0.426034 0.369218 -0.069126
v 0.382880 0.375028 0.177604
v 0.426080 0.369218 0.065607
v 0.382878 0.375196 -0.181010
v 0.311505 0.384246 0.252325
v 0.426080 0.369218 -0.069126
v 0.219883 0.400219 0.308604
v -0.113654 0.429431 0.336498
v -0.000005 0.957552 -0.278866
v 0.073657 1.084067 -0.219936
v 0.090212 0.957552 -0.269364
v 0.098171 0.822930 -0.294294
v 0.142299 1.084067 -0.197190
v 0.174282 0.957552 -0.241506
v 0.189532 0.823561 -0.263978
v 0.201244 1.084067 -0.161006
v 0.246474 0.957552 -0.197190
v 0.266257 0.829514 -0.215753
v 0.246474 1.084067 -0.113850
v 0.301869 0.957552 -0.139436
v 0.323193 0.836534 -0.152904
v 0.274907 1.084067 -0.043254
v 0.336692 0.957552 -0.052965
v 0.358375 0.841036 -0.058801
v -0.000005 1.084067 -0.227694
v -0.000005 0.822930 -0.304634
v -0.000005 0.984805 0.267807
v 0.038461 0.933603 0.280194
v 0.038449 0.886245 0.291638
v 0.174282 0.957552 0.241494
v 0.189532 0.823561 0.261630
v 0.201244 1.084067 0.160994
v 0.246474 0.957552 0.197178
v 0.266257 0.829536 0.213405
v 0.246474 1.084067 0.113838
v 0.301869 0.957552 0.139424
v 0.323193 0.836567 0.150556
v 0.274907 1.084067 0.043242
v 0.336692 0.957552 0.052953
v 0.358375 0.841032 0.056453
v -0.000005 0.869309 0.298825
v 0.153132 1.261411 -0.354476
v 0.241819 1.231755 -0.300148
v 0.299797 1.213426 -0.226323
v 0.331695 1.203151 -0.146407
v 0.344189 1.197346 -0.047898
v -0.000003 1.282927 -0.376304
v 0.103022 1.201729 0.295566
v 0.184588 1.215348 0.263838
v 0.240960 1.209128 0.216945
v 0.297624 1.205710 0.157943
v 0.335234 1.201728 0.063440
v 0.136498 1.293610 -0.296981
v 0.209919 1.267320 -0.254005
v 0.257915 1.249478 -0.194685
v 0.284323 1.237949 -0.130069
v 0.294666 1.229323 -0.050132
v -0.000005 1.308789 -0.313560
v 0.093146 1.224455 0.247999
v 0.154098 1.239111 0.221362
v 0.209273 1.235745 0.183457
v 0.256117 1.228589 0.125187
v 0.287253 1.225344 0.048171
v -0.000005 1.169807 0.262323
v 0.111108 1.188798 -0.226197
v 0.182983 1.182037 -0.145867
v 0.197547 1.166718 -0.028899
v -0.000005 1.202434 -0.252190
v 0.081588 1.173243 0.143911
v 0.156663 1.165871 0.084997
v -0.000005 1.134646 0.159916
v -0.000005 1.248134 -0.000006
v 0.078056 1.240076 -0.036162
v 0.043070 1.240076 -0.063905
v 0.088910 1.240076 -0.000006
v -0.000005 1.240076 -0.072744
v 0.078056 1.240076 0.036150
v 0.043070 1.240076 0.063892
v -0.000005 1.240076 0.072731
v -0.000005 1.146472 0.286260
v 0.075176 1.163295 0.305600
v 0.291834 1.160958 0.145205
v 0.159216 1.176267 0.282307
v 0.333950 1.150756 -0.076103
v 0.309282 1.155922 -0.174367
v 0.263493 1.165364 -0.249024
v 0.099805 1.201081 -0.359312
v -0.000005 1.202479 -0.375208
v 0.232617 1.171809 0.217874
v 0.329793 1.152720 0.046840
v 0.193878 1.180057 -0.314140
v -0.073667 1.084067 -0.219936
v -0.090222 0.957552 -0.269364
v -0.098181 0.822930 -0.294294
v -0.142309 1.084067 -0.197190
v -0.174292 0.957552 -0.241506
v -0.189542 0.823561 -0.263978
v -0.201254 1.084067 -0.161006
v -0.246484 0.957552 -0.197190
v -0.266266 0.829513 -0.215753
v -0.246484 1.084067 -0.113850
v -0.301879 0.957552 -0.139436
v -0.323203 0.836533 -0.152904
v -0.274916 1.084067 -0.043254
v -0.336702 0.957552 -0.052965
v -0.358385 0.841036 -0.058801
v -0.038458 0.933603 0.280194
v -0.038446 0.886245 0.291638
v -0.174292 0.957552 0.241494
v -0.189541 0.823561 0.261630
v -0.201254 1.084067 0.160994
v -0.246484 0.957552 0.197178
v -0.266266 0.829536 0.213405
v -0.246484 1.084067 0.113838
v -0.301879 0.957552 0.139424
v -0.323203 0.836567 0.150556
v -0.274916 1.084067 0.043242
v -0.336702 0.957552 0.052953
v -0.358385 0.841032 0.056453
v -0.153139 1.261411 -0.354476
v -0.241826 1.231755 -0.300148
v -0.299803 1.213426 -0.226323
v -0.331702 1.203151 -0.146407
v -0.344196 1.197346 -0.047898
v -0.103032 1.201729 0.295566
v -0.184598 1.215348 0.263838
v -0.240967 1.209128 0.216945
v -0.297631 1.205710 0.157943
v -0.335241 1.201728 0.063440
v -0.136508 1.293610 -0.296981
v -0.209928 1.267320 -0.254005
v -0.257925 1.249478 -0.194685
v -0.284333 1.237949 -0.130069
v -0.294675 1.229323 -0.050132
v -0.093156 1.224455 0.247999
v -0.154107 1.239111 0.221362
v -0.209283 1.235745 0.183457
v -0.256127 1.228589 0.125187
v -0.287262 1.225344 0.048171
v -0.111117 1.188798 -0.226197
v -0.182993 1.182037 -0.145867
v -0.197557 1.166718 -0.028899
v -0.081598 1.173243 0.143912
v -0.156673 1.165871 0.084997
v -0.078066 1.240076 -0.036162
v -0.043080 1.240076 -0.063905
v -0.088920 1.240076 -0.000006
v -0.078066 1.240076 0.036150
v -0.043080 1.240076 0.063892
v -0.075185 1.163295 0.305600
v -0.291844 1.160958 0.145205
v -0.159225 1.176267 0.282307
v -0.333960 1.150756 -0.076103
v -0.309292 1.155922 -0.174367
v -0.263503 1.165364 -0.249024
v -0.099814 1.201081 -0.359312
v -0.232626 1.171809 0.217874
v -0.329803 1.152720 0.046840
v -0.193888 1.180057 -0.314140
v -0.102270 0.537167 -0.318552
v 0.000035 0.539967 -0.329337
v 0.102340 0.537163 -0.318552
v 0.385428 0.507855 -0.064701
v 0.385429 0.507907 0.057858
v -0.198001 0.529869 -0.286795
v -0.385358 0.507856 -0.064701
v -0.346184 0.512620 -0.167279
v -0.280898 0.520858 -0.235843
v -0.385359 0.507908 0.057858
v -0.346188 0.512546 0.160575
v -0.280897 0.520388 0.229144
v -0.197965 0.532886 0.280047
v -0.102185 0.555688 0.304286
v 0.000035 0.575788 0.305564
v 0.102255 0.555676 0.304286
v 0.198035 0.532875 0.280047
v 0.346257 0.512544 0.160575
v 0.280967 0.520382 0.229144
v 0.346254 0.512619 -0.167279
v 0.280968 0.520852 -0.235843
v 0.198071 0.529863 -0.286796
v 0.038050 1.049325 0.248634
v 0.149231 1.080420 0.215999
v -0.000005 1.068885 0.245391
v -0.038055 1.049325 0.248634
v -0.149241 1.080419 0.215999
v -0.111716 0.479138 -0.344991
v -0.106258 0.491478 -0.328543
v 0.000031 0.495195 -0.339741
v 0.000030 0.483043 -0.356768
v 0.106319 0.491473 -0.328544
v 0.111776 0.479133 -0.344991
v 0.420257 0.444266 -0.069394
v 0.399878 0.458251 -0.066237
v 0.399883 0.458262 0.060655
v 0.420263 0.444272 0.063932
v -0.216198 0.470204 -0.310336
v -0.205654 0.482973 -0.295585
v -0.420196 0.444267 -0.069394
v -0.399817 0.458253 -0.066237
v -0.359033 0.463736 -0.172050
v -0.377350 0.450018 -0.180537
v -0.306536 0.459465 -0.254821
v -0.291614 0.472744 -0.242771
v -0.420203 0.444274 0.063932
v -0.399822 0.458264 0.060655
v -0.377373 0.449641 0.175238
v -0.359051 0.463392 0.166623
v -0.306571 0.458748 0.249543
v -0.291640 0.472090 0.237359
v -0.216349 0.473144 0.305227
v -0.205776 0.485813 0.290311
v -0.111935 0.498933 0.332987
v -0.106438 0.510352 0.316298
v 0.000029 0.523246 0.338589
v 0.000030 0.533364 0.320840
v 0.111995 0.498920 0.332988
v 0.106499 0.510339 0.316299
v 0.216409 0.473133 0.305227
v 0.205837 0.485802 0.290311
v 0.359112 0.463390 0.166623
v 0.377433 0.449638 0.175238
v 0.306632 0.458742 0.249543
v 0.291701 0.472085 0.237359
v 0.377410 0.450016 -0.180537
v 0.359095 0.463735 -0.172050
v 0.306597 0.459460 -0.254821
v 0.291675 0.472738 -0.242771
v 0.205715 0.482966 -0.295585
v 0.216258 0.470197 -0.310336
v 0.000037 0.734541 -0.310104
v 0.099170 0.735804 -0.299663
v 0.190852 0.739893 -0.269052
v 0.266623 0.744658 -0.220357
v 0.321309 0.757355 -0.156895
v 0.321314 0.757350 0.149522
v 0.266627 0.744657 0.212983
v 0.190853 0.739893 0.261679
v 0.099170 0.735800 0.292290
v -0.099097 0.735800 0.292290
v -0.190779 0.739892 0.261679
v -0.266553 0.744656 0.212983
v -0.321241 0.757348 0.149522
v -0.321235 0.757352 -0.156895
v -0.266550 0.744657 -0.220357
v -0.190778 0.739892 -0.269052
v -0.099097 0.735803 -0.299663
v 0.351425 0.769438 -0.061449
v 0.351425 0.769438 0.053993
v -0.351352 0.769435 0.053993
v -0.351352 0.769435 -0.061449
v -0.092946 0.613650 -0.284303
v -0.182593 0.616233 -0.255514
v -0.264384 0.620404 -0.209490
v 0.000036 0.725671 -0.326903
v 0.101348 0.726455 -0.316218
v 0.195823 0.731159 -0.284754
v 0.275356 0.736468 -0.234255
v 0.334544 0.750540 -0.166217
v 0.334562 0.750538 0.158830
v 0.101352 0.726452 0.308853
v 0.000037 0.725671 0.319539
v -0.101279 0.726452 0.308854
v -0.195758 0.731158 0.277387
v -0.275296 0.736465 0.226883
v -0.334490 0.750536 0.158830
v -0.334471 0.750538 -0.166217
v -0.275282 0.736467 -0.234255
v -0.195750 0.731159 -0.284754
v -0.101275 0.726455 -0.316218
v 0.367097 0.764455 -0.064360
v 0.367102 0.764456 0.056891
v -0.367029 0.764453 0.056891
v -0.367025 0.764452 -0.064360
v -0.100244 0.622706 -0.313326
v 0.000037 0.621387 -0.323897
v 0.100318 0.622708 -0.313326
v 0.391873 0.662725 -0.063878
v 0.391870 0.662742 0.056687
v -0.195922 0.626563 -0.282189
v -0.391801 0.662722 -0.063878
v -0.351730 0.647179 -0.164732
v -0.283098 0.632114 -0.232193
v -0.391798 0.662739 0.056687
v -0.351880 0.647478 0.157731
v -0.283331 0.632317 0.225195
v -0.196080 0.626660 0.275191
v -0.100245 0.622953 0.306328
v 0.000037 0.621496 0.316900
v 0.100318 0.622955 0.306328
v 0.351953 0.647480 0.157731
v 0.351803 0.647181 -0.164732
v 0.283173 0.632116 -0.232193
v 0.195997 0.626563 -0.282189
v 0.000037 0.734541 0.303857
v -0.328132 0.632974 -0.148387
v -0.365134 0.645363 -0.056891
v -0.365133 0.645371 0.053291
v -0.328123 0.632996 0.144880
v -0.264373 0.620444 0.205985
v -0.182587 0.616283 0.252008
v -0.092947 0.613698 0.280798
v 0.000016 0.611406 0.286778
v 0.092978 0.613698 0.280798
v 0.182619 0.616282 0.252008
v 0.264405 0.620441 0.205985
v 0.328156 0.632990 0.144880
v 0.365166 0.645364 0.053291
v 0.365167 0.645356 -0.056891
v 0.328165 0.632969 -0.148387
v 0.264416 0.620401 -0.209490
v 0.182624 0.616232 -0.255514
v 0.092978 0.613650 -0.284303
v 0.000016 0.611352 -0.294099
v -0.340649 0.581212 0.260468
v -0.340698 0.592396 0.283987
v -0.338654 0.639459 0.277690
v -0.321715 0.581212 0.228772
v -0.316820 0.641819 0.231697
v -0.348775 0.655350 0.255614
v -0.355368 0.654276 0.285071
v -0.351487 0.725205 0.253993
v -0.325751 0.725205 0.226361
v -0.250619 0.754448 0.271244
v -0.295100 0.627890 0.345703
v -0.285691 0.616995 0.329953
v -0.295100 0.721670 0.345703
v -0.250619 0.551975 0.271244
v -0.269553 0.551975 0.302939
v -0.283668 0.564513 0.326567
v -0.314129 0.754448 0.276311
v -0.339675 0.724512 0.319075
v -0.295195 0.754448 0.244615
v -0.339675 0.644624 0.319075
v -0.242213 0.573835 0.254602
v -0.353155 0.728840 0.284073
v -0.198457 0.581212 0.345410
v -0.219144 0.592396 0.356601
v -0.214568 0.639459 0.351816
v -0.179523 0.581212 0.313715
v -0.184419 0.641819 0.310790
v -0.190332 0.655350 0.350264
v -0.213144 0.654276 0.370032
v -0.187620 0.725205 0.351884
v -0.175488 0.725205 0.316126
v -0.224978 0.754448 0.329567
v -0.250524 0.724512 0.372332
v -0.206044 0.754448 0.297872
v -0.250524 0.644624 0.372331
v -0.213315 0.728840 0.367611
v -0.279674 0.653042 0.359324
v -0.279674 0.678567 0.359324
v -0.298583 0.689249 0.351534
v -0.314406 0.678567 0.338576
v -0.314406 0.653042 0.338576
v -0.298583 0.641921 0.351534
v -0.306642 0.665739 0.365024
v -0.303613 0.644906 0.359954
v -0.300852 0.641194 0.355333
v -0.282822 0.652564 0.366081
v -0.288425 0.654635 0.369027
v -0.282822 0.679051 0.366081
v -0.288425 0.676958 0.369027
v -0.300852 0.689967 0.355332
v -0.303613 0.686302 0.359954
v -0.318863 0.679050 0.344551
v -0.318801 0.676958 0.350882
v -0.318863 0.652564 0.344552
v -0.318801 0.654635 0.350881
v 0.038049 1.001919 0.261082
v 0.038464 0.821625 0.301832
v -0.038054 1.001919 0.261083
v -0.038450 0.821625 0.301832
v 0.084522 1.073243 0.241207
v -0.084514 1.073243 0.241207
v 0.084522 0.953247 0.272470
v -0.084514 0.953247 0.272470
v -0.000005 0.952047 0.277633
v -0.000005 0.918392 0.316045
v -0.000006 0.879998 0.316710
v 0.031172 0.896570 0.312311
v 0.031171 0.934593 0.302217
v -0.000006 0.950509 0.297992
v -0.031184 0.934593 0.302217
v -0.031185 0.896570 0.312311
v -0.000005 1.034064 0.283660
v -0.000006 0.995671 0.284325
v 0.031172 1.012242 0.279926
v 0.031171 1.050265 0.269832
v -0.000006 1.066181 0.265607
v -0.031184 1.050265 0.269832
v -0.031185 1.012242 0.279926
v 0.038458 0.773468 0.305809
v -0.038444 0.773468 0.305809
v 0.000001 0.840289 0.302781
v -0.093701 0.827827 0.287309
v 0.093745 0.827825 0.287301
v 0.000004 0.754650 0.309001
v -0.000005 0.800722 0.334301
v -0.000006 0.762731 0.328715
v 0.031172 0.779797 0.327069
v 0.031171 0.818955 0.323292
v -0.000006 0.835347 0.321711
v -0.031184 0.818955 0.323292
v -0.031185 0.779797 0.327069
v 0.066711 0.707728 0.324939
v 0.081278 0.711992 0.334357
v 0.071856 0.721518 0.334677
v 0.065588 0.638380 0.324031
v 0.070447 0.623680 0.333303
v 0.080061 0.633181 0.333281
v 0.101281 0.747062 0.245650
v 0.099460 0.604867 0.243557
v -0.064691 0.708843 0.327310
v -0.069030 0.722728 0.337222
v -0.078624 0.713357 0.337244
v -0.065847 0.639495 0.326407
v -0.079878 0.634546 0.336172
v -0.070439 0.624890 0.335848
v -0.103010 0.748825 0.249340
v -0.104840 0.606630 0.247248
v 0.097272 0.749132 0.324920
v 0.084281 0.737448 0.334416
v 0.097426 0.724115 0.333958
v 0.108699 0.737511 0.324515
v 0.095955 0.620745 0.332503
v 0.082574 0.607564 0.332523
v 0.095352 0.596427 0.322657
v 0.106983 0.607855 0.322646
v -0.096400 0.598074 0.326121
v -0.082880 0.608985 0.335512
v -0.096018 0.622405 0.335971
v -0.107821 0.609712 0.326527
v -0.094480 0.750778 0.328384
v -0.106117 0.739369 0.328395
v -0.094560 0.725774 0.337427
v -0.081173 0.738868 0.337405
v 0.063838 0.710294 0.245719
v 0.062706 0.642266 0.244828
v -0.067385 0.643370 0.247177
v -0.066267 0.711398 0.248069
v 0.001010 0.708833 0.338180
v 0.001396 0.750504 0.338707
v 0.001554 0.738706 0.347966
v 0.001413 0.722671 0.348005
v -0.000864 0.748491 0.259550
v -0.001215 0.711394 0.258949
v -0.000129 0.639486 0.337274
v -0.000524 0.597799 0.336444
v -0.000153 0.608823 0.346072
v 0.000004 0.624833 0.346631
v -0.002690 0.606297 0.257457
v -0.002340 0.643366 0.258058
v -0.006977 0.691053 0.312574
v 0.002430 0.687223 0.313871
v -0.006977 0.653753 0.315462
v 0.002430 0.657737 0.316154
v -0.001636 0.687182 0.335819
v -0.009463 0.688956 0.336249
v -0.009463 0.659470 0.338533
v -0.001636 0.661157 0.337834
v -0.084298 0.690420 0.304398
v -0.084298 0.653120 0.307286
v -0.086784 0.688323 0.328073
v -0.086784 0.658837 0.330357
v -0.087114 0.673821 0.332323
v 0.006327 0.672512 0.315425
v -0.009794 0.674454 0.340499
v -0.000056 0.674290 0.338386
vn 0.4899 -0.4671 0.7361
vn 0.6983 -0.2330 0.6768
vn 0.6864 -0.2497 0.6830
vn -0.1459 -0.9885 -0.0391
vn -0.1458 -0.9891 0.0203
vn -0.0017 -0.9981 -0.0617
vn -0.0593 -0.9932 0.1000
vn -0.1126 -0.9909 0.0737
vn -0.2213 0.9724 0.0739
vn -0.0384 0.9976 0.0575
vn -0.0784 0.9955 0.0533
vn -0.2211 0.9661 0.1330
vn -0.1878 0.9643 0.1864
vn -0.1348 0.9677 0.2130
vn 0.6814 0.2066 0.7021
vn 0.4559 0.4157 0.7870
vn 0.6683 0.2215 0.7102
vn -0.8185 -0.0540 -0.5719
vn -0.8354 -0.0847 -0.5431
vn -0.7145 -0.0484 -0.6979
vn -0.7082 -0.0135 -0.7058
vn 0.0384 -0.9976 -0.0575
vn -0.5597 -0.0012 -0.8287
vn -0.5525 0.0855 -0.8291
vn -0.6071 0.0461 -0.7933
vn -0.6121 0.0002 -0.7908
vn 0.8484 0.0629 -0.5256
vn -0.8484 -0.0629 0.5256
vn -0.8439 0.0783 -0.5307
vn -0.8249 0.0525 -0.5628
vn -0.7134 0.0601 -0.6982
vn -0.7094 0.0956 -0.6983
vn -0.7845 0.0074 -0.6201
vn -0.7824 0.0076 -0.6228
vn -0.2074 0.8618 0.4629
vn -0.2898 0.8536 0.4328
vn -0.4975 0.7996 0.3364
vn 0.0393 -0.0560 0.9977
vn 0.2624 -0.0455 0.9639
vn 0.7385 -0.4780 -0.4755
vn 0.6977 0.5845 -0.4143
vn -0.4571 -0.4158 -0.7862
vn -0.3160 -0.1954 -0.9284
vn -0.3047 -0.1787 -0.9356
vn 0.0244 -0.9995 -0.0198
vn 0.2963 -0.0436 0.9541
vn 0.5280 -0.0286 0.8488
vn -0.0524 0.9941 0.0952
vn -0.3216 0.2610 -0.9102
vn -0.3341 0.2758 -0.9013
vn -0.4911 0.4670 -0.7353
vn 0.0270 -0.0565 0.9980
vn 0.2875 -0.0441 0.9568
vn 0.2874 -0.0441 0.9568
vn 0.2876 -0.0441 0.9567
vn -0.9006 -0.0595 0.4305
vn -0.4980 0.7991 0.3367
vn -0.2076 0.8614 0.4636
vn -0.2901 0.8532 0.4334
vn -0.2236 -0.9160 0.3332
vn 0.1453 -0.9226 0.3573
vn 0.1439 -0.9225 0.3582
vn -0.1401 -0.9214 0.3624
vn -0.2218 -0.9172 0.3310
vn -0.1388 -0.9224 0.3604
vn -0.4334 -0.8686 0.2403
vn 0.2362 -0.9260 0.2944
vn 0.0748 0.8832 0.4630
vn 0.1672 0.8997 0.4032
vn 0.0762 0.8835 0.4622
vn 0.9911 0.0453 -0.1249
vn 0.0744 0.8837 0.4621
vn 0.1663 0.9011 0.4004
vn 0.0757 0.8841 0.4612
vn 0.1438 -0.9227 0.3577
vn 0.1452 -0.9228 0.3568
vn 0.2366 -0.9257 0.2951
vn 0.9919 0.0450 -0.1185
vn 0.4721 -0.0326 0.8809
vn -0.4370 -0.8661 0.2426
vn 0.0216 -0.9266 -0.3755
vn 0.0210 -0.9267 -0.3752
vn -0.0000 -0.9310 -0.3650
vn 0.3893 -0.7927 -0.4692
vn 0.4110 -0.7788 -0.4739
vn 0.4924 -0.8210 -0.2888
vn 0.4406 -0.8616 -0.2520
vn 0.5375 -0.8377 -0.0965
vn 0.4516 -0.8890 -0.0753
vn -0.4516 -0.8890 -0.0753
vn -0.5375 -0.8377 -0.0965
vn -0.4924 -0.8211 -0.2888
vn -0.4406 -0.8616 -0.2519
vn 0.4516 -0.8890 0.0753
vn 0.5375 -0.8377 0.0965
vn -0.4516 -0.8890 0.0753
vn -0.5375 -0.8377 0.0965
vn -0.4109 -0.7789 -0.4738
vn -0.3892 -0.7927 -0.4692
vn -0.3043 -0.7340 -0.6072
vn -0.2328 -0.8059 -0.5443
vn -0.1630 -0.6956 -0.6997
vn -0.1109 -0.8139 -0.5703
vn -0.0000 -0.6803 -0.7330
vn -0.0000 -0.8152 -0.5792
vn 0.1109 -0.8139 -0.5703
vn 0.1630 -0.6956 -0.6997
vn 0.3043 -0.7339 -0.6072
vn 0.2328 -0.8059 -0.5443
vn 0.2603 -0.9642 0.0513
vn 0.2603 -0.9642 -0.0513
vn 0.0762 -0.9952 0.0618
vn 0.0762 -0.9952 -0.0618
vn -0.0000 -0.9971 0.0760
vn -0.0000 -0.9971 -0.0760
vn -0.0762 -0.9952 0.0618
vn -0.0762 -0.9952 -0.0618
vn -0.2603 -0.9642 0.0513
vn -0.2603 -0.9642 -0.0513
vn 0.2514 -0.9296 -0.2696
vn 0.0680 -0.9588 -0.2757
vn -0.0000 -0.9628 -0.2702
vn -0.0680 -0.9588 -0.2757
vn -0.2514 -0.9296 -0.2696
vn 0.3893 -0.7927 0.4692
vn 0.4406 -0.8616 0.2520
vn 0.4924 -0.8210 0.2888
vn 0.4110 -0.7788 0.4739
vn -0.4406 -0.8616 0.2519
vn -0.4924 -0.8211 0.2888
vn -0.3892 -0.7927 0.4692
vn -0.4109 -0.7789 0.4738
vn -0.2328 -0.8059 0.5443
vn -0.3043 -0.7340 0.6072
vn -0.0840 -0.7902 0.6071
vn -0.1129 -0.6445 0.7562
vn -0.0000 -0.7668 0.6418
vn -0.0000 -0.5612 0.8277
vn 0.0840 -0.7902 0.6071
vn 0.2328 -0.8059 0.5443
vn 0.3043 -0.7339 0.6072
vn 0.1129 -0.6445 0.7563
vn 0.2514 -0.9296 0.2696
vn 0.0680 -0.9588 0.2757
vn -0.0000 -0.9628 0.2702
vn -0.0680 -0.9588 0.2757
vn -0.2514 -0.9296 0.2696
vn 0.5625 -0.5213 -0.6417
vn 0.5798 -0.5174 -0.6294
vn 0.7471 -0.5028 -0.4348
vn 0.7364 -0.5033 -0.4521
vn -0.7377 -0.4993 0.4545
vn -0.7493 -0.4989 0.4355
vn -0.8565 -0.4942 0.1491
vn -0.8554 -0.4943 0.1548
vn 0.3969 -0.5807 -0.7108
vn 0.4216 -0.5690 -0.7060
vn 0.7377 -0.4993 0.4545
vn 0.7492 -0.4989 0.4355
vn 0.5752 -0.5048 0.6437
vn 0.5577 -0.5066 0.6576
vn 0.8556 -0.4955 -0.1498
vn 0.8549 -0.4956 -0.1536
vn 0.3970 -0.5253 0.7526
vn 0.3795 -0.5279 0.7598
vn 0.2920 -0.6619 -0.6904
vn 0.3001 -0.6457 -0.7022
vn 0.8554 -0.4943 0.1548
vn 0.8565 -0.4942 0.1491
vn -0.2920 -0.6619 -0.6904
vn -0.3001 -0.6457 -0.7022
vn -0.0000 -0.7238 -0.6900
vn 0.9584 0.2236 0.1774
vn 0.8185 0.2410 0.5215
vn 0.6899 0.6116 0.3874
vn 0.7795 0.6126 0.1304
vn 0.5951 0.2908 -0.7492
vn 0.8277 0.2116 -0.5197
vn 0.8168 0.2419 -0.5238
vn 0.6049 0.2685 -0.7496
vn 0.4093 0.2986 -0.8622
vn 0.5533 0.5850 -0.5930
vn 0.3924 0.5725 -0.7199
vn 0.6940 0.6072 -0.3870
vn 0.6098 0.2678 0.7459
vn 0.5569 0.5958 0.5786
vn 0.4067 0.2992 0.8632
vn 0.4197 0.6024 0.6789
vn 0.1911 0.3384 0.9214
vn 0.2528 0.6081 0.7525
vn -0.0000 0.3663 0.9305
vn -0.0000 0.5969 0.8023
vn -0.5995 0.2704 0.7533
vn -0.8288 0.1980 0.5234
vn -0.8185 0.2409 0.5215
vn -0.6098 0.2678 0.7459
vn -0.6898 0.6116 0.3873
vn -0.5569 0.5959 0.5786
vn -0.8168 0.2418 -0.5238
vn -0.6049 0.2685 -0.7497
vn -0.5533 0.5850 -0.5930
vn -0.6939 0.6072 -0.3869
vn 0.9711 0.1619 -0.1755
vn 0.9578 0.2239 -0.1802
vn -0.2070 0.3205 -0.9244
vn -0.0000 0.3288 -0.9444
vn -0.0000 0.5610 -0.8278
vn -0.2054 0.5644 -0.7995
vn 0.7808 0.6114 -0.1289
vn -0.9584 0.2235 0.1774
vn -0.9578 0.2238 -0.1802
vn -0.7807 0.6115 -0.1289
vn -0.7795 0.6127 0.1304
vn -0.4067 0.2992 0.8632
vn -0.4197 0.6025 0.6789
vn 0.9713 0.1578 0.1781
vn 0.2051 -0.5516 0.8085
vn 0.1938 -0.5532 0.8102
vn 0.2337 -0.8797 0.4142
vn 0.2364 -0.8793 0.4135
vn 0.0002 -0.9113 0.4117
vn -0.0001 -0.9113 0.4117
vn -0.0310 -0.9053 0.4236
vn -0.0418 -0.9043 0.4248
vn 0.1430 -0.9170 0.3724
vn 0.1525 -0.9176 0.3671
vn 0.0310 -0.9053 0.4237
vn 0.0416 -0.9043 0.4249
vn 0.3206 -0.9438 0.0802
vn 0.3199 -0.9435 0.0864
vn 0.3139 -0.9461 -0.0797
vn 0.3131 -0.9460 -0.0839
vn -0.0216 -0.9266 -0.3755
vn -0.0211 -0.9267 -0.3753
vn -0.0779 -0.9219 -0.3796
vn -0.0796 -0.9218 -0.3793
vn -0.2336 -0.8796 0.4144
vn -0.2364 -0.8792 0.4137
vn 0.2500 -0.9381 -0.2398
vn 0.2504 -0.9381 -0.2392
vn 0.2635 -0.9309 0.2530
vn 0.2688 -0.9319 0.2435
vn 0.1570 -0.9254 -0.3449
vn 0.1595 -0.9256 -0.3433
vn -0.2691 -0.9318 0.2437
vn -0.2638 -0.9308 0.2531
vn -0.1432 -0.9169 0.3726
vn -0.1526 -0.9175 0.3674
vn -0.2506 -0.9380 -0.2394
vn -0.2503 -0.9380 -0.2400
vn -0.3143 -0.9460 -0.0797
vn -0.3134 -0.9459 -0.0840
vn -0.3203 -0.9434 0.0864
vn -0.3210 -0.9437 0.0802
vn -0.1596 -0.9255 -0.3435
vn -0.1572 -0.9253 -0.3451
vn 0.0778 -0.9219 -0.3795
vn 0.0795 -0.9219 -0.3792
vn 0.3930 0.3662 -0.8434
vn -0.3955 0.3442 0.8515
vn -0.9713 0.1575 0.1781
vn -0.9711 0.1616 -0.1755
vn 0.8287 0.1982 0.5234
vn -0.1911 0.3384 0.9214
vn -0.2528 0.6081 0.7525
vn 0.1960 0.4138 -0.8890
vn 0.2070 0.3205 -0.9244
vn -0.3931 0.3661 -0.8435
vn -0.1960 0.4137 -0.8890
vn -0.4093 0.2986 -0.8622
vn 0.1798 0.3974 0.8998
vn -0.0000 0.4174 0.9087
vn -0.1799 0.3974 0.8999
vn -0.3924 0.5725 -0.7199
vn -0.0000 0.4303 -0.9027
vn 0.5994 0.2706 0.7533
vn 0.3955 0.3444 0.8515
vn -0.5577 -0.5066 0.6576
vn -0.5752 -0.5048 0.6437
vn -0.1938 -0.5532 0.8102
vn -0.2051 -0.5516 0.8085
vn -0.3970 -0.5253 0.7526
vn -0.3795 -0.5279 0.7598
vn -0.8549 -0.4955 -0.1536
vn -0.8556 -0.4955 -0.1498
vn -0.7471 -0.5027 -0.4348
vn -0.7364 -0.5033 -0.4521
vn -0.5798 -0.5174 -0.6294
vn -0.5625 -0.5213 -0.6417
vn -0.3969 -0.5807 -0.7108
vn -0.4216 -0.5690 -0.7060
vn -0.0000 -0.5657 0.8246
vn -0.5951 0.2906 -0.7492
vn -0.8278 0.2114 -0.5197
vn 0.2054 0.5644 -0.7995
vn -0.0000 0.2811 -0.9597
vn -0.0000 0.3750 -0.9270
vn 0.1924 0.3788 -0.9052
vn 0.2027 0.2841 -0.9371
vn -0.0000 0.1248 -0.9922
vn 0.2096 0.1258 -0.9697
vn 0.4130 0.0216 0.9105
vn 0.6429 -0.0042 0.7659
vn 0.6384 0.0916 0.7642
vn 0.4124 0.0934 0.9062
vn 0.4038 0.2931 -0.8666
vn 0.4222 0.1257 -0.8977
vn 0.8515 -0.0026 -0.5243
vn 0.6367 0.0424 -0.7699
vn 0.6357 0.1210 -0.7624
vn 0.8520 0.0974 -0.5144
vn 0.3834 0.3902 -0.8371
vn 0.5676 0.4075 -0.7154
vn 0.5999 0.3052 -0.7395
vn 0.9823 -0.0680 -0.1743
vn 0.9830 0.0619 -0.1728
vn -0.8515 -0.0035 -0.5243
vn -0.9823 -0.0691 -0.1743
vn -0.9831 0.0613 -0.1727
vn -0.8521 0.0969 -0.5144
vn 0.7541 0.4305 -0.4959
vn 0.8007 0.3150 -0.5096
vn 0.9323 0.3155 -0.1768
vn 0.2479 0.0109 0.9687
vn 0.2635 0.1045 0.9590
vn 0.8798 0.4429 -0.1724
vn -0.0000 0.0622 -0.9981
vn -0.2081 0.0622 -0.9761
vn -0.2096 0.1257 -0.9697
vn 0.9327 0.3138 0.1780
vn 0.9830 0.0554 0.1749
vn 0.8798 0.4429 0.1724
vn 0.1989 -0.1596 0.9669
vn -0.0262 -0.0894 0.9956
vn -0.0000 -0.5384 0.8427
vn -0.1884 0.2168 0.9578
vn -0.4325 0.2373 0.8698
vn -0.4124 0.0932 0.9062
vn -0.2635 0.1044 0.9590
vn -0.9827 -0.0814 0.1662
vn -0.9831 0.0548 0.1748
vn 0.8563 -0.0364 0.5151
vn 0.8530 0.0777 0.5161
vn -0.1989 -0.1596 0.9669
vn -0.0000 -0.2998 0.9540
vn 0.4707 -0.5483 0.6912
vn 0.4453 -0.2193 0.8681
vn 0.6223 0.2861 0.7286
vn 0.4326 0.2373 0.8698
vn 0.9828 -0.0803 0.1662
vn -0.8563 -0.0372 0.5151
vn -0.8531 0.0773 0.5160
vn 0.8016 0.3103 0.5111
vn 0.7541 0.4305 0.4959
vn 0.6196 0.3811 0.6862
vn -0.3914 0.6955 0.6026
vn -0.0164 0.5795 0.8148
vn -0.1721 0.8478 0.5017
vn -0.4027 0.7432 0.5344
vn -0.4557 0.3012 0.8376
vn -0.6196 0.3811 0.6862
vn -0.6223 0.2861 0.7286
vn 0.8754 -0.4673 -0.1239
vn 0.8894 -0.4200 0.1806
vn 0.7631 -0.6208 0.1798
vn 0.7237 -0.6845 -0.0875
vn 0.7710 -0.4097 0.4875
vn 0.6503 -0.3550 0.6716
vn 0.5844 -0.5611 0.5863
vn 0.6735 -0.5892 0.4463
vn 0.3881 -0.5452 -0.7431
vn 0.5881 -0.5679 -0.5759
vn 0.3959 -0.7928 -0.4635
vn 0.2347 -0.7934 -0.5616
vn 0.7591 -0.5302 -0.3776
vn 0.5726 -0.7575 -0.3137
vn 0.9448 -0.2123 0.2495
vn 0.8116 -0.2240 0.5396
vn 0.1941 -0.4416 -0.8760
vn 0.3296 -0.1634 -0.9299
vn 0.5821 -0.2836 -0.7621
vn 0.6879 -0.1603 0.7079
vn 0.7888 -0.2901 -0.5419
vn 0.9274 -0.2399 -0.2869
vn 0.9795 -0.2000 -0.0250
vn 0.5631 -0.0290 0.8259
vn 0.1158 -0.7788 -0.6164
vn 0.4465 0.8910 0.0820
vn 0.5274 0.8494 0.0163
vn 0.5314 0.8470 0.0141
vn 0.4498 0.8896 0.0786
vn 0.5744 0.8164 -0.0597
vn 0.5661 0.8074 -0.1666
vn 0.5660 0.8074 -0.1667
vn 0.5137 0.8153 -0.2673
vn 0.5117 0.8157 -0.2697
vn 0.3902 0.9007 0.1913
vn 0.3917 0.9014 0.1843
vn 0.3301 0.8700 -0.3662
vn 0.3193 0.8726 -0.3696
vn 0.3506 0.8913 0.2874
vn 0.3492 0.8913 0.2893
vn -0.0000 0.9095 -0.4156
vn 0.1761 0.9026 0.3928
vn 0.1622 0.9027 0.3986
vn -0.3119 0.8446 -0.4353
vn -0.4103 0.8656 -0.2869
vn -0.3853 0.8647 -0.3221
vn -0.0000 0.5361 0.8441
vn -0.0000 0.4998 0.8661
vn -0.2603 0.6424 0.7208
vn -0.3124 0.8489 -0.4263
vn -0.3841 0.8398 -0.3836
vn -0.4428 0.8230 -0.3558
vn -0.4897 0.8135 -0.3138
vn -0.5213 0.8485 0.0908
vn -0.4974 0.8356 0.2332
vn -0.4719 0.8099 0.3485
vn -0.4589 0.8783 -0.1340
vn -0.5017 0.8650 0.0053
vn -0.4212 0.7902 0.4452
vn -0.3459 0.7008 0.6239
vn -0.1301 0.5764 0.8068
vn 0.3149 0.9352 -0.1619
vn 0.3999 0.9087 -0.1199
vn 0.2238 0.9498 -0.2185
vn 0.5477 0.8318 0.0903
vn 0.5761 0.8100 0.1094
vn -0.1561 0.7533 0.6389
vn -0.0000 0.6373 0.7706
vn -0.0000 0.7363 0.6766
vn -0.0000 1.0000 -0.0000
vn 0.0792 0.9956 -0.0510
vn 0.0462 0.9945 -0.0943
vn 0.0903 0.9959 -0.0000
vn -0.0000 0.9939 -0.1101
vn 0.1561 0.7533 0.6389
vn 0.5249 0.7834 0.3327
vn 0.5152 0.7886 0.3357
vn 0.0462 0.9945 0.0943
vn 0.0792 0.9956 0.0510
vn -0.0000 0.9939 0.1101
vn 0.1347 0.9659 -0.2211
vn -0.0000 0.9733 -0.2295
vn -0.0000 0.9787 -0.2053
vn -0.0000 -0.7766 -0.6300
vn -0.0000 -0.0289 -0.9996
vn -0.2027 0.2841 -0.9371
vn -0.1924 0.3788 -0.9052
vn -0.0000 0.1494 0.9888
vn 0.2057 0.1223 0.9709
vn 0.1690 0.1537 0.9736
vn -0.4223 0.1255 -0.8977
vn -0.4038 0.2931 -0.8666
vn -0.4222 0.0582 -0.9046
vn -0.3835 0.3902 -0.8371
vn -0.5999 0.3052 -0.7395
vn -0.5676 0.4075 -0.7154
vn -0.6358 0.1206 -0.7624
vn -0.6367 0.0418 -0.7699
vn -0.8007 0.3150 -0.5096
vn -0.7541 0.4305 -0.4959
vn -0.9323 0.3155 -0.1768
vn 0.2082 0.0624 -0.9761
vn -0.8798 0.4429 -0.1724
vn -0.9327 0.3138 0.1780
vn -0.8798 0.4429 0.1724
vn 0.1923 -0.0542 0.9798
vn -0.6385 0.0913 0.7642
vn -0.6429 -0.0048 0.7659
vn -0.4130 0.0212 0.9105
vn -0.7541 0.4305 0.4959
vn -0.8016 0.3103 0.5111
vn 0.3914 0.6955 0.6026
vn 0.4027 0.7432 0.5344
vn 0.1721 0.8478 0.5017
vn 0.0164 0.5795 0.8148
vn -0.8754 -0.4673 -0.1239
vn -0.7237 -0.6845 -0.0875
vn -0.7631 -0.6208 0.1798
vn -0.8894 -0.4200 0.1806
vn -0.7710 -0.4097 0.4875
vn -0.6735 -0.5892 0.4463
vn -0.5844 -0.5611 0.5863
vn -0.6504 -0.3550 0.6716
vn -0.3881 -0.5452 -0.7431
vn -0.2347 -0.7934 -0.5616
vn -0.3959 -0.7928 -0.4635
vn -0.5881 -0.5679 -0.5759
vn -0.5726 -0.7575 -0.3137
vn -0.7591 -0.5302 -0.3776
vn -0.8116 -0.2239 0.5396
vn -0.9448 -0.2122 0.2495
vn -0.5821 -0.2836 -0.7621
vn -0.3296 -0.1634 -0.9299
vn -0.1941 -0.4416 -0.8760
vn -0.6879 -0.1603 0.7079
vn -0.9274 -0.2398 -0.2869
vn -0.7888 -0.2901 -0.5419
vn -0.9795 -0.1999 -0.0250
vn 0.0262 -0.0894 0.9956
vn -0.4453 -0.2193 0.8681
vn -0.5631 -0.0290 0.8259
vn -0.1158 -0.7788 -0.6164
vn -0.4465 0.8910 0.0820
vn -0.4499 0.8896 0.0786
vn -0.5314 0.8470 0.0141
vn -0.5275 0.8494 0.0163
vn -0.5744 0.8164 -0.0597
vn -0.5660 0.8073 -0.1667
vn -0.5661 0.8073 -0.1666
vn -0.5118 0.8157 -0.2697
vn -0.5137 0.8153 -0.2673
vn -0.3902 0.9007 0.1913
vn -0.3917 0.9014 0.1843
vn -0.3193 0.8726 -0.3696
vn -0.3301 0.8700 -0.3663
vn -0.3506 0.8913 0.2874
vn -0.3492 0.8913 0.2893
vn -0.1761 0.9026 0.3928
vn -0.1622 0.9027 0.3986
vn 0.3119 0.8446 -0.4353
vn 0.3853 0.8647 -0.3221
vn 0.4103 0.8656 -0.2869
vn 0.2603 0.6424 0.7208
vn 0.3124 0.8489 -0.4263
vn 0.3841 0.8398 -0.3836
vn 0.4428 0.8230 -0.3558
vn 0.4897 0.8135 -0.3138
vn 0.4551 0.8422 -0.2892
vn 0.5213 0.8485 0.0908
vn 0.4719 0.8099 0.3485
vn 0.4974 0.8356 0.2332
vn 0.4589 0.8783 -0.1340
vn 0.5017 0.8650 0.0053
vn 0.4212 0.7902 0.4452
vn 0.3459 0.7008 0.6239
vn 0.1301 0.5764 0.8068
vn -0.3149 0.9352 -0.1619
vn -0.1346 0.9659 -0.2211
vn -0.2238 0.9498 -0.2185
vn -0.5477 0.8318 0.0903
vn -0.3999 0.9087 -0.1199
vn -0.5761 0.8100 0.1094
vn -0.0462 0.9945 -0.0943
vn -0.0792 0.9956 -0.0509
vn -0.0903 0.9959 -0.0000
vn -0.5152 0.7886 0.3357
vn -0.5249 0.7834 0.3327
vn -0.0792 0.9956 0.0509
vn -0.0462 0.9945 0.0943
vn 0.4223 0.0586 -0.9046
vn -0.0000 0.0326 -0.9995
vn -0.2180 0.0348 -0.9753
vn -0.2076 0.0346 -0.9776
vn 0.2076 0.0346 -0.9776
vn 0.2180 0.0348 -0.9753
vn 0.9800 0.0798 0.1820
vn 0.9807 0.0798 0.1784
vn 0.9815 0.0753 -0.1759
vn 0.9798 0.0752 -0.1856
vn -0.4334 0.0414 -0.9003
vn -0.4165 0.0407 -0.9082
vn -0.8382 0.0646 -0.5415
vn -0.8520 0.0656 -0.5193
vn -0.9815 0.0755 -0.1759
vn -0.9797 0.0753 -0.1856
vn -0.6406 0.0518 -0.7661
vn -0.6227 0.0508 -0.7808
vn -0.9807 0.0800 0.1784
vn -0.9800 0.0800 0.1820
vn -0.8503 0.0786 0.5205
vn -0.8397 0.0783 0.5374
vn -0.6429 0.0707 0.7626
vn -0.6251 0.0699 0.7774
vn -0.4242 0.0622 0.9034
vn -0.3870 0.0609 0.9201
vn -0.1830 0.0485 0.9819
vn -0.1422 0.0447 0.9888
vn -0.0000 0.0357 0.9994
vn 0.1830 0.0484 0.9819
vn 0.1422 0.0446 0.9888
vn 0.4241 0.0621 0.9035
vn 0.3870 0.0609 0.9201
vn 0.8397 0.0781 0.5375
vn 0.8503 0.0784 0.5205
vn 0.6429 0.0706 0.7627
vn 0.6251 0.0698 0.7774
vn 0.8520 0.0654 -0.5194
vn 0.8382 0.0645 -0.5415
vn 0.6406 0.0517 -0.7662
vn 0.6228 0.0506 -0.7808
vn 0.4165 0.0406 -0.9082
vn 0.4333 0.0413 -0.9003
vn -0.4707 -0.5484 0.6912
vn 0.4557 0.3012 0.8376
vn 0.1885 0.2168 0.9578
vn -0.0000 0.8140 -0.5809
vn -0.1739 0.8146 -0.5534
vn 0.1740 0.8145 -0.5534
vn 0.5551 0.8277 0.0822
vn 0.5556 0.8275 -0.0809
vn -0.3165 0.8174 -0.4813
vn -0.5071 0.8271 -0.2423
vn -0.5556 0.8275 -0.0809
vn -0.4233 0.8219 -0.3813
vn -0.5551 0.8277 0.0822
vn -0.5057 0.8272 0.2448
vn -0.4307 0.8222 0.3721
vn -0.3643 0.8222 0.4374
vn -0.2767 0.8342 0.4770
vn -0.0000 0.8626 0.5059
vn 0.2767 0.8342 0.4770
vn 0.3643 0.8222 0.4375
vn 0.5057 0.8272 0.2448
vn 0.4307 0.8222 0.3722
vn 0.5071 0.8271 -0.2423
vn 0.4233 0.8218 -0.3814
vn 0.3165 0.8174 -0.4813
vn 0.1640 0.8842 0.4374
vn 0.0816 0.8749 0.4774
vn 0.0778 0.8746 0.4786
vn 0.1555 0.8832 0.4425
vn -0.2982 0.9487 -0.1050
vn -0.2589 0.9217 -0.2888
vn -0.2521 0.9187 -0.3041
vn -0.2978 0.9481 -0.1116
vn -0.0796 0.8782 -0.4717
vn -0.0000 0.8787 -0.4773
vn -0.0756 0.8782 -0.4723
vn 0.1641 0.8841 -0.4376
vn 0.2137 0.8952 -0.3912
vn 0.2120 0.8936 -0.3956
vn 0.1556 0.8831 -0.4426
vn -0.2982 0.9487 0.1050
vn -0.2978 0.9481 0.1115
vn 0.0796 0.8782 -0.4717
vn 0.0756 0.8782 -0.4723
vn -0.1640 0.8842 0.4374
vn -0.2137 0.8952 0.3910
vn -0.2120 0.8937 0.3955
vn -0.1555 0.8832 0.4425
vn -0.1641 0.8841 -0.4376
vn -0.1556 0.8831 -0.4426
vn -0.2137 0.8952 -0.3911
vn -0.2120 0.8936 -0.3956
vn 0.2137 0.8952 0.3911
vn 0.2120 0.8937 0.3955
vn -0.2588 0.9218 0.2887
vn -0.2521 0.9187 0.3039
vn -0.0929 -0.9423 0.3217
vn -0.0882 -0.9427 0.3218
vn -0.0000 -0.9464 0.3230
vn 0.4153 -0.0131 -0.9096
vn 0.2086 -0.0276 -0.9776
vn 0.2126 -0.0276 -0.9767
vn 0.4202 -0.0124 -0.9074
vn 0.8313 0.1307 -0.5403
vn 0.6202 0.0373 -0.7836
vn 0.6247 0.0390 -0.7799
vn 0.8375 0.1341 -0.5297
vn 0.7169 0.0787 0.6927
vn 0.8310 0.1337 0.5399
vn 0.8375 0.1372 0.5289
vn 0.2084 -0.0241 0.9778
vn 0.3133 -0.0226 0.9494
vn 0.2125 -0.0240 0.9769
vn -0.0000 -0.0254 0.9997
vn -0.2084 -0.0241 0.9778
vn -0.2125 -0.0240 0.9769
vn -0.3133 -0.0226 0.9494
vn -0.8310 0.1337 0.5399
vn -0.7169 0.0786 0.6927
vn -0.8375 0.1372 0.5289
vn -0.6202 0.0373 -0.7836
vn -0.8313 0.1307 -0.5403
vn -0.8375 0.1341 -0.5297
vn -0.6247 0.0390 -0.7799
vn -0.4153 -0.0131 -0.9096
vn -0.4202 -0.0124 -0.9074
vn -0.2086 -0.0276 -0.9776
vn -0.2126 -0.0276 -0.9767
vn 0.9595 0.2147 0.1825
vn 0.9596 0.2137 -0.1830
vn 0.9604 0.2145 -0.1779
vn 0.9603 0.2155 0.1770
vn -0.9595 0.2147 0.1825
vn -0.9603 0.2155 0.1770
vn -0.9596 0.2137 -0.1830
vn -0.9604 0.2145 -0.1779
vn 0.2589 0.9217 -0.2888
vn 0.2522 0.9187 -0.3041
vn 0.2982 0.9487 -0.1051
vn 0.2982 0.9487 0.1050
vn 0.2978 0.9481 0.1115
vn 0.2978 0.9481 -0.1117
vn 0.2588 0.9218 0.2887
vn 0.2522 0.9187 0.3039
vn -0.0816 0.8749 0.4774
vn -0.0778 0.8746 0.4786
vn -0.0000 0.8720 0.4896
vn 0.0881 -0.9427 0.3217
vn 0.0929 -0.9423 0.3216
vn 0.1789 -0.9320 0.3152
vn 0.1862 -0.9309 0.3143
vn -0.0885 -0.9518 -0.2936
vn -0.0864 -0.9519 -0.2941
vn -0.1675 -0.9445 -0.2825
vn -0.1708 -0.9440 -0.2823
vn 0.5249 -0.8503 -0.0390
vn 0.5254 -0.8500 -0.0380
vn 0.4401 -0.8874 -0.1372
vn 0.4443 -0.8859 -0.1334
vn 0.3215 -0.9117 0.2560
vn 0.3042 -0.9146 0.2662
vn 0.4496 -0.8800 0.1530
vn 0.4612 -0.8761 0.1404
vn -0.2920 -0.9259 -0.2396
vn -0.3004 -0.9244 -0.2352
vn 0.5288 -0.8477 0.0433
vn 0.5307 -0.8467 0.0385
vn 0.2918 -0.9260 -0.2394
vn 0.3003 -0.9245 -0.2350
vn 0.0885 -0.9518 -0.2935
vn 0.0864 -0.9519 -0.2940
vn -0.0000 -0.9530 -0.3031
vn -0.1862 -0.9308 0.3145
vn -0.1790 -0.9319 0.3154
vn -0.4614 -0.8759 0.1407
vn -0.4498 -0.8799 0.1532
vn -0.3044 -0.9145 0.2664
vn -0.3216 -0.9115 0.2562
vn -0.4445 -0.8858 -0.1336
vn -0.4404 -0.8872 -0.1373
vn -0.5258 -0.8498 -0.0381
vn -0.5252 -0.8501 -0.0391
vn -0.5291 -0.8474 0.0433
vn -0.5310 -0.8465 0.0386
vn 0.1674 -0.9446 -0.2824
vn 0.1708 -0.9440 -0.2822
vn 0.8202 -0.0467 0.5702
vn 0.3544 0.0050 0.9351
vn 0.3295 0.0061 0.9442
vn 0.8432 -0.0515 0.5352
vn -0.1014 0.8959 -0.4324
vn -0.4146 0.3323 -0.8472
vn -0.5182 0.8149 -0.2597
vn -0.3299 0.9425 0.0536
vn -0.8709 -0.0515 -0.4887
vn -0.8908 -0.0467 -0.4519
vn -0.2980 -0.0014 -0.9546
vn -0.5126 -0.8502 0.1196
vn -0.6123 -0.7865 -0.0802
vn -0.2342 -0.8896 0.3921
vn -0.5549 -0.7747 -0.3032
vn -0.6061 -0.7508 -0.2625
vn -0.6549 0.0563 0.7536
vn -0.5114 -0.0749 0.8561
vn -0.5128 -0.0062 0.8585
vn -0.9990 0.0405 -0.0213
vn -0.9351 0.1296 -0.3298
vn -0.9367 0.0971 -0.3363
vn -0.2858 -0.9430 -0.1707
vn -0.0000 -1.0000 -0.0000
vn -0.1304 -0.9671 0.2182
vn -0.4071 -0.9132 0.0182
vn -0.2631 -0.8584 0.4404
vn -0.5278 -0.8118 0.2499
vn -0.7877 0.0419 0.6146
vn -0.9914 0.0050 0.1311
vn -0.9875 0.0061 0.1574
vn -0.7647 -0.0412 0.6431
vn -0.6689 0.1271 0.7324
vn 0.1092 0.9425 0.3159
vn -0.2725 0.8472 0.4561
vn -0.4955 -0.2578 0.8295
vn -0.6153 -0.1457 0.7747
vn -0.5346 0.8407 0.0859
vn -0.8825 0.1329 -0.4511
vn -0.6719 -0.7397 -0.0365
vn 0.1362 -0.2491 -0.9588
vn 0.0643 -0.0680 -0.9956
vn 0.1129 0.5626 -0.8190
vn 0.4504 -0.4358 -0.7792
vn -0.8547 0.0937 -0.5106
vn -0.3245 0.8550 0.4047
vn -0.2619 -0.8598 0.4384
vn 0.4368 0.8833 -0.1703
vn 0.4742 0.8149 0.3332
vn 0.9409 0.3374 -0.0313
vn 0.9810 -0.0117 -0.1939
vn 0.1377 -0.8502 0.5081
vn 0.3609 -0.7865 0.5012
vn 0.5300 -0.7747 0.3449
vn 0.5185 -0.7508 0.4093
vn -0.3531 0.0563 0.9339
vn 0.4923 0.0405 0.8695
vn 0.7402 0.0971 0.6654
vn 0.7337 0.1296 0.6671
vn 0.2858 -0.9430 0.1707
vn 0.1769 -0.9132 0.3671
vn 0.0301 -0.8118 0.5832
vn -0.1678 0.0419 0.9849
vn -0.2038 -0.0412 0.9781
vn -0.3279 0.1271 0.9361
vn -0.4306 0.0451 0.9014
vn 0.1777 0.8407 0.5114
vn 0.8155 0.1329 0.5633
vn 0.3506 -0.7397 0.5743
vn 0.7863 -0.2573 -0.5618
vn 0.8226 -0.1027 -0.5593
vn 0.7300 0.4708 -0.4955
vn 0.8547 0.0937 0.5106
vn -0.2025 0.8550 0.4775
vn -0.5897 0.0451 0.8064
vn -0.5096 0.1124 0.8530
vn -0.3905 -0.1457 0.9090
vn 0.4636 -0.8752 0.1381
vn 0.3051 -0.8645 0.3994
vn 0.3024 -0.8637 0.4032
vn -0.5128 0.0007 0.8585
vn -0.8652 0.3299 0.3775
vn -0.8678 -0.3249 0.3760
vn 0.0777 0.3299 0.9408
vn -0.3930 0.6425 0.6579
vn -0.3938 -0.6406 0.6592
vn -0.3288 0.8830 -0.3349
vn -0.4831 0.8725 -0.0731
vn -0.4860 0.8714 -0.0672
vn -0.8015 -0.0000 -0.5979
vn -0.9406 -0.0000 -0.3395
vn -0.9405 -0.0000 -0.3398
vn 0.0803 -0.3249 0.9423
vn -0.3413 -0.8752 -0.3428
vn -0.4984 -0.8637 -0.0751
vn -0.4963 -0.8645 -0.0794
vn 0.4507 0.8830 0.1308
vn 0.2895 0.8713 0.3961
vn 0.2933 0.8725 0.3907
vn 0.9064 -0.0000 0.4224
vn 0.7450 -0.0000 0.6671
vn 0.7448 -0.0000 0.6673
vn 0.1933 0.9390 -0.2845
vn 0.3951 -0.6478 -0.6514
vn -0.0568 0.2545 0.9654
vn -0.0379 0.2614 0.9645
vn -0.1690 0.1537 0.9736
vn -0.0000 0.2755 0.9613
vn 0.0568 0.2545 0.9654
vn 0.0379 0.2614 0.9645
vn 0.0302 0.2425 0.9697
vn -0.0302 0.2425 0.9697
vn -0.2480 0.0107 0.9687
vn 0.0001 -0.2066 0.9784
vn -0.1924 -0.0544 0.9798
vn 0.9497 0.0765 0.3037
vn -0.0000 0.2613 0.9653
vn -0.2086 0.3709 0.9049
vn -0.2063 0.1288 0.9700
vn 0.2086 0.3709 0.9049
vn -0.0000 0.4900 0.8717
vn -0.0000 0.0173 0.9998
vn -0.9499 0.0763 0.3031
vn -0.4427 -0.7497 0.4919
vn 0.2063 0.1288 0.9700
vn -0.4341 0.8967 0.0861
vn 0.4340 0.8968 0.0863
vn 0.4426 -0.7496 0.4921
vn 0.9494 0.0801 0.3036
vn -0.9495 0.0800 0.3033
vn -0.4394 -0.7304 0.5230
vn -0.4437 0.8892 0.1115
vn 0.4436 0.8892 0.1116
vn 0.4394 -0.7303 0.5231
vn -0.2057 0.1223 0.9709
vn -0.0003 -0.2478 0.9688
vn 0.9468 0.0284 0.3206
vn -0.0000 0.1009 0.9949
vn -0.2086 0.2189 0.9532
vn -0.2063 -0.0306 0.9780
vn 0.2086 0.2189 0.9532
vn -0.0000 0.3417 0.9398
vn -0.0000 -0.1455 0.9894
vn -0.9471 0.0283 0.3196
vn -0.4463 -0.8166 0.3661
vn 0.2063 -0.0306 0.9780
vn -0.4346 0.8676 0.2416
vn 0.4345 0.8675 0.2420
vn 0.4462 -0.8164 0.3666
vn 0.2532 0.7990 0.5454
vn -0.2532 0.7990 0.5454
vn -0.4551 0.8422 -0.2892
vn -0.0103 -0.9942 -0.1074
vn -0.0290 -0.9939 -0.1068
vn -0.0106 -0.9942 -0.1074
vn 0.0081 0.9996 -0.0255
vn 0.0057 0.9997 -0.0255
vn 0.9954 -0.0116 -0.0946
vn 0.9997 -0.0163 -0.0203
vn -0.0091 -0.9994 -0.0320
vn 0.0053 -0.9995 -0.0324
vn -0.0089 -0.9994 -0.0320
vn -0.9992 0.0135 -0.0379
vn 0.0196 0.2960 0.9550
vn 0.0039 0.2021 0.9794
vn -0.1391 -0.3402 0.9300
vn 0.0144 -0.3065 0.9518
vn 0.0094 0.9988 0.0486
vn 0.0266 0.9985 0.0481
vn 0.0092 0.9988 0.0486
vn 0.2072 0.0601 0.9765
vn 0.2084 -0.0946 0.9735
vn -0.3239 0.0789 0.9428
vn -0.3268 -0.1010 0.9397
vn 0.0140 -0.3305 0.9437
vn 0.0244 -0.2402 0.9704
vn 0.1764 0.2979 0.9382
vn 0.0195 0.2677 0.9633
vn -0.1715 -0.0887 0.9812
vn -0.1700 0.0641 0.9834
vn 0.3614 -0.1096 0.9259
vn 0.3639 0.0708 0.9288
vn -0.2664 -0.3448 0.9001
vn -0.2528 0.3175 0.9140
vn 0.0341 0.2010 0.9790
vn 0.2959 -0.3531 0.8876
vn 0.0055 -0.2408 0.9706
vn 0.2964 0.3081 0.9040
vn 0.2862 0.4079 0.8670
vn 0.4675 0.2107 0.8585
vn 0.1671 -0.3437 0.9241
vn 0.2806 -0.4485 0.8486
vn 0.4689 -0.2482 0.8477
vn -0.2569 -0.4409 0.8600
vn -0.4386 -0.2364 0.8670
vn -0.2471 0.4100 0.8780
vn -0.4296 0.2178 0.8763
vn -0.1368 0.2997 0.9442
vn 0.7132 0.7007 0.0178
vn 0.7003 -0.7128 -0.0397
vn -0.6989 0.7129 0.0578
vn -0.7137 -0.7004 0.0004
vn 0.0189 0.5774 0.8162
vn 0.0080 -0.6228 0.7823
vn 0.0084 -0.5946 0.8039
vn 0.0187 0.5555 0.8313
vn -0.9992 0.0159 0.0369
vn -0.0233 -0.9992 -0.0316
vn 0.0106 0.9996 -0.0256
vn -0.0081 0.9988 0.0491
vn 0.0081 -0.9941 -0.1079
vn 0.9518 0.2206 0.2129
vn 0.9722 0.0181 0.2335
vn 0.9518 -0.1852 0.2444
vn 0.0291 0.0772 0.9966
vn 0.0233 -0.1156 0.9930
vn 0.1654 -0.0953 0.9816
vn 0.1679 0.0761 0.9829
vn 0.1380 -0.9611 0.2392
vn 0.1420 -0.9605 0.2391
vn 0.3040 -0.9237 0.2331
vn -0.0173 0.9961 0.0864
vn 0.1380 0.9865 0.0884
vn 0.1420 0.9859 0.0884
vn 0.0233 0.2671 0.9634
vn -0.1032 0.2819 0.9539
vn -0.1055 0.0768 0.9915
vn -0.0173 -0.9709 0.2387
vn -0.1032 -0.1317 0.9859
vn 0.1654 0.2452 0.9553
vn 0.3040 0.9486 0.0881
vt 0.286686 0.266860
vt 0.286686 0.269409
vt 0.286686 0.271793
vt 0.286686 0.287127
vt 0.291067 0.287127
vt 0.286686 0.476749
vt 0.291067 0.476749
vt 0.056155 0.457956
vt 0.056155 0.379831
vt 0.064321 0.379831
vt 0.064321 0.457956
vt 0.286686 0.427380
vt 0.286686 0.422447
vt 0.286686 0.424832
vt 0.291067 0.416540
vt 0.291067 0.439607
vt 0.064321 0.285816
vt 0.056155 0.285816
vt 0.286686 0.298302
vt 0.286686 0.395939
vt 0.286686 0.393390
vt 0.286686 0.300850
vt 0.291067 0.325411
vt 0.291067 0.370404
vt 0.291067 0.393472
vt 0.286686 0.324269
vt 0.286686 0.439607
vt 0.287322 0.392372
vt 0.287322 0.371504
vt 0.291067 0.324269
vt 0.291067 0.347337
vt 0.416478 0.928170
vt 0.418187 0.936208
vt 0.435429 0.928170
vt 0.416478 0.896920
vt 0.416478 0.823048
vt 0.409402 0.823048
vt 0.409402 0.896920
vt 0.416385 0.823391
vt 0.409309 0.823391
vt 0.409309 0.897263
vt 0.416385 0.897263
vt 0.435429 0.896920
vt 0.442507 0.823048
vt 0.435429 0.823048
vt 0.287322 0.434107
vt 0.287322 0.413240
vt 0.287322 0.350637
vt 0.287322 0.329769
vt 0.286686 0.272454
vt 0.286686 0.421787
vt 0.435336 0.897263
vt 0.435336 0.823391
vt 0.435336 0.928513
vt 0.416385 0.928513
vt 0.418094 0.936564
vt 0.418094 0.784020
vt 0.411523 0.784114
vt 0.409309 0.792141
vt 0.416385 0.792141
vt 0.418187 0.783771
vt 0.416478 0.791798
vt 0.433721 0.783771
vt 0.408173 0.792141
vt 0.409402 0.928170
vt 0.408266 0.928170
vt 0.411615 0.936384
vt 0.411615 0.936208
vt 0.411523 0.905302
vt 0.408173 0.897263
vt 0.408173 0.823391
vt 0.411523 0.815364
vt 0.409309 0.928513
vt 0.408173 0.928513
vt 0.411523 0.936552
vt 0.411523 0.936575
vt 0.409402 0.791798
vt 0.411615 0.783747
vt 0.408266 0.791798
vt 0.411615 0.814997
vt 0.411615 0.905134
vt 0.408266 0.896920
vt 0.408266 0.823048
vt 0.064321 0.426706
vt 0.056155 0.426706
vt 0.056155 0.317066
vt 0.064321 0.317066
vt 0.442414 0.823391
vt 0.433628 0.784020
vt 0.566698 0.878645
vt 0.565499 0.872947
vt 0.554200 0.874688
vt 0.554204 0.879925
vt 0.949600 0.547858
vt 0.955106 0.576136
vt 0.960928 0.576136
vt 0.954185 0.547858
vt 0.964441 0.576136
vt 0.957068 0.547858
vt 0.901334 0.547858
vt 0.893958 0.576136
vt 0.897471 0.576136
vt 0.904215 0.547858
vt 0.903293 0.576136
vt 0.908799 0.547858
vt 0.910880 0.576136
vt 0.914774 0.547858
vt 0.919717 0.576136
vt 0.921732 0.547858
vt 0.929200 0.576136
vt 0.929200 0.547858
vt 0.936667 0.547858
vt 0.938683 0.576136
vt 0.947518 0.576136
vt 0.943626 0.547858
vt 0.948363 0.544732
vt 0.939348 0.543052
vt 0.929200 0.543052
vt 0.919053 0.543052
vt 0.910039 0.544732
vt 0.946166 0.544732
vt 0.938122 0.544732
vt 0.929200 0.544732
vt 0.920280 0.544732
vt 0.912236 0.544732
vt 0.929200 0.578973
vt 0.028293 0.586188
vt 0.023330 0.576591
vt 0.016391 0.575699
vt 0.022471 0.586188
vt 0.085928 0.586188
vt 0.092008 0.575699
vt 0.096194 0.575226
vt 0.089441 0.586188
vt 0.035880 0.586188
vt 0.032371 0.578363
vt 0.023330 0.576583
vt 0.012206 0.575226
vt 0.018958 0.586188
vt 0.032371 0.577649
vt 0.044717 0.586188
vt 0.042901 0.581348
vt 0.063683 0.586188
vt 0.065499 0.581348
vt 0.054200 0.585366
vt 0.054200 0.588755
vt 0.096561 0.590534
vt 0.092257 0.590995
vt 0.093669 0.586108
vt 0.098151 0.585598
vt 0.083263 0.601719
vt 0.090268 0.602968
vt 0.092257 0.591002
vt 0.085081 0.591822
vt 0.075970 0.592717
vt 0.086258 0.587037
vt 0.076811 0.588055
vt 0.093667 0.586143
vt 0.085081 0.591775
vt 0.086260 0.586973
vt 0.075966 0.593017
vt 0.076824 0.588337
vt 0.065440 0.595284
vt 0.065904 0.590776
vt 0.054204 0.597283
vt 0.054204 0.593065
vt 0.025143 0.601724
vt 0.018138 0.602970
vt 0.016154 0.590995
vt 0.023330 0.591776
vt 0.014739 0.586108
vt 0.022148 0.586973
vt 0.016154 0.591002
vt 0.023330 0.591822
vt 0.022151 0.587038
vt 0.014741 0.586143
vt 0.094333 0.604200
vt 0.096561 0.590529
vt 0.042961 0.593444
vt 0.054204 0.593721
vt 0.054204 0.589270
vt 0.042522 0.588901
vt 0.098148 0.585597
vt 0.011849 0.590534
vt 0.011849 0.590529
vt 0.010260 0.585597
vt 0.010258 0.585598
vt 0.032443 0.593018
vt 0.031586 0.588338
vt 0.094333 0.604201
vt 0.042901 0.578594
vt 0.541708 0.886895
vt 0.542901 0.882229
vt 0.554200 0.895769
vt 0.554204 0.900970
vt 0.578367 0.877105
vt 0.576028 0.872175
vt 0.585070 0.866198
vt 0.588437 0.871752
vt 0.530040 0.877109
vt 0.532371 0.872171
vt 0.601029 0.866718
vt 0.596194 0.861598
vt 0.541708 0.878645
vt 0.542901 0.872947
vt 0.532371 0.869763
vt 0.530040 0.875588
vt 0.566698 0.886895
vt 0.565499 0.882229
vt 0.592008 0.863192
vt 0.596281 0.868719
vt 0.596281 0.868665
vt 0.585070 0.866171
vt 0.588437 0.871923
vt 0.512125 0.868665
vt 0.516391 0.863192
vt 0.523330 0.866198
vt 0.519969 0.871752
vt 0.512125 0.868719
vt 0.512206 0.861598
vt 0.507379 0.866718
vt 0.507377 0.866718
vt 0.519969 0.871923
vt 0.523330 0.866171
vt 0.576028 0.869763
vt 0.578367 0.875584
vt 0.074273 0.601305
vt 0.034133 0.601309
vt 0.014071 0.604202
vt 0.014071 0.604201
vt 0.090266 0.602970
vt 0.042970 0.595285
vt 0.042504 0.590778
vt 0.064420 0.601047
vt 0.065447 0.593444
vt 0.034133 0.601305
vt 0.043984 0.601047
vt 0.032441 0.592717
vt 0.064420 0.601053
vt 0.054202 0.600825
vt 0.043984 0.601053
vt 0.031600 0.588055
vt 0.054202 0.600819
vt 0.083260 0.601723
vt 0.074271 0.601309
vt 0.080106 0.586188
vt 0.085070 0.576583
vt 0.065499 0.578594
vt 0.076028 0.577649
vt 0.072518 0.586188
vt 0.085070 0.576591
vt 0.076028 0.578365
vt 0.054200 0.586188
vt 0.054200 0.579110
vt 0.025143 0.601719
vt 0.018138 0.602969
vt 0.065886 0.588901
vt 0.054200 0.635239
vt 0.054200 0.628382
vt 0.062297 0.628382
vt 0.064115 0.635239
vt 0.054200 0.621854
vt 0.064990 0.621854
vt 0.075176 0.613598
vt 0.083505 0.614073
vt 0.083464 0.622512
vt 0.075031 0.621918
vt 0.073354 0.635239
vt 0.089515 0.615335
vt 0.083464 0.622509
vt 0.089721 0.623208
vt 0.069841 0.628382
vt 0.076320 0.628382
vt 0.081288 0.635239
vt 0.092824 0.616536
vt 0.093586 0.623655
vt 0.018896 0.615335
vt 0.015584 0.616536
vt 0.014813 0.623655
vt 0.018680 0.623208
vt 0.081288 0.628382
vt 0.087377 0.635239
vt 0.091206 0.635239
vt 0.065099 0.613192
vt 0.064505 0.622341
vt 0.084415 0.628382
vt 0.054204 0.613067
vt 0.043309 0.613192
vt 0.043410 0.621854
vt 0.063490 0.646742
vt 0.062463 0.655696
vt 0.054200 0.637721
vt 0.044912 0.634811
vt 0.035046 0.635239
vt 0.033369 0.621918
vt 0.043901 0.622341
vt 0.089721 0.623211
vt 0.044912 0.646742
vt 0.054200 0.646308
vt 0.054200 0.655389
vt 0.070603 0.647456
vt 0.071699 0.656985
vt 0.018893 0.615334
vt 0.018680 0.623210
vt 0.054200 0.678563
vt 0.065523 0.684057
vt 0.064436 0.686316
vt 0.054200 0.680884
vt 0.037799 0.636785
vt 0.032082 0.628382
vt 0.027112 0.635239
vt 0.090903 0.654448
vt 0.090446 0.654644
vt 0.084415 0.647817
vt 0.086274 0.655462
vt 0.079768 0.656542
vt 0.076320 0.647817
vt 0.081288 0.647817
vt 0.075508 0.657361
vt 0.083160 0.655901
vt 0.069841 0.647817
vt 0.088192 0.654961
vt 0.091046 0.654257
vt 0.086910 0.654653
vt 0.065169 0.659451
vt 0.071031 0.660190
vt 0.080777 0.657243
vt 0.080682 0.654992
vt 0.087150 0.655419
vt 0.090656 0.654399
vt 0.092028 0.653822
vt 0.065523 0.648736
vt 0.074488 0.655611
vt 0.062297 0.647817
vt 0.091046 0.684057
vt 0.092028 0.683622
vt 0.086587 0.686801
vt 0.085771 0.686405
vt 0.090656 0.684198
vt 0.087150 0.685219
vt 0.082545 0.688805
vt 0.085449 0.687658
vt 0.080777 0.687043
vt 0.077273 0.690578
vt 0.086910 0.684453
vt 0.082350 0.686728
vt 0.071031 0.689990
vt 0.069202 0.693192
vt 0.080682 0.684792
vt 0.077201 0.687440
vt 0.054200 0.692130
vt 0.054200 0.694701
vt 0.074488 0.685410
vt 0.071137 0.687775
vt 0.077201 0.662898
vt 0.082350 0.662187
vt 0.071419 0.655951
vt 0.054200 0.670160
vt 0.054200 0.659586
vt 0.066411 0.658230
vt 0.071137 0.663233
vt 0.063167 0.656683
vt 0.064436 0.661775
vt 0.054200 0.656343
vt 0.086587 0.662260
vt 0.085449 0.663117
vt 0.074311 0.657559
vt 0.085771 0.661864
vt 0.075912 0.656035
vt 0.082545 0.664264
vt 0.077273 0.666037
vt 0.069202 0.668651
vt 0.937779 0.678011
vt 0.949311 0.671633
vt 0.941411 0.672375
vt 0.938972 0.678011
vt 0.950912 0.669948
vt 0.920232 0.670665
vt 0.929200 0.666423
vt 0.929200 0.678011
vt 0.929200 0.716006
vt 0.937779 0.715120
vt 0.933934 0.715120
vt 0.938972 0.715120
vt 0.929200 0.715120
vt 0.938167 0.670665
vt 0.946419 0.669855
vt 0.933934 0.678011
vt 0.929200 0.673873
vt 0.054200 0.659591
vt 0.054200 0.647817
vt 0.054200 0.662330
vt 0.044286 0.635239
vt 0.046105 0.628382
vt 0.054200 0.626465
vt 0.054200 0.623581
vt 0.058428 0.621726
vt 0.058426 0.628150
vt 0.033232 0.613598
vt 0.038559 0.628382
vt 0.024935 0.622509
vt 0.024906 0.614073
vt 0.021023 0.635239
vt 0.027112 0.628382
vt 0.017194 0.635239
vt 0.023984 0.628382
vt 0.058428 0.616938
vt 0.024935 0.622512
vt 0.043964 0.686316
vt 0.042879 0.684057
vt 0.017497 0.654448
vt 0.023984 0.647817
vt 0.017954 0.654644
vt 0.022126 0.655462
vt 0.027112 0.647817
vt 0.032082 0.647817
vt 0.028634 0.656542
vt 0.032891 0.657361
vt 0.038559 0.647817
vt 0.025240 0.655901
vt 0.020207 0.654961
vt 0.021489 0.654653
vt 0.017358 0.654257
vt 0.027623 0.657243
vt 0.037370 0.660190
vt 0.043230 0.659451
vt 0.027717 0.654992
vt 0.017745 0.654399
vt 0.021249 0.655419
vt 0.016371 0.653822
vt 0.042879 0.660883
vt 0.045939 0.655696
vt 0.036700 0.656985
vt 0.042879 0.654257
vt 0.033911 0.655611
vt 0.046105 0.647817
vt 0.017358 0.684057
vt 0.022630 0.686405
vt 0.021814 0.686801
vt 0.016371 0.683622
vt 0.017745 0.684198
vt 0.022951 0.687658
vt 0.025854 0.688805
vt 0.021249 0.685219
vt 0.031129 0.690578
vt 0.027623 0.687043
vt 0.021489 0.684453
vt 0.026051 0.686728
vt 0.039197 0.693192
vt 0.037370 0.689990
vt 0.027717 0.684792
vt 0.031201 0.687440
vt 0.033911 0.685410
vt 0.037263 0.687775
vt 0.031201 0.662898
vt 0.036983 0.655951
vt 0.026051 0.662187
vt 0.041989 0.658230
vt 0.037263 0.663233
vt 0.045232 0.656683
vt 0.043964 0.661775
vt 0.054200 0.652846
vt 0.021814 0.662260
vt 0.034088 0.657559
vt 0.022951 0.663117
vt 0.022630 0.661864
vt 0.032488 0.656035
vt 0.025854 0.664264
vt 0.031129 0.666037
vt 0.039197 0.668651
vt 0.920620 0.678011
vt 0.924465 0.678011
vt 0.916989 0.672375
vt 0.919428 0.678011
vt 0.909088 0.671633
vt 0.907488 0.669948
vt 0.924465 0.715120
vt 0.920620 0.715120
vt 0.919428 0.715120
vt 0.911983 0.669855
vt 0.075174 0.613598
vt 0.554204 0.936103
vt 0.554204 0.911175
vt 0.541708 0.909895
vt 0.541924 0.934795
vt 0.566485 0.934795
vt 0.566698 0.909895
vt 0.600390 0.923113
vt 0.601029 0.897968
vt 0.530040 0.906838
vt 0.530441 0.931801
vt 0.512728 0.925041
vt 0.512125 0.899969
vt 0.507379 0.897968
vt 0.508018 0.923113
vt 0.519969 0.903173
vt 0.520510 0.928206
vt 0.507377 0.897968
vt 0.508018 0.923117
vt 0.512125 0.899915
vt 0.512726 0.924913
vt 0.519969 0.903002
vt 0.520505 0.927965
vt 0.530040 0.908359
vt 0.530423 0.932786
vt 0.541708 0.918145
vt 0.541899 0.941428
vt 0.554204 0.932220
vt 0.554204 0.949577
vt 0.566698 0.918145
vt 0.566510 0.941424
vt 0.578367 0.908355
vt 0.577986 0.932786
vt 0.595682 0.924913
vt 0.596281 0.899915
vt 0.588437 0.903002
vt 0.587901 0.927965
vt 0.596281 0.899969
vt 0.595680 0.925041
vt 0.588437 0.903173
vt 0.587899 0.928202
vt 0.577968 0.931801
vt 0.578367 0.906834
vt 0.037799 0.647456
vt 0.070603 0.636785
vt 0.063490 0.634811
vt 0.554204 0.967353
vt 0.541924 0.966045
vt 0.542522 0.970180
vt 0.554204 0.971425
vt 0.566485 0.966045
vt 0.565886 0.970180
vt 0.600390 0.954363
vt 0.598148 0.959049
vt 0.598151 0.959052
vt 0.530441 0.963051
vt 0.531600 0.967329
vt 0.512728 0.956291
vt 0.508018 0.954363
vt 0.510260 0.959049
vt 0.514741 0.960887
vt 0.520510 0.959456
vt 0.522151 0.963905
vt 0.508018 0.954367
vt 0.510258 0.959052
vt 0.512726 0.956163
vt 0.514739 0.960771
vt 0.520505 0.959215
vt 0.522148 0.963683
vt 0.530423 0.964036
vt 0.531586 0.968283
vt 0.541899 0.972678
vt 0.542504 0.976506
vt 0.554204 0.980827
vt 0.554204 0.984213
vt 0.566510 0.972674
vt 0.565904 0.976498
vt 0.577986 0.964036
vt 0.576824 0.968280
vt 0.595682 0.956163
vt 0.593669 0.960771
vt 0.587901 0.959215
vt 0.586260 0.963683
vt 0.595680 0.956291
vt 0.593667 0.960887
vt 0.587899 0.959452
vt 0.586258 0.963901
vt 0.577968 0.963051
vt 0.576811 0.967329
vt 0.687895 0.947971
vt 0.680155 0.947971
vt 0.680337 0.946850
vt 0.688283 0.946850
vt 0.641073 0.947971
vt 0.644051 0.947971
vt 0.643106 0.946850
vt 0.639913 0.946850
vt 0.663540 0.947971
vt 0.671847 0.947971
vt 0.671847 0.946850
vt 0.663357 0.946850
vt 0.694543 0.947971
vt 0.695164 0.946850
vt 0.688282 0.946850
vt 0.639912 0.946850
vt 0.655799 0.947971
vt 0.649152 0.947971
vt 0.648530 0.946850
vt 0.655412 0.946850
vt 0.655412 0.946850
vt 0.648530 0.946850
vt 0.695165 0.946850
vt 0.643104 0.946850
vt 0.663444 0.809695
vt 0.664056 0.808423
vt 0.671845 0.808425
vt 0.671847 0.809700
vt 0.688116 0.854274
vt 0.680250 0.854274
vt 0.680337 0.901728
vt 0.688282 0.901728
vt 0.700315 0.854274
vt 0.694934 0.854274
vt 0.695164 0.901728
vt 0.700588 0.901728
vt 0.700590 0.901728
vt 0.695165 0.901728
vt 0.688283 0.901728
vt 0.671847 0.854274
vt 0.671847 0.901728
vt 0.663444 0.854274
vt 0.663357 0.901728
vt 0.655577 0.854274
vt 0.655412 0.901728
vt 0.643379 0.854274
vt 0.648761 0.854274
vt 0.648530 0.901728
vt 0.643104 0.901728
vt 0.643106 0.901728
vt 0.648530 0.901728
vt 0.655412 0.901728
vt 0.663357 0.901728
vt 0.703581 0.854274
vt 0.703782 0.901728
vt 0.640113 0.854274
vt 0.639912 0.901728
vt 0.639913 0.901728
vt 0.699644 0.947971
vt 0.700588 0.946850
vt 0.702621 0.947971
vt 0.703782 0.946850
vt 0.700590 0.946850
vt 0.663357 0.946850
vt 0.679636 0.808423
vt 0.680250 0.809695
vt 0.686912 0.808416
vt 0.688116 0.809681
vt 0.663444 0.809681
vt 0.664056 0.808416
vt 0.656779 0.808410
vt 0.655577 0.809669
vt 0.703581 0.809637
vt 0.701043 0.808390
vt 0.698082 0.808392
vt 0.700315 0.809632
vt 0.694934 0.809660
vt 0.693191 0.808406
vt 0.698082 0.808396
vt 0.700315 0.809640
vt 0.650500 0.808400
vt 0.648761 0.809649
vt 0.701043 0.808391
vt 0.703581 0.809638
vt 0.693191 0.808400
vt 0.694934 0.809649
vt 0.680250 0.809681
vt 0.679636 0.808416
vt 0.671845 0.808419
vt 0.671847 0.809686
vt 0.655577 0.809681
vt 0.656779 0.808416
vt 0.643379 0.809640
vt 0.645609 0.808396
vt 0.650500 0.808406
vt 0.648761 0.809660
vt 0.643379 0.809632
vt 0.645609 0.808392
vt 0.642649 0.808390
vt 0.640113 0.809637
vt 0.642649 0.808391
vt 0.640113 0.809638
vt 0.686912 0.808410
vt 0.688116 0.809669
vt 0.714091 0.911991
vt 0.708648 0.912381
vt 0.709186 0.866241
vt 0.712860 0.866655
vt 0.656779 0.907718
vt 0.642935 0.904425
vt 0.639856 0.920626
vt 0.656779 0.945247
vt 0.641082 0.866655
vt 0.639856 0.911991
vt 0.642935 0.873175
vt 0.646983 0.853358
vt 0.656779 0.815611
vt 0.648865 0.813603
vt 0.676973 0.804866
vt 0.641082 0.819780
vt 0.649440 0.842174
vt 0.676973 0.831331
vt 0.676973 0.836116
vt 0.648865 0.844853
vt 0.644765 0.837823
vt 0.644765 0.840845
vt 0.676973 0.779579
vt 0.644765 0.790948
vt 0.676973 0.784456
vt 0.649440 0.795299
vt 0.656779 0.911916
vt 0.645298 0.912381
vt 0.644756 0.866241
vt 0.656779 0.862486
vt 0.697163 0.945247
vt 0.676973 0.920246
vt 0.676973 0.855976
vt 0.676973 0.861437
vt 0.669101 0.865760
vt 0.645298 0.921016
vt 0.644756 0.819366
vt 0.644765 0.845368
vt 0.650507 0.812650
vt 0.642935 0.895378
vt 0.656779 0.898671
vt 0.648968 0.898399
vt 0.642935 0.864128
vt 0.648968 0.867149
vt 0.650507 0.797025
vt 0.676973 0.787465
vt 0.644765 0.854415
vt 0.656779 0.920551
vt 0.676973 0.809101
vt 0.697163 0.907718
vt 0.714091 0.920626
vt 0.711007 0.904425
vt 0.706963 0.853358
vt 0.711007 0.873175
vt 0.697163 0.815611
vt 0.705077 0.813603
vt 0.712860 0.819780
vt 0.704506 0.842174
vt 0.709181 0.837823
vt 0.705077 0.844853
vt 0.709181 0.840845
vt 0.709181 0.790948
vt 0.704506 0.795299
vt 0.697163 0.911916
vt 0.697163 0.862486
vt 0.684840 0.875685
vt 0.708648 0.921016
vt 0.709186 0.819366
vt 0.709181 0.845368
vt 0.701572 0.832476
vt 0.711007 0.895378
vt 0.693335 0.907964
vt 0.697163 0.898671
vt 0.704974 0.867149
vt 0.703439 0.797025
vt 0.709181 0.854415
vt 0.697163 0.920551
vt 0.669101 0.875685
vt 0.676973 0.879841
vt 0.676973 0.911611
vt 0.684840 0.865760
vt 0.428520 0.796691
vt 0.466100 0.817850
vt 0.467508 0.853133
vt 0.428520 0.831484
vt 0.428520 0.932122
vt 0.395658 0.948702
vt 0.395658 0.889683
vt 0.461383 0.948702
vt 0.428520 0.966479
vt 0.428520 0.867537
vt 0.428520 0.922952
vt 0.390919 0.902613
vt 0.389533 0.903536
vt 0.428520 0.924319
vt 0.390919 0.817850
vt 0.389533 0.853133
vt 0.461383 0.889683
vt 0.466100 0.902613
vt 0.467508 0.903536
vt 0.428520 0.855606
vt 0.467508 0.877255
vt 0.461383 0.894507
vt 0.428520 0.879598
vt 0.467508 0.927657
vt 0.461383 0.953527
vt 0.428520 0.948441
vt 0.428520 0.971303
vt 0.389533 0.927657
vt 0.395658 0.953527
vt 0.389533 0.877255
vt 0.395658 0.894507
vt 0.676973 0.898671
vt 0.660612 0.907964
vt 0.676973 0.907718
vt 0.711007 0.864128
vt 0.652370 0.832476
vt 0.049974 0.632858
vt 0.050019 0.639651
vt 0.049974 0.628150
vt 0.054200 0.634691
vt 0.058428 0.632858
vt 0.058383 0.639651
vt 0.054200 0.637949
vt 0.058383 0.644364
vt 0.050019 0.644364
vt 0.049974 0.616938
vt 0.459661 0.933281
vt 0.459661 0.877354
vt 0.464131 0.804713
vt 0.464131 0.885035
vt 0.428520 0.947061
vt 0.397380 0.962772
vt 0.397380 0.906845
vt 0.459661 0.962772
vt 0.428520 0.979617
vt 0.428520 0.885859
vt 0.397380 0.877354
vt 0.397380 0.933281
vt 0.392889 0.885035
vt 0.392889 0.804713
vt 0.428520 0.863225
vt 0.428520 0.784662
vt 0.459661 0.906845
vt 0.428520 0.950127
vt 0.428520 0.904309
vt 0.049974 0.621726
vt 0.054202 0.615066
vt 0.433169 0.877417
vt 0.459426 0.877266
vt 0.458369 0.871041
vt 0.433726 0.871171
vt 0.433638 0.979878
vt 0.407382 0.980359
vt 0.409575 0.978578
vt 0.434218 0.978119
vt 0.461800 0.952158
vt 0.461360 0.896803
vt 0.459426 0.898143
vt 0.459895 0.958850
vt 0.417231 0.918934
vt 0.416934 0.889324
vt 0.416539 0.893602
vt 0.416827 0.922649
vt 0.434121 0.918571
vt 0.433549 0.922287
vt 0.407382 0.959481
vt 0.406911 0.898775
vt 0.406146 0.897468
vt 0.406583 0.952823
vt 0.433862 0.903266
vt 0.415755 0.903647
vt 0.412556 0.896860
vt 0.433821 0.896441
vt 0.433827 0.888961
vt 0.450721 0.888926
vt 0.449979 0.893208
vt 0.433259 0.893241
vt 0.413329 0.907763
vt 0.413651 0.941413
vt 0.409554 0.946714
vt 0.409179 0.902581
vt 0.434224 0.945038
vt 0.452330 0.944986
vt 0.455525 0.951803
vt 0.434260 0.951892
vt 0.454753 0.940925
vt 0.454440 0.907276
vt 0.458525 0.901986
vt 0.458903 0.946119
vt 0.451009 0.939414
vt 0.450721 0.909804
vt 0.451968 0.903214
vt 0.417231 0.939812
vt 0.416117 0.945419
vt 0.416934 0.910202
vt 0.458865 0.967550
vt 0.455525 0.962242
vt 0.458903 0.956558
vt 0.461800 0.962597
vt 0.458525 0.912425
vt 0.455085 0.906791
vt 0.458369 0.902357
vt 0.461360 0.907242
vt 0.409081 0.902946
vt 0.412556 0.907299
vt 0.409179 0.913020
vt 0.406146 0.907907
vt 0.409575 0.968139
vt 0.406583 0.963262
vt 0.409554 0.957153
vt 0.412995 0.962750
vt 0.459895 0.979727
vt 0.458865 0.977989
vt 0.461800 0.973036
vt 0.461360 0.875925
vt 0.406583 0.973701
vt 0.406911 0.877897
vt 0.409081 0.871630
vt 0.406146 0.876591
vt 0.434218 0.967680
vt 0.434260 0.962331
vt 0.433726 0.902487
vt 0.433821 0.906880
vt 0.434121 0.939448
vt 0.433827 0.909838
vt 0.455085 0.896352
vt 0.412995 0.952311
vt 0.451009 0.918536
vt 0.450270 0.922255
vt 0.432137 0.919833
vt 0.432544 0.914238
vt 0.434184 0.914238
vt 0.433183 0.920578
vt 0.432137 0.908643
vt 0.433183 0.907899
vt 0.430041 0.924677
vt 0.430125 0.918338
vt 0.432137 0.919082
vt 0.432544 0.924677
vt 0.430125 0.907899
vt 0.430764 0.906219
vt 0.410889 0.922257
vt 0.410250 0.920578
vt 0.430125 0.920578
vt 0.430764 0.922257
vt 0.430125 0.931016
vt 0.410250 0.931016
vt 0.410165 0.924677
vt 0.410250 0.907899
vt 0.410889 0.906219
vt 0.410250 0.918338
vt 0.432137 0.930272
s 1
usemtl mage
f 2824/3006/3609 2826/3006/3610 2833/3007/3611 2834/3008/3609
f 2824/3009/3612 2830/3010/3613 2836/3010/3614
f 2846/3009/3615 2852/3010/3616 2830/3010/3613 2824/3009/3612
f 2825/3011/3617 2827/3011/3618 2829/3012/3618 2837/3012/3619
f 2831/3012/3620 2853/3012/3621 2847/3011/3622 2825/3011/3617
f 2857/3013/3618 2854/3014/3618 2832/3015/3618 2835/3016/3618
f 2825/3011/3617 2837/3012/3619 2831/3012/3620
f 2827/3017/3623 2825/3017/3624 2835/3018/3624 2832/3019/3625
f 2839/3020/3626 2831/3021/3627 2837/3021/3628 2840/3020/3629
f 2833/3022/3630 2855/3023/3630 2856/3023/3630 2834/3022/3630
f 2826/3024/3610 2827/3025/3623 2832/3026/3625 2833/3027/3611
f 2829/3021/3631 2828/3028/3632 2842/3029/3633 2843/3030/3634
f 2826/3031/3635 2828/3028/3635 2829/3021/3635 2827/3032/3635
f 2860/3033/3636 2838/3033/3636 2845/3034/3636 2874/3034/3636
f 2830/3035/3637 2844/3036/3638 2841/3036/3639 2836/3035/3640
f 2845/3029/3641 2838/3030/3642 2840/3030/3629 2841/3029/3639
f 2851/3021/3635 2850/3035/3635 2848/3031/3635 2849/3032/3635
f 2882/3037/3643 2874/3038/3644 2845/3039/3645
f 2882/3040/3646 2883/3041/3646 2878/3042/3647 2879/3043/3647
f 2826/3009/3630 2824/3009/3612 2836/3010/3614 2828/3010/3630
f 2840/3020/3629 2837/3021/3628 2829/3021/3631 2843/3020/3634
f 2880/3044/3646 2872/3045/3647 2871/3046/3647 2881/3047/3646
f 2845/3048/3641 2841/3049/3639 2844/3050/3638
f 2853/3051/3636 2831/3051/3636 2839/3052/3636 2861/3052/3636
f 2873/3053/3636 2844/3053/3636 2830/3054/3636 2852/3054/3636
f 2834/3055/3648 2856/3055/3648 2846/3006/3648 2824/3006/3648
f 2847/3017/3649 2857/3056/3649 2835/3056/3649 2825/3017/3649
f 2846/3006/3650 2856/3008/3650 2855/3007/3651 2848/3006/3652
f 2846/3009/3615 2858/3010/3653 2852/3010/3616
f 2859/3021/3654 2868/3020/3655 2851/3021/3655
f 2847/3011/3622 2859/3012/3656 2851/3012/3618 2849/3011/3618
f 2847/3011/3622 2853/3012/3621 2859/3012/3656
f 2849/3017/3657 2854/3019/3658 2857/3018/3659 2847/3017/3659
f 2861/3020/3660 2862/3020/3661 2859/3021/3654 2853/3021/3660
f 2855/3027/3651 2854/3026/3658 2849/3025/3657 2848/3024/3652
f 2875/3029/3662 2864/3029/3655 2867/3030/3655 2866/3030/3663
f 2851/3021/3655 2867/3030/3655 2864/3029/3655 2850/3035/3655
f 2864/3029/3655 2865/3036/3655 2850/3035/3655
f 2852/3035/3660 2858/3035/3654 2863/3036/3661 2873/3036/3660
f 2874/3029/3660 2875/3029/3662 2866/3030/3663 2860/3030/3660
f 2839/3057/3664 2838/3058/3664 2880/3044/3664 2881/3047/3664
f 2839/3059/3665 2881/3060/3666 2861/3061/3667
f 2860/3062/3668 2866/3063/3669 2872/3064/3670 2880/3065/3671
f 2873/3066/3672 2883/3067/3673 2844/3068/3674
f 2866/3063/3669 2867/3063/3675 2869/3069/3675 2872/3064/3670
f 2879/3070/3676 2876/3071/3677 2864/3072/3677 2875/3073/3678
f 2868/3074/3679 2870/3075/3679 2869/3076/3679 2867/3077/3679
f 2871/3078/3680 2870/3079/3681 2868/3080/3681 2862/3081/3682
f 2882/3040/3664 2845/3048/3664 2844/3050/3664 2883/3041/3664
f 2878/3082/3683 2883/3067/3673 2873/3066/3672 2863/3083/3684
f 2861/3061/3667 2881/3060/3666 2871/3078/3680 2862/3081/3682
f 2863/3083/3684 2865/3083/3685 2877/3084/3685 2878/3082/3683
f 2865/3085/3686 2864/3086/3686 2876/3087/3686 2877/3088/3686
f 2878/3042/3647 2877/3088/3687 2876/3087/3687 2879/3043/3647
f 2851/3021/3655 2868/3020/3655 2867/3030/3655
f 2848/3009/3630 2850/3010/3630 2858/3010/3653 2846/3009/3615
f 2858/3035/3654 2865/3036/3655 2863/3036/3661
f 2862/3020/3661 2868/3020/3655 2859/3021/3654
f 2850/3035/3655 2865/3036/3655 2858/3035/3654
f 2832/3089/3635 2854/3090/3635 2855/3091/3635 2833/3092/3635
f 2874/3038/3644 2882/3037/3643 2879/3070/3676 2875/3073/3678
f 2838/3058/3642 2839/3057/3626 2840/3093/3629
f 2871/3046/3647 2872/3045/3647 2869/3076/3687 2870/3075/3687
f 2838/3094/3688 2860/3062/3668 2880/3065/3671
f 2828/3035/3632 2836/3035/3640 2841/3036/3639 2842/3036/3633
f 2970/3095/3689 2967/3096/3690 2968/3097/3691 2971/3098/3691
f 2897/3099/3692 2889/3100/3693 2890/3101/3694 2898/3102/3695
f 2898/3102/3695 2890/3101/3694 2885/3103/3696 2899/3104/3697
f 2900/3105/3698 2891/3106/3699 2892/3107/3700 2901/3108/3701
f 2931/3104/3702 2899/3104/3697 2885/3103/3696 2917/3103/3703
f 2900/3105/3698 2932/3105/3704 2923/3106/3705 2891/3106/3699
f 2901/3108/3701 2892/3107/3700 2893/3109/3706 2902/3110/3707
f 2902/3110/3707 2893/3109/3706 2894/3111/3708 2903/3112/3709
f 2903/3112/3709 2894/3111/3708 2886/3113/3710 2904/3114/3711
f 2904/3114/3711 2886/3113/3710 2884/3115/3712 2905/3116/3713
f 2895/3117/3714 2887/3118/3715 2888/3119/3716 2896/3120/3717
f 2899/3104/3697 2931/3104/3702 2938/3121/3718 2906/3121/3719
f 2906/3121/3719 2938/3121/3718 2940/3122/3720 2908/3122/3721
f 2908/3122/3721 2940/3122/3720 2942/3123/3722 2910/3123/3723
f 2910/3123/3723 2942/3123/3722 2944/3124/3724 2912/3124/3725
f 2912/3124/3725 2944/3124/3724 2946/3125/3726 2914/3125/3727
f 2906/3121/3719 2907/3126/3728 2898/3102/3695
f 2906/3121/3719 2908/3122/3721 2909/3127/3729 2907/3126/3728
f 2908/3122/3721 2910/3123/3723 2911/3128/3730 2909/3127/3729
f 2910/3123/3723 2912/3124/3725 2913/3129/3731 2911/3128/3730
f 2912/3124/3725 2914/3125/3727 2915/3130/3732 2913/3129/3731
f 2914/3125/3727 2900/3105/3698 2901/3108/3701
f 2907/3126/3728 2896/3120/3717 2897/3099/3692
f 2907/3126/3728 2909/3127/3729 2895/3117/3714 2896/3120/3717
f 2909/3127/3729 2911/3128/3730 2905/3116/3713 2895/3117/3714
f 2911/3128/3730 2913/3129/3731 2904/3114/3711 2905/3116/3713
f 2913/3129/3731 2915/3130/3732 2903/3112/3709 2904/3114/3711
f 2915/3130/3732 2901/3108/3701 2902/3110/3707
f 2898/3102/3695 2907/3126/3728 2897/3099/3692
f 2903/3112/3709 2915/3130/3732 2902/3110/3707
f 2896/3120/3717 2888/3119/3716 2889/3100/3693 2897/3099/3692
f 2905/3116/3713 2884/3115/3712 2887/3118/3715 2895/3117/3714
f 2929/3099/3733 2930/3102/3734 2922/3101/3735 2921/3100/3736
f 2930/3102/3734 2931/3104/3702 2917/3103/3703 2922/3101/3735
f 2932/3105/3704 2933/3108/3737 2924/3107/3738 2923/3106/3705
f 2933/3108/3737 2934/3110/3739 2925/3109/3740 2924/3107/3738
f 2934/3110/3739 2935/3112/3741 2926/3111/3742 2925/3109/3740
f 2935/3112/3741 2936/3114/3743 2918/3113/3744 2926/3111/3742
f 2936/3114/3743 2937/3116/3745 2916/3131/3746 2918/3113/3744
f 2927/3117/3747 2928/3120/3748 2920/3119/3749 2919/3118/3750
f 2930/3102/3734 2939/3126/3751 2938/3121/3718
f 2938/3121/3718 2939/3126/3751 2941/3127/3752 2940/3122/3720
f 2940/3122/3720 2941/3127/3752 2943/3128/3753 2942/3123/3722
f 2942/3123/3722 2943/3128/3753 2945/3129/3754 2944/3124/3724
f 2944/3124/3724 2945/3129/3754 2947/3130/3755 2946/3125/3726
f 2946/3125/3726 2947/3130/3755 2933/3108/3737
f 2939/3126/3751 2929/3099/3733 2928/3120/3748
f 2939/3126/3751 2928/3120/3748 2927/3117/3747 2941/3127/3752
f 2941/3127/3752 2927/3117/3747 2937/3116/3745 2943/3128/3753
f 2943/3128/3753 2937/3116/3745 2936/3114/3743 2945/3129/3754
f 2945/3129/3754 2936/3114/3743 2935/3112/3741 2947/3130/3755
f 2947/3130/3755 2934/3110/3739 2933/3108/3737
f 2930/3102/3734 2929/3099/3733 2939/3126/3751
f 2935/3112/3741 2934/3110/3739 2947/3130/3755
f 2928/3120/3748 2929/3099/3733 2921/3100/3736 2920/3119/3749
f 2914/3125/3727 2946/3125/3726 2932/3105/3704 2900/3105/3698
f 2925/3132/3756 2952/3133/3757 2953/3134/3758 2924/3135/3759
f 2890/3136/3760 2962/3137/3761 2961/3138/3762 2885/3139/3763
f 2926/3140/3764 2955/3141/3765 2952/3133/3757 2925/3132/3756
f 2892/3135/3766 2964/3134/3767 2963/3142/3768 2893/3132/3769
f 2924/3135/3759 2953/3134/3758 2954/3143/3770 2923/3144/3771
f 2893/3132/3769 2963/3142/3768 2966/3145/3772 2894/3140/3773
f 2918/3146/3774 2958/3147/3775 2955/3141/3765 2926/3140/3764
f 2891/3144/3776 2965/3143/3777 2964/3134/3767 2892/3135/3766
f 2919/3148/3778 2956/3149/3779 2957/3150/3780 2916/3151/3780
f 3147/3152/3781 3160/3153/3782 3204/3154/3783 3178/3155/3784
f 3294/3156/3785 3293/3157/3786 3162/3158/3787 3163/3159/3788
f 3164/3160/3789 3163/3159/3788 3211/3161/3790 3212/3162/3791
f 3163/3159/3788 3162/3158/3787 3209/3163/3792 3211/3161/3790
f 3160/3153/3782 3161/3164/3793 3207/3165/3794 3204/3154/3783
f 3161/3164/3793 3159/3166/3795 3203/3167/3796 3207/3165/3794
f 3159/3166/3795 3158/3168/3797 3201/3169/3798 3203/3167/3796
f 3158/3168/3797 3157/3170/3799 3199/3171/3800 3201/3169/3798
f 3283/3172/3801 3282/3173/3802 3153/3174/3803 3154/3175/3804
f 3154/3175/3804 3153/3174/3803 3191/3176/3805 3193/3177/3806
f 3150/3178/3807 3151/3179/3808 3187/3180/3809 3184/3181/3810
f 3293/3157/3786 3292/3182/3811 3146/3183/3812 3162/3158/3787
f 3143/3184/3813 3144/3185/3814 3172/3186/3815 3171/3187/3816
f 3146/3183/3812 3147/3152/3781 3178/3155/3784 3177/3188/3817
f 3152/3189/3818 3149/3190/3819 3183/3191/3820 3189/3192/3821
f 3155/3193/3822 3154/3175/3804 3193/3177/3806 3195/3194/3823
f 3149/3190/3819 3150/3178/3807 3184/3181/3810 3183/3191/3820
f 3292/3182/3811 3291/3195/3824 3147/3152/3781 3146/3183/3812
f 3162/3158/3787 3146/3183/3812 3177/3188/3817 3209/3163/3792
f 2894/3140/3773 2966/3145/3772 2969/3196/3825 2886/3146/3826
f 2991/3197/3827 2958/3198/3828 2957/3199/3829 2973/3200/3830
f 2990/3201/3831 2948/3202/3832 2949/3203/3833 2988/3204/3834
f 2978/3205/3835 2955/3206/3836 2958/3198/3828 2991/3197/3827
f 2986/3207/3837 2950/3208/3838 2961/3208/3839 2989/3207/3840
f 2972/3209/3841 2969/3210/3842 2966/3211/3843 2975/3212/3844
f 2974/3213/3845 2956/3214/3846 2948/3202/3832 2990/3201/3831
f 2989/3207/3840 2961/3208/3839 2962/3215/3847 2987/3216/3848
f 2988/3204/3834 2949/3203/3833 2951/3215/3849 2985/3217/3850
f 2987/3216/3848 2962/3215/3847 2960/3218/3851 2982/3219/3852
f 2985/3217/3850 2951/3215/3849 2950/3208/3838 2986/3207/3837
f 2980/3220/3853 2953/3221/3854 2952/3222/3855 2977/3223/3856
f 2983/3224/3857 2964/3221/3858 2965/3225/3859 2984/3226/3860
f 2984/3226/3860 2965/3225/3859 2954/3225/3861 2979/3227/3862
f 2976/3228/3863 2963/3229/3864 2964/3221/3858 2983/3224/3857
f 2982/3219/3852 2960/3218/3851 2959/3230/3865 2981/3231/3866
f 2981/3231/3866 2959/3230/3865 2967/3096/3690 2970/3095/3689
f 2979/3227/3862 2954/3225/3861 2953/3221/3854 2980/3220/3853
f 2977/3223/3856 2952/3222/3855 2955/3206/3836 2978/3205/3835
f 2975/3212/3844 2966/3211/3843 2963/3229/3864 2976/3228/3863
f 2973/3200/3830 2957/3199/3829 2956/3214/3846 2974/3213/3845
f 2971/3098/3691 2968/3097/3691 2969/3210/3842 2972/3209/3841
f 3295/3232/3867 3294/3156/3785 3163/3159/3788 3164/3160/3789
f 3284/3233/3868 3283/3172/3801 3154/3175/3804 3155/3193/3822
f 3281/3234/3869 3280/3235/3870 3149/3190/3819 3152/3189/3818
f 3291/3195/3824 3290/3236/3871 3160/3153/3782 3147/3152/3781
f 3157/3170/3799 3156/3237/3872 3197/3238/3873 3199/3171/3800
f 3296/3239/3874 3295/3232/3867 3164/3160/3789 3145/3240/3875
f 3236/3241/3876 3235/3242/3877 3143/3184/3813 3148/3243/3878
f 3287/3244/3879 3286/3245/3880 3157/3170/3799 3158/3168/3797
f 3286/3245/3880 3285/3246/3881 3156/3237/3872 3157/3170/3799
f 3151/3179/3808 3148/3243/3878 3181/3247/3882 3187/3180/3809
f 3235/3242/3877 3297/3248/3883 3144/3185/3814 3143/3184/3813
f 3289/3249/3884 3288/3250/3885 3159/3166/3795 3161/3164/3793
f 3290/3236/3871 3289/3249/3884 3161/3164/3793 3160/3153/3782
f 2889/3251/3886 2960/3252/3887 2962/3137/3761 2890/3136/3760
f 2923/3144/3771 2954/3143/3770 2965/3143/3777 2891/3144/3776
f 2887/3148/3888 2967/3253/3889 2959/3254/3890 2888/3255/3891
f 2917/3139/3892 2950/3138/3893 2951/3137/3894 2922/3136/3895
f 2888/3255/3891 2959/3254/3890 2960/3252/3887 2889/3251/3886
f 2922/3136/3895 2951/3137/3894 2949/3256/3896 2921/3251/3897
f 2916/3151/3780 2957/3150/3780 2958/3147/3775 2918/3146/3774
f 2920/3255/3898 2948/3257/3899 2956/3149/3779 2919/3148/3778
f 2921/3251/3897 2949/3256/3896 2948/3257/3899 2920/3255/3898
f 2885/3139/3763 2961/3138/3762 2950/3138/3893 2917/3139/3892
f 2884/3258/3900 2968/3259/3900 2967/3253/3889 2887/3148/3888
f 2937/3116/3745 2927/3117/3747 2919/3118/3750 2916/3131/3746
f 3288/3250/3885 3287/3244/3879 3158/3168/3797 3159/3166/3795
f 3237/3260/3901 3236/3241/3876 3148/3243/3878 3151/3179/3808
f 3285/3246/3881 3284/3233/3868 3155/3193/3822 3156/3237/3872
f 3153/3174/3803 3152/3189/3818 3189/3192/3821 3191/3176/3805
f 3280/3235/3870 3279/3261/3902 3150/3178/3807 3149/3190/3819
f 3279/3261/3902 3237/3260/3901 3151/3179/3808 3150/3178/3807
f 3282/3173/3802 3281/3234/3869 3152/3189/3818 3153/3174/3803
f 2886/3146/3826 2969/3196/3825 2968/3259/3900 2884/3258/3900
f 2932/3105/3704 2946/3125/3726 2933/3108/3737
f 2915/3130/3732 2914/3125/3727 2901/3108/3701
f 2899/3104/3697 2906/3121/3719 2898/3102/3695
f 2931/3104/3702 2930/3102/3734 2938/3121/3718
f 3145/3240/3875 3164/3160/3789 3212/3162/3791 3174/3262/3903
f 3156/3237/3872 3155/3193/3822 3195/3194/3823 3197/3238/3873
f 2992/3263/3904 3008/3264/3905 2993/3265/3906 2994/3266/3907
f 3009/3267/3908 2992/3263/3904 2994/3266/3907 2995/3268/3909
f 3221/3269/3910 3220/3270/3911 3017/3271/3912 3014/3272/3913
f 2995/3268/3909 2994/3266/3907 2997/3273/3914 2998/3272/3915
f 3218/3274/3916 3217/3270/3917 3001/3275/3918 3004/3276/3919
f 2994/3266/3907 2993/3265/3906 2996/3277/3920 2997/3273/3914
f 2997/3273/3914 2996/3277/3920 2999/3278/3921 3000/3279/3922
f 2998/3272/3915 2997/3273/3914 3000/3279/3922 3001/3275/3918
f 3231/3280/3923 3218/3274/3916 3004/3276/3919 3007/3281/3924
f 3227/3282/3925 3234/3283/3926 3089/3284/3927 3086/3285/3928
f 3000/3279/3922 2999/3278/3921 3002/3286/3929 3003/3287/3930
f 3001/3275/3918 3000/3279/3922 3003/3287/3930 3004/3276/3919
f 3004/3276/3919 3003/3287/3930 3006/3288/3931 3007/3281/3924
f 3222/3289/3932 3221/3269/3910 3014/3272/3913 3380/3290/3933
f 3003/3287/3930 3002/3286/3929 3005/3291/3934 3006/3288/3931
f 3214/3292/3935 3230/3293/3936 3077/3294/3937 3009/3267/3908
f 3022/3288/3938 3023/3281/3939 3007/3281/3924 3006/3288/3931
f 3021/3291/3940 3022/3288/3938 3006/3288/3931 3005/3291/3934
f 3357/3295/3941 3064/3296/3942 3063/3297/3943
f 3360/3298/3944 3092/3299/3945 3093/3300/3946 3379/3301/3947
f 3234/3283/3926 3233/3283/3948 3102/3284/3949 3089/3284/3927
f 3220/3270/3911 3219/3274/3950 3020/3302/3951 3017/3271/3912
f 3358/3303/3952 3167/3304/3953 3063/3305/3943
f 3357/3295/3941 3166/3306/3954 3066/3307/3955 3064/3296/3942
f 3014/3272/3913 3017/3271/3912 3016/3279/3956 3013/3273/3957
f 3219/3274/3950 3232/3280/3958 3023/3281/3939 3020/3302/3951
f 3233/3283/3948 3226/3308/3959 3099/3309/3960 3102/3284/3949
f 3016/3279/3956 3019/3287/3961 3018/3286/3962 3015/3278/3963
f 3017/3271/3912 3020/3302/3951 3019/3287/3961 3016/3279/3956
f 3020/3302/3951 3023/3281/3939 3022/3288/3938 3019/3287/3961
f 3232/3280/3958 3231/3280/3923 3007/3281/3924 3023/3281/3939
f 3019/3287/3961 3022/3288/3938 3021/3291/3940 3018/3286/3962
f 3063/3310/3964 3031/3311/3965 3042/3312/3966 3047/3313/3967
f 3169/3314/3968 3094/3315/3969 3095/3316/3970 3092/3299/3945
f 3067/3317/3971 3073/3318/3972 3021/3319/3973 3005/3319/3974
f 3065/3320/3975 3072/3321/3976 3015/3322/3977 3018/3323/3978
f 3074/3324/3979 3069/3325/3980 2999/3322/3981 2996/3326/3982
f 3069/3325/3980 3068/3327/3983 3002/3323/3984 2999/3322/3981
f 3065/3320/3975 3073/3318/3972 3035/3328/3985 3034/3329/3986
f 3074/3324/3979 3070/3330/3987 3025/3331/3988 3026/3332/3989
f 3072/3321/3976 3065/3320/3975 3034/3329/3986 3033/3333/3990
f 3068/3327/3983 3069/3325/3980 3027/3334/3991 3028/3335/3992
f 3069/3325/3980 3074/3324/3979 3026/3332/3989 3027/3334/3991
f 3067/3317/3971 3068/3327/3983 3028/3335/3992 3029/3336/3993
f 3073/3318/3972 3067/3317/3971 3029/3336/3993 3035/3328/3985
f 3031/3337/3965 3063/3297/3964 3064/3296/3942
f 3066/3307/3955 3032/3338/3994 3031/3337/3965 3064/3296/3942
f 3074/3324/3979 2996/3326/3982 2993/3339/3995 3070/3330/3987
f 3066/3307/3955 3072/3321/3976 3033/3333/3990 3032/3338/3994
f 3068/3327/3983 3067/3317/3971 3005/3319/3974 3002/3323/3984
f 3035/3340/3996 3029/3341/3997 3040/3342/3998 3046/3343/3999
f 3028/3344/4000 3027/3345/4001 3038/3346/4002 3039/3347/4000
f 3027/3345/4001 3026/3348/4003 3037/3349/4004 3038/3346/4002
f 3034/3350/4005 3035/3340/3996 3046/3343/3999 3045/3351/4006
f 3026/3348/4003 3025/3352/4007 3036/3353/4008 3037/3349/4004
f 3033/3354/4009 3034/3350/4005 3045/3351/4006 3044/3355/4010
f 3025/3352/4007 3030/3356/4011 3041/3357/4011 3036/3353/4008
f 3032/3358/4012 3033/3354/4009 3044/3355/4010 3043/3359/4013
f 3031/3311/3965 3032/3358/4012 3043/3359/4013 3042/3312/3966
f 3029/3341/3997 3028/3344/4000 3039/3347/4000 3040/3342/3998
f 3044/3360/4014 3045/3361/4015 3053/3362/4016
f 3041/3363/4017 3051/3364/4018 3048/3365/4019
f 3043/3366/4020 3044/3360/4014 3053/3362/4016 3052/3367/4021
f 3042/3368/4022 3043/3366/4020 3052/3367/4021
f 3047/3369/4023 3042/3368/4022 3052/3367/4021
f 3040/3370/4024 3039/3371/4025 3049/3372/4026
f 3046/3373/4027 3040/3370/4024 3050/3374/4028
f 3039/3371/4025 3038/3375/4029 3049/3372/4026
f 3037/3376/4030 3048/3365/4019 3049/3372/4026
f 3045/3361/4015 3046/3373/4027 3050/3374/4028
f 3037/3376/4030 3036/3377/4031 3048/3365/4019
f 3056/3378/4032 3049/3379/4033 3048/3380/4034
f 3058/3381/4035 3050/3382/4036 3049/3379/4033
f 3126/3383/4037 3054/3384/4038 3062/3385/4039
f 3055/3386/4040 3056/3387/4041 3057/3388/4042
f 3055/3386/4040 3058/3389/4043 3056/3387/4041
f 3055/3386/4040 3057/3388/4042 3059/3390/4044
f 3052/3391/4045 3053/3392/4046 3060/3378/4047
f 3053/3392/4046 3050/3382/4036 3058/3381/4035
f 3055/3386/4040 3061/3388/4048 3060/3387/4049
f 3055/3386/4040 3060/3387/4049 3058/3389/4043
f 3055/3386/4040 3062/3390/4050 3061/3388/4048
f 3057/3393/4051 3048/3380/4034 3051/3394/4052
f 3073/3318/3972 3065/3320/3975 3018/3323/3978 3021/3319/3973
f 3050/3374/4028 3040/3370/4024 3049/3372/4026
f 3053/3362/4016 3045/3361/4015 3050/3374/4028
f 3038/3375/4029 3037/3376/4030 3049/3372/4026
f 3056/3378/4032 3058/3381/4035 3049/3379/4033
f 3060/3378/4047 3053/3392/4046 3058/3381/4035
f 3059/3385/4053 3057/3393/4051 3051/3394/4052
f 3036/3377/4031 3041/3363/4017 3048/3365/4019
f 3071/3395/4054 3070/3330/3987 2993/3339/3995 3008/3396/4054
f 3070/3330/3987 3071/3395/4055 3030/3397/4055 3025/3331/3988
f 2992/3263/3904 3076/3398/4056 3075/3399/4057 3008/3264/3905
f 3009/3267/3908 3077/3294/3937 3076/3398/4056 2992/3263/3904
f 3024/3400/4058 3378/3401/4058 3354/3402/4059 3012/3403/4060
f 3077/3294/3937 3080/3300/4061 3079/3299/4062 3076/3398/4056
f 3230/3293/3936 3229/3404/4063 3080/3300/4061 3077/3294/3937
f 3076/3398/4056 3079/3299/4062 3078/3405/4064 3075/3399/4057
f 3079/3299/4062 3082/3316/4065 3081/3315/4066 3078/3405/4064
f 3080/3300/4061 3083/3406/4067 3082/3316/4065 3079/3299/4062
f 3229/3404/4063 3228/3407/4068 3083/3406/4067 3080/3300/4061
f 3228/3407/4068 3227/3282/3925 3086/3285/3928 3083/3406/4067
f 3082/3316/4065 3085/3408/4069 3084/3409/4070 3081/3315/4066
f 3083/3406/4067 3086/3285/3928 3085/3408/4069 3082/3316/4065
f 3086/3285/3928 3089/3284/3927 3088/3410/4071 3085/3408/4069
f 3215/3289/4072 3214/3292/3935 3009/3267/3908 2995/3268/3909
f 3085/3408/4069 3088/3410/4071 3087/3411/4073 3084/3409/4070
f 3101/3410/4074 3088/3410/4071 3089/3284/3927 3102/3284/3949
f 3100/3411/4075 3087/3411/4073 3088/3410/4071 3101/3410/4074
f 3380/3290/3933 3354/3402/4059 3376/3412/4076
f 3093/3300/3946 3092/3299/3945 3095/3316/3970 3096/3413/4077
f 3225/3407/4078 3224/3404/4079 3093/3300/3946 3096/3413/4077
f 3226/3308/3959 3225/3407/4078 3096/3413/4077 3099/3309/3960
f 3095/3316/3970 3094/3315/3969 3097/3409/4080 3098/3408/4081
f 3096/3413/4077 3095/3316/3970 3098/3408/4081 3099/3309/3960
f 3099/3309/3960 3098/3408/4081 3101/3410/4074 3102/3284/3949
f 3098/3408/4081 3097/3409/4080 3100/3411/4075 3101/3410/4074
f 3063/3310/4082 3047/3313/4083 3118/3414/4084 3108/3415/4085
f 3136/3416/4086 3087/3417/4087 3100/3417/4088 3141/3418/4089
f 3134/3419/4090 3097/3420/4091 3094/3421/4092 3140/3422/4093
f 3142/3423/4094 3078/3424/4095 3081/3421/4096 3138/3425/4097
f 3138/3425/4097 3081/3421/4096 3084/3420/4098 3137/3426/4099
f 3134/3419/4090 3111/3427/4100 3112/3428/4101 3141/3418/4089
f 3142/3423/4094 3104/3429/4102 3103/3430/4103 3139/3431/4104
f 3140/3422/4093 3110/3432/4105 3111/3427/4100 3134/3419/4090
f 3137/3426/4099 3106/3433/4106 3105/3434/4107 3138/3425/4097
f 3138/3425/4097 3105/3434/4107 3104/3429/4102 3142/3423/4094
f 3136/3416/4086 3107/3435/4108 3106/3433/4106 3137/3426/4099
f 3141/3418/4089 3112/3428/4101 3107/3435/4108 3136/3416/4086
f 3108/3436/4085 3133/3437/4109 3063/3305/4082
f 3135/3438/4110 3133/3437/4109 3108/3439/4085 3109/3440/4111
f 3142/3423/4094 3139/3431/4104 3075/3441/4112 3078/3424/4095
f 3135/3438/4110 3109/3440/4111 3110/3432/4105 3140/3422/4093
f 3137/3426/4099 3084/3420/4098 3087/3417/4087 3136/3416/4086
f 3112/3442/4113 3122/3443/4114 3117/3444/4115 3107/3445/4116
f 3106/3446/4117 3116/3447/4117 3115/3448/4118 3105/3449/4119
f 3105/3449/4119 3115/3448/4118 3114/3450/4120 3104/3451/4121
f 3111/3452/4122 3121/3453/4123 3122/3443/4114 3112/3442/4113
f 3104/3451/4121 3114/3450/4120 3113/3454/4124 3103/3455/4125
f 3110/3456/4126 3120/3457/4127 3121/3453/4123 3111/3452/4122
f 3103/3455/4125 3113/3454/4124 3041/3357/4011 3030/3356/4011
f 3109/3458/4128 3119/3459/4129 3120/3457/4127 3110/3456/4126
f 3108/3415/4085 3118/3414/4084 3119/3459/4129 3109/3458/4128
f 3107/3445/4116 3117/3444/4115 3116/3447/4117 3106/3446/4117
f 3120/3460/4130 3127/3461/4131 3121/3462/4132
f 3041/3363/4017 3123/3463/4133 3051/3364/4018
f 3119/3464/4134 3126/3465/4135 3127/3461/4131 3120/3460/4130
f 3118/3466/4136 3126/3465/4135 3119/3464/4134
f 3047/3369/4137 3054/3467/4138 3126/3465/4135
f 3117/3468/4139 3124/3469/4140 3116/3470/4141
f 3122/3471/4142 3125/3472/4143 3117/3468/4139
f 3116/3470/4141 3124/3469/4140 3115/3473/4144
f 3114/3474/4145 3124/3469/4140 3123/3463/4133
f 3121/3462/4132 3125/3472/4143 3122/3471/4142
f 3114/3474/4145 3123/3463/4133 3113/3475/4146
f 3128/3476/4147 3129/3477/4148 3123/3478/4149
f 3130/3479/4150 3124/3480/4151 3125/3481/4152
f 3055/3386/4040 3129/3482/4153 3128/3483/4154
f 3055/3386/4040 3128/3483/4154 3130/3484/4155
f 3055/3386/4040 3059/3390/4044 3129/3482/4153
f 3131/3476/4156 3127/3485/4157 3126/3383/4037
f 3127/3485/4157 3130/3479/4150 3125/3481/4152
f 3055/3386/4040 3131/3483/4158 3132/3482/4159
f 3055/3386/4040 3130/3484/4155 3131/3483/4158
f 3055/3386/4040 3132/3482/4159 3062/3390/4050
f 3129/3477/4148 3051/3394/4052 3123/3478/4149
f 3141/3418/4089 3100/3417/4088 3097/3420/4091 3134/3419/4090
f 3125/3472/4143 3124/3469/4140 3117/3468/4139
f 3127/3461/4131 3125/3472/4143 3121/3462/4132
f 3115/3473/4144 3124/3469/4140 3114/3474/4145
f 3128/3476/4147 3124/3480/4151 3130/3479/4150
f 3131/3476/4156 3130/3479/4150 3127/3485/4157
f 3059/3385/4053 3051/3394/4052 3129/3477/4148
f 3113/3475/4146 3123/3463/4133 3041/3363/4017
f 3071/3395/4054 3008/3396/4054 3075/3441/4112 3139/3431/4104
f 3139/3431/4104 3103/3430/4103 3030/3397/4055 3071/3395/4055
f 3057/3393/4051 3056/3378/4032 3048/3380/4034
f 3124/3480/4151 3128/3476/4147 3123/3478/4149
f 3217/3270/3917 3216/3486/4160 2998/3272/3915 3001/3275/3918
f 3173/3487/4161 2971/3488/4161 2972/3489/4162 3170/3490/4163
f 3175/3491/4164 2970/3492/4165 2971/3488/4161 3173/3487/4161
f 3179/3493/4166 2986/3494/4167 2989/3494/4168 3176/3493/4169
f 3170/3490/4163 2972/3489/4162 2975/3495/4170 3180/3496/4171
f 3185/3497/4172 2983/3498/4173 2984/3499/4174 3182/3500/4175
f 3180/3496/4171 2975/3495/4170 2976/3501/4176 3186/3502/4177
f 3186/3502/4177 2976/3501/4176 2983/3498/4173 3185/3497/4172
f 3182/3500/4175 2984/3499/4174 2979/3503/4178 3188/3504/4179
f 3188/3504/4179 2979/3503/4178 2980/3505/4180 3190/3506/4181
f 3190/3506/4181 2980/3505/4180 2977/3507/4182 3192/3508/4183
f 3192/3508/4183 2977/3507/4182 2978/3509/4184 3194/3510/4185
f 3194/3510/4185 2978/3509/4184 2991/3511/4186 3196/3512/4187
f 3196/3512/4187 2991/3511/4186 2973/3513/4188 3198/3514/4188
f 3198/3514/4188 2973/3513/4188 2974/3515/4189 3200/3516/4190
f 3200/3516/4190 2974/3515/4189 2990/3517/4191 3202/3518/4192
f 3205/3519/4193 2985/3520/4194 2986/3494/4167 3179/3493/4166
f 3202/3518/4192 2990/3517/4191 2988/3521/4195 3206/3522/4196
f 3206/3522/4196 2988/3521/4195 2985/3520/4194 3205/3519/4193
f 3176/3493/4169 2989/3494/4168 2987/3523/4197 3208/3524/4198
f 3208/3524/4198 2987/3523/4197 2982/3525/4199 3210/3526/4200
f 3213/3527/4201 2981/3528/4202 2970/3492/4165 3175/3491/4164
f 3210/3526/4200 2982/3525/4199 2981/3528/4202 3213/3527/4201
f 3144/3185/3814 3145/3240/3875 3174/3262/3903 3172/3186/3815
f 3015/3322/3977 3072/3321/3976 3066/3307/3955 3166/3306/3954
f 3169/3529/4203 3135/3438/4110 3140/3422/4093 3094/3421/4092
f 3169/3529/4203 3358/3303/3952 3133/3437/4109 3135/3438/4110
f 3358/3303/3952 3169/3314/3968 3092/3299/3945 3360/3298/3944
f 3166/3530/4204 3013/3273/3957 3016/3279/3956 3015/3278/3963
f 3357/3295/3941 3359/3531/4205 3013/3273/3957 3166/3530/4204
f 3012/3403/4060 3380/3290/3933 3359/3531/4205
f 3173/3532/4206 3170/3533/4207 3171/3534/3816 3172/3535/3815
f 3175/3536/4208 3173/3532/4206 3172/3535/3815 3174/3537/3903
f 3179/3538/4209 3176/3538/4210 3177/3539/3817 3178/3540/3784
f 3170/3533/4207 3180/3541/4211 3181/3542/3882 3171/3534/3816
f 3185/3543/4212 3182/3544/4213 3183/3545/3820 3184/3546/3810
f 3180/3541/4211 3186/3547/4214 3187/3548/3809 3181/3542/3882
f 3186/3547/4214 3185/3543/4212 3184/3546/3810 3187/3548/3809
f 3182/3544/4213 3188/3549/4215 3189/3550/3821 3183/3545/3820
f 3188/3549/4215 3190/3551/4216 3191/3552/3805 3189/3550/3821
f 3190/3551/4216 3192/3553/4217 3193/3554/3806 3191/3552/3805
f 3192/3553/4217 3194/3555/4218 3195/3556/3823 3193/3554/3806
f 3194/3555/4218 3196/3557/4219 3197/3558/3873 3195/3556/3823
f 3196/3557/4219 3198/3559/4220 3199/3560/3800 3197/3558/3873
f 3198/3559/4220 3200/3561/4221 3201/3562/3798 3199/3560/3800
f 3200/3561/4221 3202/3563/4222 3203/3564/3796 3201/3562/3798
f 3205/3565/4223 3179/3538/4209 3178/3540/3784 3204/3566/3783
f 3202/3563/4222 3206/3567/4224 3207/3568/3794 3203/3564/3796
f 3206/3567/4224 3205/3565/4223 3204/3566/3783 3207/3568/3794
f 3176/3538/4210 3208/3569/4225 3209/3570/3792 3177/3539/3817
f 3208/3569/4225 3210/3571/4226 3211/3572/3790 3209/3570/3792
f 3213/3573/4227 3175/3536/4208 3174/3537/3903 3212/3574/3791
f 3210/3571/4226 3213/3573/4227 3212/3574/3791 3211/3572/3790
f 3148/3243/3878 3143/3184/3813 3171/3187/3816 3181/3247/3882
f 3221/3575/4228 3222/3576/4229 3244/3577/4230 2840/3578/4231
f 3234/3579/4232 3227/3580/4233 3250/3581/4234 3257/3582/4235
f 3230/3583/4236 3214/3584/4237 3238/3585/4237 3253/3586/4238
f 3216/3575/4239 3217/3587/4240 3241/3588/4241 3240/3589/4242
f 3233/3579/4243 3234/3579/4232 3257/3582/4235 3256/3590/4244
f 3215/3576/4245 3216/3575/4239 3240/3589/4242 3239/3577/4246
f 3224/3591/4247 3225/3592/4248 3248/3593/4249 3247/3594/4250
f 3229/3591/4251 3230/3583/4236 3253/3586/4238 3252/3595/4252
f 3228/3592/4253 3229/3591/4251 3252/3595/4252 3251/3596/4254
f 3220/3587/4255 3221/3575/4228 2840/3578/4231 2843/3597/4256
f 3226/3580/4257 3233/3579/4243 3256/3590/4244 3249/3598/4258
f 3271/3599/4259 3285/3600/4260 3286/3601/4261 3272/3602/4261
f 3277/3603/4262 3260/3604/4263 3239/3605/4264 3240/3606/4265
f 3275/3607/4266 3276/3608/4267 3241/3609/4268 3242/3610/4269
f 2842/3608/4270 3274/3607/4271 3243/3611/4272 2843/3612/4270
f 3273/3604/4273 2841/3603/4274 2840/3613/4274 3244/3605/4275
f 3272/3614/4276 3273/3604/4273 3244/3605/4275 3245/3615/4276
f 3271/3616/4277 3272/3614/4276 3245/3615/4276 3246/3617/4278
f 3270/3618/4279 3271/3616/4277 3246/3617/4278 3247/3619/4279
f 3268/3620/4280 3269/3621/4281 3248/3622/4281 3249/3623/4282
f 3266/3621/4283 3265/3620/4284 3250/3624/4285 3251/3625/4286
f 3263/3618/4287 3266/3621/4283 3251/3625/4286 3252/3626/4288
f 3258/3616/4289 3263/3618/4287 3252/3626/4288 3253/3627/4290
f 3259/3614/4055 3258/3616/4289 3253/3627/4290 3238/3615/4055
f 3262/3628/4291 3261/3628/4292 3254/3629/4293 3255/3629/4294
f 3274/3607/4271 3262/3628/4291 3255/3629/4294 3243/3611/4272
f 3267/3630/4295 3268/3620/4280 3249/3623/4282 3256/3631/4296
f 3265/3620/4284 3264/3630/4297 3257/3632/4298 3250/3624/4285
f 3264/3630/4297 3267/3630/4295 3256/3631/4296 3257/3632/4298
f 3217/3587/4240 3218/3633/4299 3242/3634/4300 3241/3588/4241
f 3225/3592/4248 3226/3580/4257 3249/3598/4258 3248/3593/4249
f 3231/3635/4301 3232/3635/4302 3255/3636/4303 3254/3636/4304
f 3227/3580/4233 3228/3592/4253 3251/3596/4254 3250/3581/4234
f 3218/3633/4299 3231/3635/4301 3254/3636/4304 3242/3634/4300
f 3219/3633/4305 3220/3587/4255 2843/3597/4256 3243/3637/4306
f 3214/3584/4237 3215/3576/4245 3239/3577/4246 3238/3585/4237
f 3232/3635/4302 3219/3633/4305 3243/3637/4306 3255/3636/4303
f 3223/3583/4307 3224/3591/4247 3247/3594/4250 3246/3638/4308
f 3222/3576/4229 3278/3584/4309 3245/3585/4309 3244/3577/4230
f 3245/3585/4309 3278/3584/4309 3223/3583/4307 3246/3638/4308
f 3272/3602/4261 3286/3601/4261 3287/3639/4310 3273/3640/4311
f 3273/3640/4311 3287/3639/4310 3288/3641/4312 2841/3642/4313
f 3258/3643/4314 3235/3644/4315 3236/3645/4316 3263/3646/4317
f 3261/3647/4318 3292/3648/4319 3293/3649/4320 3275/3650/4321
f 2842/3651/4322 3289/3652/4323 3290/3653/4324 3274/3654/4325
f 3263/3646/4317 3236/3645/4316 3237/3655/4326 3266/3656/4327
f 3274/3654/4325 3290/3653/4324 3291/3657/4328 3262/3658/4329
f 3275/3650/4321 3293/3649/4320 3294/3659/4330 3276/3660/4331
f 2841/3642/4313 3288/3641/4312 3289/3652/4323 2842/3651/4322
f 3262/3658/4329 3291/3657/4328 3292/3648/4319 3261/3647/4318
f 3260/3661/4332 3296/3662/4333 3297/3663/4334 3259/3664/4334
f 3270/3665/4335 3284/3666/4336 3285/3600/4260 3271/3599/4259
f 3268/3667/4337 3282/3668/4338 3283/3669/4339 3269/3670/4340
f 3265/3671/4341 3279/3672/4342 3280/3673/4343 3264/3674/4344
f 3264/3674/4344 3280/3673/4343 3281/3675/4345 3267/3676/4346
f 3266/3656/4327 3237/3655/4326 3279/3672/4342 3265/3671/4341
f 3267/3676/4346 3281/3675/4345 3282/3668/4338 3268/3667/4337
f 3276/3660/4331 3294/3659/4330 3295/3677/4347 3277/3678/4348
f 3277/3678/4348 3295/3677/4347 3296/3662/4333 3260/3661/4332
f 3269/3670/4340 3283/3669/4339 3284/3666/4336 3270/3665/4335
f 3259/3664/4334 3297/3663/4334 3235/3644/4315 3258/3643/4314
f 3327/3679/4349 3333/3680/4350 3326/3681/4351 3325/3682/4352
f 3316/3683/4353 3306/3684/4354 3305/3685/4355 3314/3686/4356
f 3303/3687/4357 3305/3688/4358 3306/3689/4354 3302/3690/4359
f 3317/3691/4360 3300/3692/4361 3309/3693/4362
f 3302/3690/4363 3300/3692/4361 3303/3694/4364
f 3299/3695/4365 3313/3696/4366 3309/3697/4367
f 3299/3695/4368 3300/3698/4369 3298/3699/4370
f 3301/3700/4371 3311/3701/4372 3312/3701/4373 3298/3702/4374
f 3298/3702/4374 3312/3701/4373 3313/3703/4375 3299/3704/4376
f 3315/3705/4377 3319/3706/4378 3304/3707/4379 3317/3708/4380
f 3300/3698/4381 3299/3695/4365 3309/3697/4367
f 3329/3709/4382 3314/3686/4356 3310/3710/4383
f 3308/3711/4384 3339/3712/4384 3338/3713/4385 3317/3708/4380
f 3314/3686/4356 3305/3685/4355 3319/3714/4386
f 3298/3699/4370 3300/3698/4369 3302/3690/4387
f 3300/3692/4361 3317/3691/4360 3304/3715/4388
f 3304/3715/4388 3303/3694/4364 3300/3692/4361
f 3301/3716/4389 3302/3690/4359 3269/3717/4390
f 3306/3718/4354 3316/3719/4353 3248/3720/4391
f 3302/3690/4359 3306/3721/4354 3248/3722/4391
f 3301/3700/4389 3269/3723/4390 3318/3724/4392
f 3301/3725/4393 3298/3699/4370 3302/3690/4387
f 3315/3726/4394 3314/3686/4356 3319/3714/4386
f 3308/3727/4395 3317/3691/4360 3309/3693/4362
f 3331/3728/4396 3329/3709/4382 3327/3729/4397 3328/3730/4398
f 3325/3682/4352 3324/3731/4399 3328/3732/4398 3327/3679/4349
f 3332/3733/4400 3309/3693/4362 3322/3734/4401
f 3324/3731/4402 3325/3735/4403 3322/3734/4401
f 3321/3736/4404 3309/3697/4367 3313/3696/4366
f 3321/3736/4405 3320/3737/4406 3322/3738/4407
f 3323/3739/4408 3320/3740/4409 3312/3701/4373 3311/3701/4372
f 3320/3740/4409 3321/3741/4410 3313/3703/4375 3312/3701/4373
f 3326/3681/4351 3333/3680/4350 3330/3742/4411 3332/3743/4412
f 3322/3738/4413 3309/3697/4367 3321/3736/4404
f 3332/3743/4412 3330/3742/4411 3335/3744/4414
f 3329/3709/4382 3333/3745/4415 3327/3729/4397
f 3320/3737/4406 3324/3731/4416 3322/3738/4407
f 3322/3734/4401 3326/3746/4417 3332/3733/4400
f 3326/3746/4417 3322/3734/4401 3325/3735/4403
f 3323/3747/4418 3270/3748/4419 3324/3731/4399
f 3328/3749/4398 3247/3750/4420 3331/3751/4396
f 3324/3731/4399 3270/3748/4419 3247/3752/4420
f 3318/3724/4392 3270/3753/4419 3323/3739/4418
f 3323/3754/4421 3324/3731/4416 3320/3737/4406
f 3330/3755/4422 3333/3745/4415 3329/3709/4382
f 3308/3727/4395 3309/3693/4362 3332/3733/4400
f 3317/3708/4380 3338/3713/4385 3337/3756/4423
f 3336/3757/4424 3335/3744/4414 3330/3742/4411 3310/3758/4424
f 3337/3756/4423 3336/3757/4424 3310/3758/4424 3315/3705/4377
f 3308/3711/4384 3332/3743/4412 3334/3759/4425 3339/3712/4384
f 3339/3760/4426 3334/3761/4426 3343/3762/4427 3342/3763/4428
f 3340/3764/4429 3350/3765/4430 3352/3766/4431
f 3340/3764/4429 3346/3767/4432 3348/3768/4433
f 3340/3764/4429 3348/3768/4433 3350/3765/4430
f 3340/3764/4429 3352/3766/4431 3341/3769/4434
f 3336/3770/4435 3337/3771/4435 3349/3772/4436 3347/3773/4437
f 3337/3771/4438 3338/3774/4438 3351/3775/4439 3349/3772/4440
f 3340/3764/4429 3344/3776/4441 3346/3767/4432
f 3338/3774/4442 3339/3760/4442 3342/3763/4443 3351/3775/4444
f 3335/3777/4445 3336/3770/4445 3347/3773/4446 3345/3778/4447
f 3334/3761/4448 3335/3777/4448 3345/3778/4449 3343/3762/4450
f 3342/3779/4428 3343/3780/4427 3344/3781/4441 3341/3782/4434
f 3343/3780/4450 3345/3783/4449 3346/3784/4432 3344/3781/4441
f 3345/3783/4447 3347/3785/4446 3348/3786/4433 3346/3784/4432
f 3347/3785/4437 3349/3787/4436 3350/3788/4430 3348/3786/4433
f 3349/3787/4440 3351/3789/4439 3352/3790/4431 3350/3788/4430
f 3351/3789/4444 3342/3779/4443 3341/3782/4434 3352/3790/4431
f 3340/3764/4429 3341/3769/4434 3344/3776/4441
f 3315/3705/4377 3317/3708/4380 3337/3756/4423
f 3334/3759/4425 3332/3743/4412 3335/3744/4414
f 3331/3751/4396 3247/3750/4420 3307/3791/4451
f 3316/3719/4353 3307/3791/4451 3248/3792/4391
f 3247/3750/4420 3248/3792/4391 3307/3791/4451
f 3311/3701/4452 3318/3724/4392 3323/3739/4418
f 3311/3701/4452 3301/3700/4389 3318/3724/4392
f 3315/3726/4394 3310/3710/4383 3314/3686/4356
f 3330/3755/4422 3329/3709/4382 3310/3710/4383
f 3314/3686/4356 3329/3709/4382 3331/3728/4396 3307/3793/4451 3316/3683/4353
f 3304/3707/4379 3319/3706/4378 3305/3688/4358 3303/3687/4357
f 3270/3753/4419 3318/3724/4392 3269/3723/4390
f 3328/3794/4398 3324/3731/4399 3247/3752/4420
f 3269/3795/4390 3302/3690/4359 3248/3722/4391
f 3239/3605/4264 3260/3604/4263 3259/3614/4055 3238/3615/4055
f 3241/3609/4268 3276/3608/4267 3277/3603/4262 3240/3606/4265
f 3254/3629/4293 3261/3628/4292 3275/3607/4266 3242/3610/4269
f 3297/3248/3883 3296/3239/3874 3145/3240/3875 3144/3185/3814
f 3216/3486/4160 3215/3289/4072 2995/3268/3909 2998/3272/3915
f 3360/3298/3944 3090/3796/4453 3355/3797/4454
f 3360/3298/3944 3379/3301/3947 3091/3798/4455
f 3361/3799/4456 3011/3800/4457 3353/3801/4458 3010/3802/4456
f 3167/3304/3953 3165/3803/4459 3357/3295/3941
f 3168/3804/4460 3167/3304/3953 3358/3303/3952
f 3353/3801/4458 3359/3531/4205 3357/3295/3941
f 3355/3797/4454 3168/3804/4460 3358/3303/3952
f 3090/3796/4453 3361/3799/4456 3010/3802/4456 3355/3797/4454
f 3011/3800/4457 3359/3531/4205 3353/3801/4458
f 3360/3298/3944 3355/3797/4454 3358/3303/3952
f 3165/3803/4459 3353/3801/4458 3357/3295/3941
f 3223/3293/4461 3278/3292/4462 3377/3805/4463
f 3365/3806/4464 3364/3807/4464 3012/3808/4464 3011/3809/4464
f 3362/3810/4465 3367/3811/4466 3368/3812/4467
f 3362/3810/4465 3365/3813/4468 3366/3814/4469
f 3362/3810/4465 3366/3814/4469 3367/3811/4466
f 3362/3810/4465 3368/3812/4467 3363/3815/4470
f 3368/3816/4471 3367/3817/4471 3090/3818/4471 3091/3819/4471
f 3363/3820/4472 3368/3816/4472 3091/3819/4472 3024/3821/4472
f 3362/3810/4465 3364/3822/4473 3365/3813/4468
f 3367/3817/4474 3366/3823/4474 3361/3824/4474 3090/3818/4474
f 3366/3823/4475 3365/3806/4475 3011/3809/4475 3361/3824/4475
f 3362/3810/4465 3363/3815/4470 3364/3822/4473
f 3364/3807/4476 3363/3820/4476 3024/3821/4476 3012/3808/4476
f 3372/3806/4477 3371/3807/4477 3353/3808/4477 3165/3809/4477
f 3369/3810/4465 3374/3811/4466 3375/3812/4467
f 3369/3810/4465 3372/3813/4468 3373/3814/4469
f 3369/3810/4465 3373/3814/4469 3374/3811/4466
f 3369/3810/4465 3375/3812/4467 3370/3815/4470
f 3375/3816/4478 3374/3817/4478 3168/3818/4478 3355/3819/4478
f 3370/3820/4479 3375/3816/4479 3355/3819/4479 3010/3821/4479
f 3369/3810/4465 3371/3822/4473 3372/3813/4468
f 3374/3817/4480 3373/3823/4480 3167/3824/4480 3168/3818/4480
f 3373/3823/4481 3372/3806/4481 3165/3809/4481 3167/3824/4481
f 3369/3810/4465 3370/3815/4470 3371/3822/4473
f 3371/3807/4482 3370/3820/4482 3010/3821/4482 3353/3808/4482
f 3278/3292/4462 3222/3289/3932 3376/3412/4076
f 3224/3404/4079 3223/3293/4461 3379/3301/3947 3093/3300/3946
f 3014/3272/3913 3013/3273/3957 3359/3531/4205 3380/3290/3933
f 3379/3301/3947 3356/3825/4483 3091/3798/4455
f 3012/3403/4060 3354/3402/4059 3380/3290/3933
f 3381/3826/4484 3377/3805/4463 3278/3292/4462
f 3376/3412/4076 3381/3826/4484 3278/3292/4462
f 3385/3806/4485 3384/3807/4485 3376/3808/4485 3354/3809/4485
f 3382/3810/4486 3387/3811/4487 3388/3812/4488
f 3382/3810/4486 3385/3813/4489 3386/3814/4490
f 3382/3810/4486 3386/3814/4490 3387/3811/4487
f 3382/3810/4486 3388/3812/4488 3383/3815/4491
f 3388/3816/4492 3387/3817/4492 3356/3818/4492 3377/3819/4492
f 3383/3820/4493 3388/3816/4493 3377/3819/4493 3381/3821/4493
f 3382/3810/4486 3384/3822/4494 3385/3813/4489
f 3387/3817/4495 3386/3823/4495 3378/3824/4495 3356/3818/4495
f 3386/3823/4496 3385/3806/4496 3354/3809/4496 3378/3824/4496
f 3382/3810/4486 3383/3815/4491 3384/3822/4494
f 3384/3807/4497 3383/3820/4497 3381/3821/4497 3376/3808/4497
f 3377/3805/4463 3356/3825/4483 3379/3301/3947
f 3223/3293/4461 3377/3805/4463 3379/3301/3947
f 3222/3289/3932 3380/3290/3933 3376/3412/4076
f 3011/3800/4457 3012/3403/4060 3359/3531/4205
f 3090/3796/4453 3360/3298/3944 3091/3798/4455
f 3024/3400/4058 3091/3798/4455 3356/3825/4483 3378/3401/4058
f 3167/3304/3953 3357/3295/3941 3063/3297/3943
f 3133/3437/4109 3358/3303/3952 3063/3305/3943
f 3062/3385/4039 3054/3384/4038 3052/3391/4045
f 3061/3393/4498 3062/3385/4039 3052/3391/4045
f 3132/3477/4499 3126/3383/4037 3062/3385/4039
f 3132/3477/4499 3131/3476/4156 3126/3383/4037
f 3061/3393/4498 3052/3391/4045 3060/3378/4047
f 3054/3467/4500 3047/3369/4023 3052/3367/4021
f 3118/3466/4136 3047/3369/4137 3126/3465/4135
f 3435/3827/4501 3396/3828/4502 3411/3829/4502 3432/3830/4503
f 3429/3831/4504 3403/3832/4505 3417/3833/4505 3426/3834/4504
f 3408/3835/4506 3412/3836/4506 3396/3837/4506 3395/3838/4506
f 3397/3839/4507 3400/3840/4507 3423/3841/4507 3424/3842/4507
f 3425/3843/4508 3397/3839/4509 3424/3842/4509 3430/3844/4510
f 3403/3845/4511 3404/3846/4511 3416/3847/4511 3418/3848/4511
f 3434/3849/4512 3402/3850/4513 3414/3851/4514 3433/3852/4515
f 3431/3853/4516 3392/3854/4517 3422/3855/4517 3436/3856/4518
f 3401/3857/4519 3399/3858/4520 3419/3859/4521 3415/3860/4522
f 3428/3861/4523 3391/3862/4524 3406/3863/4525 3427/3864/4526
f 3390/3865/4527 3394/3866/4528 3409/3867/4529 3407/3868/4530
f 3389/3869/4531 3390/3865/4527 3391/3862/4524
f 3392/3870/4532 3393/3871/4533 3394/3866/4528
f 3397/3872/4534 3398/3873/4535 3399/3858/4520
f 3400/3874/4536 3401/3857/4519 3402/3850/4513
f 3405/3875/4537 3406/3876/4525 3407/3877/4530 3408/3878/4538
f 3409/3879/4529 3410/3880/4539 3411/3881/4540 3412/3882/4541
f 3413/3883/4542 3414/3884/4514 3415/3885/4522 3416/3886/4543
f 3417/3887/4544 3418/3888/4545 3419/3889/4521 3420/3890/4546
f 3395/3891/4547 3405/3892/4547 3408/3893/4547
f 3407/3877/4530 3409/3879/4529 3412/3882/4541 3408/3878/4538
f 3411/3829/4548 3396/3828/4548 3412/3894/4548
f 3417/3833/4549 3403/3832/4549 3418/3895/4549
f 3404/3896/4550 3413/3897/4550 3416/3898/4550
f 3415/3885/4522 3419/3889/4521 3418/3888/4545 3416/3886/4543
f 3426/3899/4551 3417/3887/4544 3420/3890/4546 3427/3900/4526
f 3432/3901/4552 3411/3881/4540 3410/3880/4539 3433/3902/4515
f 3389/3869/4531 3392/3870/4532 3394/3866/4528 3390/3865/4527
f 3400/3874/4536 3397/3872/4534 3399/3858/4520 3401/3857/4519
f 3428/3861/4523 3398/3873/4535 3397/3872/4534 3425/3903/4553
f 3434/3849/4512 3393/3871/4533 3392/3870/4532 3431/3904/4554
f 3406/3863/4525 3391/3862/4524 3390/3865/4527 3407/3868/4530
f 3393/3871/4533 3410/3905/4539 3409/3867/4529 3394/3866/4528
f 3414/3851/4514 3402/3850/4513 3401/3857/4519 3415/3860/4522
f 3398/3873/4535 3420/3906/4546 3419/3859/4521 3399/3858/4520
f 3392/3854/4555 3389/3907/4555 3421/3908/4555 3422/3855/4555
f 3391/3862/4524 3428/3861/4523 3425/3903/4553 3389/3869/4531
f 3405/3875/4537 3426/3899/4551 3427/3900/4526 3406/3876/4525
f 3398/3873/4535 3428/3861/4523 3427/3864/4526 3420/3906/4546
f 3389/3907/4556 3425/3843/4508 3430/3844/4510 3421/3908/4556
f 3395/3891/4557 3429/3831/4504 3426/3834/4504 3405/3892/4557
f 3402/3850/4513 3434/3849/4512 3431/3904/4554 3400/3874/4536
f 3413/3883/4542 3432/3901/4552 3433/3902/4515 3414/3884/4514
f 3400/3840/4558 3431/3853/4516 3436/3856/4518 3423/3841/4558
f 3393/3871/4533 3434/3849/4512 3433/3852/4515 3410/3905/4539
f 3404/3896/4559 3435/3827/4501 3432/3830/4503 3413/3897/4559
f 3441/3909/4560 3452/3910/4561 3450/3911/4561 3438/3912/4560
f 3444/3913/4562 3440/3914/4562 3450/3911/4561 3452/3910/4561
f 3451/3915/4563 3443/3916/4564 3444/3917/4565 3452/3918/4566
f 3443/3919/4567 3439/3920/4568 3440/3914/4569 3444/3913/4569
f 3445/3921/4570 3447/3922/4570 3442/3923/4571 3437/3924/4572
f 3442/3925/4573 3447/3926/4574 3449/3927/4575 3451/3915/4563
f 3443/3919/4567 3448/3928/4576 3446/3929/4576 3439/3920/4568
f 3448/3930/4577 3443/3916/4564 3451/3915/4563 3449/3927/4575
f 3442/3925/4573 3451/3915/4563 3452/3918/4566 3441/3931/4578
f 3437/3924/4572 3442/3923/4571 3441/3909/4579 3438/3912/4579
